season,team,conference,off_ppa,off_successRate,off_explosiveness,off_havoc_total,off_lineYards,off_stuffRate,def_ppa,def_successRate,def_explosiveness,def_havoc_total,def_lineYards,def_stuffRate,net_ppa,net_successRate,net_havoc,sp_rating,sp_ranking,sp_off_rating,sp_def_rating,sp_st_rating,ret_percentPPA,ret_usage,recruit_rank,recruit_points,talent,games,wins,losses,win_pct,avg_margin,ats_games,ats_cover_pct
2022,Air Force,Mountain West,0.28776433339071095,0.49347568208778175,1.072864185255786,0.099,3.601740294511379,0.09236947791164658,0.08254078263829895,0.390625,1.1356227656686826,0.193,3.091641791044776,0.14328358208955225,0.205223550752412,0.10285068208778175,0.094,3.9,58.0,16.3,12.3,-0.1,0.733,0.861,114.0,110.12,0.0,13.0,10.0,3.0,0.7692307692307693,14.461538461538462,13.0,0.5384615384615384
2022,Akron,Mid-American,0.07319895643843846,0.40991535671100365,1.1627215909732214,0.224,3.0475409836065572,0.17049180327868851,0.24398792754678572,0.4416445623342175,1.319360845258805,0.151,3.097799511002445,0.1687041564792176,-0.17078897110834726,-0.03172920562321385,-0.07300000000000001,-23.4,127.0,16.7,38.5,-1.6,0.203,0.467,127.0,81.7,456.15,12.0,2.0,10.0,0.16666666666666666,-11.75,11.0,0.6363636363636364
2022,Alabama,SEC,0.298576334062069,0.47268673355629875,1.3564059739988616,0.134,2.9851598173515983,0.19406392694063926,0.02186610876444248,0.3775055679287305,1.1342142444222185,0.179,2.829342723004695,0.22065727699530516,0.2767102252976265,0.09518116562756823,0.044999999999999984,30.3,4.0,42.9,14.2,1.6,0.552,0.586,2.0,322.25,1016.79,13.0,11.0,2.0,0.8461538461538461,22.923076923076923,13.0,0.5384615384615384
2022,App State,Sun Belt,0.2561197762970913,0.45664739884393063,1.285968330492176,0.108,3.3989384288747346,0.12738853503184713,0.17887160936725363,0.4120603015075377,1.2832488424794455,0.168,3.005037783375315,0.15365239294710328,0.07724816692983769,0.044587097336392933,0.06000000000000001,1.7,65.0,32.9,29.8,-1.4,0.555,0.673,83.0,144.67,456.66,12.0,6.0,6.0,0.5,8.166666666666666,12.0,0.25
2022,Arizona,Pac-12,0.2549665014847535,0.4728877679697352,1.3599636094276408,0.159,3.306769230769231,0.1753846153846154,0.31730315733812975,0.5302663438256658,1.1339302907233495,0.13,3.642789598108747,0.14420803782505912,-0.06233665585337622,-0.05737857585593065,-0.028999999999999998,-3.2,78.0,37.6,41.1,0.2,0.563,0.825,22.0,224.38,652.06,12.0,5.0,7.0,0.4166666666666667,-5.666666666666667,12.0,0.5
2022,Arizona State,Pac-12,0.22573213597958572,0.44501278772378516,1.2394278651078066,0.162,3.1985915492957746,0.18309859154929578,0.23884716049134352,0.4650602409638554,1.2134533267840169,0.145,3.4422330097087377,0.1407766990291262,-0.013115024511757806,-0.020047453240070234,-0.017000000000000015,-4.1,82.0,30.5,35.7,1.1,0.139,0.134,103.0,120.17,670.18,12.0,3.0,9.0,0.25,-5.333333333333333,12.0,0.4166666666666667
2022,Arkansas,SEC,0.2171703238462489,0.4580712788259958,1.2388333972978591,0.153,3.3025996533795494,0.1854419410745234,0.24203832565166356,0.43147751605995716,1.395004315073056,0.157,3.060485651214128,0.16997792494481237,-0.024868001805414652,0.026593762766038642,0.0040000000000000036,12.0,29.0,38.3,26.3,0.0,0.681,0.744,28.0,217.69,741.06,13.0,7.0,6.0,0.5384615384615384,1.9230769230769231,13.0,0.5384615384615384
2022,Arkansas State,Sun Belt,0.09468889563080822,0.36304909560723514,1.3187191915804068,0.212,2.3005763688760807,0.2824207492795389,0.21028047343654835,0.4280532043530834,1.2961658615401117,0.177,2.882391304347826,0.20217391304347826,-0.11559157780574013,-0.06500410874584828,-0.035,-13.0,106.0,23.7,38.5,1.8,0.203,0.252,67.0,166.63,471.65,12.0,3.0,9.0,0.25,-6.416666666666667,12.0,0.5833333333333334
2022,Army,FBS Independents,0.23729609818827077,0.44813278008298757,1.107947211407377,0.113,3.4323051948051946,0.08928571428571429,0.15629088598760765,0.45964432284541723,1.086478928026755,0.124,3.387248322147651,0.1297539149888143,0.08100521220066312,-0.01151154276242966,0.010999999999999996,-1.5,73.0,24.6,25.3,-0.9,0.618,0.525,158.0,18.34,17.27,12.0,6.0,6.0,0.5,6.083333333333333,12.0,0.5833333333333334
2022,Auburn,SEC,0.16190924011343946,0.3843236409608091,1.3956854425607679,0.185,2.9684782608695652,0.21739130434782608,0.1650742486459748,0.42303172737955347,1.203961345298555,0.15,3.087440758293839,0.17535545023696683,-0.003165008532535346,-0.03870808641874435,-0.035,5.1,54.0,32.6,27.9,0.5,0.452,0.558,21.0,229.35,783.87,12.0,5.0,7.0,0.4166666666666667,-4.75,12.0,0.4166666666666667
2022,BYU,FBS Independents,0.2755803290202213,0.4549819927971189,1.348203784517309,0.122,3.2768691588785046,0.17289719626168223,0.2460714449746604,0.47613762486126526,1.1578246498043223,0.121,3.4245283018867925,0.12159329140461216,0.029508884045560874,-0.02115563206414639,-0.0010000000000000009,-1.4,72.0,34.3,34.8,-0.8,0.619,0.587,55.0,181.5,415.19,13.0,8.0,5.0,0.6153846153846154,1.8461538461538463,12.0,0.4166666666666667
2022,Ball State,Mid-American,0.10336902960334983,0.4034285714285714,1.135431057132714,0.173,3.235114503816794,0.13994910941475827,0.1548136398169237,0.43193997856377275,1.1530167617562568,0.16,3.233531746031746,0.12301587301587301,-0.05144461021357387,-0.02851140713520134,-0.012999999999999984,-14.9,113.0,16.0,30.1,-0.7,0.37,0.459,97.0,127.25,345.29,12.0,5.0,7.0,0.4166666666666667,-3.6666666666666665,12.0,0.5
2022,Baylor,Big 12,0.20980381950734478,0.4581447963800905,1.2464990152635422,0.131,3.240329218106996,0.1440329218106996,0.17694547704810443,0.4324644549763033,1.1860862533636254,0.173,3.0876126126126127,0.14864864864864866,0.03285834245924035,0.025680341403787166,0.04199999999999998,11.7,30.0,37.6,26.1,0.2,0.209,0.171,37.0,208.03,666.05,13.0,6.0,7.0,0.46153846153846156,5.3076923076923075,13.0,0.5384615384615384
2022,Boise State,Mountain West,0.22616423886582054,0.4349240780911063,1.1985311410987258,0.153,3.3333333333333335,0.1378026070763501,0.0715083852873385,0.34834123222748814,1.2580239771867276,0.172,2.97199124726477,0.14660831509846828,0.15465585357848205,0.08658284586361814,0.01899999999999999,5.7,52.0,24.1,18.5,0.1,0.648,0.635,62.0,174.52,533.92,14.0,10.0,4.0,0.7142857142857143,10.0,14.0,0.46153846153846156
2022,Boston College,ACC,0.08850535995643632,0.3645699614890886,1.3360218398894348,0.226,2.2973941368078177,0.2768729641693811,0.1684177791997858,0.410941475826972,1.2752060079298397,0.184,2.9157142857142855,0.1880952380952381,-0.07991241924334946,-0.04637151433788339,-0.04200000000000001,-14.9,113.0,20.4,33.8,-1.5,0.636,0.597,40.0,202.55,664.63,12.0,3.0,9.0,0.25,-12.583333333333334,12.0,0.3333333333333333
2022,Bowling Green,Mid-American,0.09798344579928206,0.3882646691635456,1.2422054959196405,0.218,3.0367521367521366,0.17094017094017094,0.16870050959976096,0.42312008978675647,1.2998013574057818,0.168,3.1401785714285713,0.140625,-0.0707170638004789,-0.0348554206232109,-0.04999999999999999,-18.1,122.0,23.8,40.6,-1.2,1.038,0.993,109.0,115.82,415.08,13.0,6.0,7.0,0.46153846153846156,-9.076923076923077,13.0,0.3333333333333333
2022,Buffalo,Mid-American,0.13607989032203172,0.41877637130801687,1.1791350453243576,0.185,2.89875,0.15416666666666667,0.13681525366859826,0.3972772277227723,1.393720704097288,0.2,2.998989898989899,0.1994949494949495,-0.0007353633465665421,0.021499143585244573,0.015000000000000013,-9.2,97.0,25.0,35.0,0.8,0.344,0.363,81.0,147.86,370.96,13.0,7.0,6.0,0.5384615384615384,1.8461538461538463,13.0,0.5384615384615384
2022,California,Pac-12,0.1854762503162848,0.3900255754475703,1.3748598313366085,0.162,2.995847750865052,0.1972318339100346,0.19415745620342725,0.4948805460750853,1.0916648551358394,0.13,3.3635922330097086,0.14805825242718446,-0.00868120588714244,-0.10485497062751498,-0.032,-3.0,77.0,23.2,25.9,-0.3,0.211,0.226,59.0,175.53,653.31,12.0,4.0,8.0,0.3333333333333333,-3.9166666666666665,12.0,0.5833333333333334
2022,Central Michigan,Mid-American,0.12155418535839338,0.402187120291616,1.3063924761828007,0.211,3.2059701492537314,0.14676616915422885,0.14969272090736221,0.41127098321342925,1.278560699036645,0.206,2.8867749419953594,0.18097447795823665,-0.028138535548968835,-0.009083862921813235,-0.0050000000000000044,-14.0,111.0,19.0,32.2,-0.8,0.67,0.7,84.0,144.51,384.48,12.0,4.0,8.0,0.3333333333333333,-3.4166666666666665,12.0,0.4166666666666667
2022,Charlotte,Conference USA,0.11171720414023036,0.4400977995110024,1.2671578471821459,0.154,3.1649275362318843,0.17391304347826086,0.3473391457699048,0.4883148831488315,1.3473992979243836,0.124,3.326280623608018,0.15367483296213807,-0.23562194162967448,-0.04821708363782906,-0.03,-16.4,118.0,24.0,39.2,-1.2,0.838,0.916,107.0,117.06,487.24,12.0,3.0,9.0,0.25,-15.0,12.0,0.3333333333333333
2022,Cincinnati,American Athletic,0.19262800963556306,0.40625,1.2921515247031692,0.153,3.0722513089005234,0.13612565445026178,0.06051625984373922,0.3669222343921139,1.2289189157484914,0.187,2.9544,0.162,0.13211174979182383,0.03932776560788609,0.034,13.1,24.0,27.6,16.1,1.5,0.272,0.241,42.0,197.75,650.89,13.0,9.0,4.0,0.6923076923076923,8.615384615384615,12.0,0.18181818181818182
2022,Clemson,ACC,0.175403077414514,0.45356793743890517,1.1330364228483785,0.14,3.2971209213051824,0.1401151631477927,0.05185999835163096,0.3776824034334764,1.22529330753292,0.208,2.5341584158415844,0.2524752475247525,0.12354307906288303,0.07588553400542875,0.06799999999999998,17.6,13.0,34.9,18.5,1.2,0.458,0.621,10.0,260.87,943.0,14.0,11.0,3.0,0.7857142857142857,12.357142857142858,14.0,0.5
2022,Coastal Carolina,Sun Belt,0.2343124562688921,0.45847554038680316,1.2575356366748258,0.14,3.101440329218107,0.1522633744855967,0.24627267909635234,0.4328180737217598,1.4048184361837492,0.181,2.8287128712871286,0.2079207920792079,-0.011960222827460232,0.02565746666504337,0.04099999999999998,0.6,69.0,32.7,30.6,-1.5,0.578,0.623,69.0,165.67,446.58,13.0,9.0,4.0,0.6923076923076923,-2.769230769230769,13.0,0.38461538461538464
2022,Colorado,Pac-12,0.03692832375163835,0.3729281767955801,1.207819043619551,0.215,2.8341880341880343,0.16809116809116809,0.39537370771540187,0.5396825396825397,1.2878569508872892,0.118,3.424945770065076,0.16919739696312364,-0.3584453839637635,-0.16675436288695955,-0.097,-20.4,124.0,24.0,45.0,0.7,0.694,0.717,47.0,192.38,616.28,12.0,1.0,11.0,0.08333333333333333,-29.083333333333332,12.0,0.16666666666666666
2022,Colorado State,Mountain West,0.009098906258832994,0.332398316970547,1.3975812578218612,0.234,2.8902140672782877,0.20795107033639143,0.17005864003029453,0.4313487241798299,1.1700633743547528,0.168,3.1024608501118567,0.15883668903803133,-0.16095973377146153,-0.09895040720928289,-0.066,-22.2,125.0,7.8,29.0,-1.0,0.277,0.422,78.0,152.84,431.38,12.0,3.0,9.0,0.25,-13.75,12.0,0.5
2022,Duke,ACC,0.2456191462841902,0.44340723453908987,1.2836900322153086,0.145,3.4098876404494383,0.12359550561797752,0.1390444934647132,0.4358974358974359,1.1693296374288373,0.184,2.977922077922078,0.17142857142857143,0.106574652819477,0.007509798641653964,0.03900000000000001,5.0,55.0,29.4,24.7,0.3,0.376,0.329,52.0,186.78,603.98,13.0,9.0,4.0,0.6923076923076923,10.76923076923077,13.0,0.6923076923076923
2022,East Carolina,American Athletic,0.26608472742860534,0.4397790055248619,1.3800338789156668,0.159,2.946928746928747,0.24324324324324326,0.21346792060435338,0.44755244755244755,1.2601024553553581,0.158,2.837215189873418,0.20506329113924052,0.05261680682425196,-0.007773442027585675,-0.0010000000000000009,1.1,68.0,31.5,28.7,-1.7,0.747,0.873,85.0,143.29,494.82,13.0,8.0,5.0,0.6153846153846154,5.384615384615385,13.0,0.6153846153846154
2022,Eastern Michigan,Mid-American,0.23995137983650502,0.47163515016685204,1.1436280283626905,0.157,3.248559670781893,0.1419753086419753,0.19818679418790952,0.44180790960451977,1.1241120370117008,0.151,3.4658590308370045,0.08149779735682819,0.041764585648595504,0.02982724056233227,-0.006000000000000005,-7.1,90.0,24.0,32.4,1.3,0.504,0.451,128.0,77.97,404.1,13.0,9.0,4.0,0.6923076923076923,1.3076923076923077,13.0,0.5384615384615384
2022,Florida,SEC,0.2459772971298007,0.4081145584725537,1.4758536493140073,0.126,3.2127753303964757,0.17180616740088106,0.20889004733807895,0.44728079911209767,1.2853725392194266,0.139,3.153861788617886,0.15040650406504066,0.03708724979172176,-0.03916624063954399,0.013000000000000012,10.4,34.0,39.6,29.5,0.3,0.31,0.302,17.0,232.99,856.95,13.0,6.0,7.0,0.46153846153846156,0.6923076923076923,13.0,0.5384615384615384
2022,Florida Atlantic,Conference USA,0.19590580013182068,0.4307334109429569,1.2619439184700556,0.132,3.1729559748427674,0.16142557651991615,0.18851272754521897,0.44168734491315137,1.2729290433878633,0.154,3.2024813895781636,0.1513647642679901,0.007393072586601712,-0.010953933970194452,0.021999999999999992,-7.1,90.0,24.4,30.4,-1.1,0.825,0.746,124.0,94.73,550.51,12.0,5.0,7.0,0.4166666666666667,3.1666666666666665,12.0,0.5
2022,Florida International,Conference USA,0.0443115839812273,0.3763702801461632,1.2567887902071955,0.184,2.919345238095238,0.18452380952380953,0.2504975483270061,0.4649610678531702,1.208955328834059,0.136,3.2021505376344086,0.10967741935483871,-0.2061859643457788,-0.08859078770700701,-0.04799999999999999,-25.5,129.0,18.4,42.3,-1.6,0.444,0.372,,,459.71,12.0,4.0,8.0,0.3333333333333333,-18.583333333333332,12.0,0.4166666666666667
2022,Florida State,ACC,0.33180452556898576,0.48164627363737483,1.3767438758868074,0.15,3.3487704918032786,0.16188524590163936,0.1349709062756362,0.4188235294117647,1.1396488572395183,0.166,3.3349137931034485,0.14439655172413793,0.19683361929334955,0.06282274422561013,0.016000000000000014,13.2,23.0,34.8,20.4,-1.3,0.738,0.598,20.0,229.46,780.76,13.0,10.0,3.0,0.7692307692307693,15.461538461538462,13.0,0.6153846153846154
2022,Fresno State,Mountain West,0.2363588784201124,0.4766050054406964,1.1317816427641145,0.12,3.0833729216152017,0.14489311163895488,0.1236472982021918,0.387308533916849,1.2731669846147335,0.193,3.113377192982456,0.19517543859649122,0.11271158021792062,0.0892964715238474,0.07300000000000001,3.3,59.0,27.1,24.4,0.6,0.86,0.791,72.0,163.46,502.26,14.0,10.0,4.0,0.7142857142857143,11.142857142857142,14.0,0.5
2022,Georgia,SEC,0.3589035571001747,0.5303176130895092,1.209900753464401,0.108,3.2129151291512916,0.1752767527675277,0.020442068368537448,0.35049288061336253,1.222969290286054,0.16,2.5756830601092897,0.1994535519125683,0.33846148873163723,0.17982473247614666,0.052000000000000005,35.3,1.0,37.2,3.7,1.7,0.683,0.63,3.0,318.34,989.76,15.0,15.0,0.0,1.0,26.8,15.0,0.5333333333333333
2022,Georgia Southern,Sun Belt,0.2503891256563746,0.4569672131147541,1.2654649987007633,0.149,3.0584022038567493,0.162534435261708,0.24927316482599074,0.45397489539748953,1.2546878438284883,0.131,3.580739299610895,0.1303501945525292,0.001115960830383872,0.0029923177172645476,-0.017999999999999988,-6.4,88.0,34.3,40.3,-0.4,0.695,0.403,110.0,115.78,414.14,13.0,6.0,7.0,0.46153846153846156,1.0769230769230769,13.0,0.5384615384615384
2022,Georgia State,Sun Belt,0.1636987391784849,0.40298507462686567,1.3259434328280424,0.17,3.148168498168498,0.16666666666666666,0.14452770977915066,0.4266984505363528,1.256249496459608,0.161,3.0532150776053215,0.17516629711751663,0.01917102939933424,-0.023713375909487133,-0.009000000000000008,-3.3,79.0,33.7,38.3,1.4,0.841,0.79,100.0,124.06,471.84,12.0,4.0,8.0,0.3333333333333333,-1.1666666666666667,12.0,0.5454545454545454
2022,Georgia Tech,ACC,0.02703855965236402,0.35591133004926107,1.2669481265167362,0.208,2.9031088082901553,0.21243523316062177,0.13721135234428208,0.4376443418013857,1.1721012046948371,0.164,3.2293617021276595,0.15106382978723404,-0.11017279269191807,-0.0817330117521246,-0.043999999999999984,-11.8,102.0,18.8,29.5,-1.1,0.629,0.407,54.0,184.81,715.48,12.0,5.0,7.0,0.4166666666666667,-11.25,12.0,0.5
2022,Hawai'i,Mountain West,0.07502997050519641,0.4,1.1856099577176,0.158,3.348684210526316,0.13157894736842105,0.29531630927546676,0.4642438452520516,1.2809609045095645,0.124,3.505781584582441,0.13062098501070663,-0.22028633877027035,-0.06424384525205157,-0.034,-24.7,128.0,15.8,39.4,-1.1,0.243,0.282,126.0,84.97,419.54,13.0,3.0,10.0,0.23076923076923078,-14.923076923076923,12.0,0.6666666666666666
2022,Houston,American Athletic,0.3137011600478198,0.470917225950783,1.30319750787127,0.151,3.34251968503937,0.16535433070866143,0.19981388245442885,0.425,1.3542708835421071,0.188,2.779294117647059,0.20470588235294118,0.11388727759339093,0.045917225950783014,0.037000000000000005,4.5,57.0,42.5,37.7,-0.3,0.77,0.834,50.0,187.64,629.12,13.0,8.0,5.0,0.6153846153846154,3.923076923076923,13.0,0.38461538461538464
2022,Illinois,Big Ten,0.13691186068894431,0.43675675675675674,1.0586587445318347,0.126,3.07852998065764,0.16054158607350097,-0.037709418881590795,0.32254047322540474,1.279927562518879,0.22,2.61041095890411,0.2219178082191781,0.1746212795705351,0.11421628353135199,0.094,15.9,17.0,20.6,5.5,0.8,0.55,0.694,46.0,192.59,631.46,13.0,8.0,5.0,0.6153846153846154,11.461538461538462,13.0,0.6153846153846154
2022,Indiana,Big Ten,0.06881828961055937,0.3710045662100457,1.1736860802613018,0.203,2.9341666666666666,0.16666666666666666,0.19096185474083602,0.4365426695842451,1.19862401212493,0.138,2.9252525252525254,0.1595959595959596,-0.12214356513027665,-0.06553810337419941,-0.065,-7.1,90.0,29.9,36.6,-0.4,0.245,0.377,26.0,219.8,680.74,12.0,4.0,8.0,0.3333333333333333,-10.666666666666666,12.0,0.3333333333333333
2022,Iowa,Big Ten,-0.019944170341112812,0.35324675324675325,1.1375237877985238,0.182,2.5002631578947367,0.21842105263157896,-0.042806559712885016,0.35650224215246634,0.9864356670032391,0.174,2.597752808988764,0.17752808988764046,0.022862389371772204,-0.0032554889057130887,-0.008000000000000007,12.7,26.0,16.0,5.1,1.7,0.919,0.648,30.0,215.05,681.98,13.0,8.0,5.0,0.6153846153846154,4.384615384615385,13.0,0.6153846153846154
2022,Iowa State,Big 12,0.08894527933505346,0.3909512761020882,1.2007045751727001,0.153,2.6113573407202217,0.19390581717451524,0.0913020811597735,0.403068340306834,1.0432527485729837,0.17,2.9158730158730157,0.2037037037037037,-0.002356801824720034,-0.012117064204745842,0.017000000000000015,5.3,53.0,17.7,10.6,-1.7,0.31,0.222,39.0,205.08,590.43,12.0,4.0,8.0,0.3333333333333333,-0.08333333333333333,12.0,0.4166666666666667
2022,James Madison,Sun Belt,0.18410055819441845,0.4491315136476427,1.210631015567012,0.159,3.113785557986871,0.1925601750547046,0.007023828595033152,0.2962406015037594,1.4637312427563467,0.243,2.1296178343949044,0.2643312101910828,0.1770767295993853,0.15289091214388328,0.08399999999999999,6.5,51.0,31.3,23.6,-1.2,,,156.0,21.94,104.24,11.0,8.0,3.0,0.7272727272727273,16.09090909090909,11.0,0.6363636363636364
2022,Kansas,Big 12,0.3350283872998745,0.45145631067961167,1.4458780595773675,0.133,3.277880184331797,0.16129032258064516,0.2726381221819325,0.4684052156469408,1.2045850794247481,0.118,3.4794063079777366,0.11688311688311688,0.06239026511794199,-0.016948904967329148,-0.015000000000000013,2.9,61.0,40.6,36.0,-1.7,0.727,0.722,116.0,106.28,574.29,13.0,6.0,7.0,0.46153846153846156,0.15384615384615385,13.0,0.5833333333333334
2022,Kansas State,Big 12,0.2320973229370398,0.42555438225976766,1.3259820418437585,0.121,3.225276752767528,0.16605166051660517,0.09709827979215015,0.3877118644067797,1.2579668668456532,0.145,3.1404395604395603,0.17142857142857143,0.13499904314488964,0.03784251785298798,0.023999999999999994,21.4,9.0,36.4,15.7,0.6,0.541,0.585,63.0,173.32,584.68,14.0,10.0,4.0,0.7142857142857143,10.428571428571429,14.0,0.6428571428571429
2022,Kent State,Mid-American,0.2050860889294433,0.44509345794392524,1.201413857801755,0.173,3.3526530612244896,0.1346938775510204,0.2163719323891736,0.4582392776523702,1.2066327097117566,0.142,3.034549356223176,0.16738197424892703,-0.0112858434597303,-0.013145819708444972,-0.031,-13.1,108.0,25.6,37.9,-0.7,0.458,0.49,90.0,136.64,386.94,12.0,5.0,7.0,0.4166666666666667,-0.5833333333333334,12.0,0.4166666666666667
2022,Kentucky,SEC,0.09988399350281565,0.3985239852398524,1.2419524303925358,0.18,3.0235011990407674,0.2158273381294964,0.0660616036351632,0.3695090439276486,1.2377826431713597,0.142,2.953381642512077,0.18840579710144928,0.03382238986765246,0.02901494131220378,-0.038000000000000006,13.0,25.0,23.2,9.9,-0.3,0.621,0.642,14.0,240.16,737.33,13.0,7.0,6.0,0.5384615384615384,1.1538461538461537,13.0,0.6153846153846154
2022,LSU,SEC,0.2813201344141205,0.5090361445783133,1.180468755967459,0.126,3.605307855626327,0.12314225053078556,0.11163604927690222,0.39358288770053473,1.266321085365991,0.148,2.863825363825364,0.1995841995841996,0.16968408513721828,0.11545325687777852,0.021999999999999992,16.2,14.0,34.2,17.6,-0.5,0.484,0.287,12.0,245.76,872.61,14.0,10.0,4.0,0.7142857142857143,12.0,14.0,0.5714285714285714
2022,Liberty,FBS Independents,0.13018658279759113,0.41301907968574636,1.278165186873884,0.194,3.1416851441241684,0.19068736141906872,0.07016194910121601,0.3624454148471616,1.3072662139414104,0.223,2.59661733615222,0.24101479915433405,0.06002463369637512,0.050573664838584775,0.028999999999999998,-1.5,73.0,24.1,25.4,-0.2,0.36,0.255,98.0,126.37,161.88,13.0,8.0,5.0,0.6153846153846154,2.923076923076923,13.0,0.46153846153846156
2022,Louisiana,Sun Belt,0.10628766917420297,0.4024663677130045,1.197740704870437,0.16,3.087759815242494,0.18244803695150116,0.15347338482627304,0.4052812858783008,1.2424812478757095,0.161,3.1547344110854505,0.15011547344110854,-0.04718571565207007,-0.0028149181652963318,0.0010000000000000009,2.0,64.0,21.7,20.3,0.7,0.363,0.28,111.0,115.71,458.15,13.0,6.0,7.0,0.46153846153846156,3.3076923076923075,13.0,0.5384615384615384
2022,Louisiana Tech,Conference USA,0.12273788750969218,0.38782816229116945,1.3971930658009077,0.214,2.691466666666667,0.192,0.24479150931129842,0.4382284382284382,1.3546413065550462,0.143,3.395670995670996,0.14285714285714285,-0.12205362180160624,-0.05040027593726876,-0.07100000000000001,-17.8,121.0,29.6,47.0,-0.4,0.322,0.269,88.0,140.27,473.76,12.0,3.0,9.0,0.25,-8.916666666666666,12.0,0.5
2022,Louisville,ACC,0.16022650859908788,0.40774487471526194,1.3294341603821307,0.15,3.090816326530612,0.20204081632653062,0.031200929242661646,0.39737470167064437,1.214354250381846,0.196,2.892147806004619,0.21709006928406466,0.12902557935642622,0.01037017304461757,0.04600000000000001,9.0,39.0,27.0,19.1,1.1,0.641,0.653,51.0,187.58,625.42,13.0,8.0,5.0,0.6153846153846154,7.769230769230769,13.0,0.6153846153846154
2022,Marshall,Sun Belt,0.08241675696502157,0.4191866527632951,1.1329725926984944,0.152,2.968849557522124,0.20353982300884957,-0.04304763103153701,0.30806257521058966,1.3366474208769419,0.189,2.5325396825396824,0.26455026455026454,0.12546438799655857,0.11112407755270542,0.037000000000000005,3.0,60.0,15.7,11.4,-1.3,0.506,0.408,57.0,176.47,455.3,13.0,9.0,4.0,0.6923076923076923,8.461538461538462,13.0,0.5384615384615384
2022,Maryland,Big Ten,0.20538722556157787,0.42168674698795183,1.2949447530957605,0.158,2.9853488372093024,0.1744186046511628,0.07608904715966462,0.3930885529157667,1.146103193725765,0.133,2.9360091743119265,0.1743119266055046,0.12929817840191327,0.028598194072185112,-0.024999999999999994,11.2,32.0,33.8,24.2,1.7,0.711,0.676,31.0,213.62,680.22,13.0,8.0,5.0,0.6153846153846154,5.0,13.0,0.5384615384615384
2022,Massachusetts,FBS Independents,-0.01937196678982558,0.32040050062578224,1.1090468470546335,0.184,2.830938123752495,0.1656686626746507,0.18230727754989565,0.4064602960969044,1.3550210763759427,0.18,3.2010893246187364,0.19607843137254902,-0.20167924433972123,-0.08605979547112219,-0.0040000000000000036,-30.3,131.0,7.5,36.4,-1.4,0.781,0.848,117.0,105.95,292.14,12.0,1.0,11.0,0.08333333333333333,-18.583333333333332,12.0,0.4166666666666667
2022,Memphis,American Athletic,0.1967897041107217,0.45291005291005293,1.1890339560274659,0.156,2.9954545454545456,0.18831168831168832,0.13301535764309566,0.42075892857142855,1.2017633222622068,0.138,2.8521028037383176,0.17523364485981308,0.06377434646762603,0.03215112433862438,-0.017999999999999988,6.8,49.0,37.0,31.8,1.7,0.753,0.797,58.0,176.39,533.26,13.0,7.0,6.0,0.5384615384615384,9.307692307692308,13.0,0.5384615384615384
2022,Miami,ACC,0.13793011719095627,0.453416149068323,1.1156008273205409,0.174,3.1698369565217392,0.1766304347826087,0.1451870921750213,0.4166666666666667,1.282875082614682,0.211,2.9167525773195875,0.1958762886597938,-0.007256974984065023,0.03674948240165632,0.037000000000000005,-2.7,76.0,24.4,28.9,1.7,0.678,0.589,16.0,235.03,854.72,12.0,5.0,7.0,0.4166666666666667,-3.1666666666666665,12.0,0.16666666666666666
2022,Miami (OH),Mid-American,0.08820558018609582,0.37103448275862067,1.2873186913312211,0.179,2.9162025316455695,0.19746835443037974,0.14231536260558275,0.4148148148148148,1.2167980448107676,0.173,2.8803713527851458,0.15649867374005305,-0.054109782419486926,-0.04378033205619414,-0.006000000000000005,-12.7,104.0,8.6,22.1,0.7,0.655,0.737,77.0,152.97,397.26,13.0,6.0,7.0,0.46153846153846156,-2.3846153846153846,13.0,0.46153846153846156
2022,Michigan,Big Ten,0.2777812945929461,0.5025746652935118,1.2044352448909803,0.117,3.229982964224872,0.15843270868824533,0.030513089588508097,0.3621867881548975,1.1767326931775945,0.162,2.6557291666666667,0.16927083333333334,0.247268205004438,0.14038787713861428,0.045,32.0,2.0,38.0,7.6,1.6,0.78,0.741,9.0,262.13,847.24,14.0,13.0,1.0,0.9285714285714286,24.357142857142858,14.0,0.5714285714285714
2022,Michigan State,Big Ten,0.1394488709323528,0.407503234152652,1.2616053888431582,0.163,2.7596541786743516,0.20461095100864554,0.21426614011935952,0.4497663551401869,1.2042167686693146,0.148,3.0573839662447257,0.17932489451476794,-0.07481726918700671,-0.04226312098753493,-0.015000000000000013,1.2,67.0,31.9,29.7,-1.0,0.711,0.644,24.0,221.83,693.91,12.0,5.0,7.0,0.4166666666666667,-3.0,12.0,0.5
2022,Middle Tennessee,Conference USA,0.10645135887587782,0.3953488372093023,1.261582412698819,0.174,2.662439024390244,0.1975609756097561,0.0795714507788782,0.40436590436590436,1.3253537403106856,0.194,2.621256038647343,0.24154589371980675,0.026879908096999625,-0.009017067156602054,0.020000000000000018,-6.9,89.0,25.6,33.3,0.8,0.714,0.604,120.0,102.04,425.43,13.0,8.0,5.0,0.6153846153846154,1.1538461538461537,13.0,0.5384615384615384
2022,Minnesota,Big Ten,0.23976627836514403,0.48226950354609927,1.1018014234410538,0.124,3.331891891891892,0.12792792792792793,0.10645744344929225,0.3669724770642202,1.2597943744005957,0.131,2.946814404432133,0.16897506925207756,0.13330883491585177,0.11529702648187906,0.007000000000000006,16.0,16.0,23.5,8.6,1.1,0.866,0.674,49.0,189.38,649.43,13.0,9.0,4.0,0.6923076923076923,14.384615384615385,13.0,0.5384615384615384
2022,Mississippi State,SEC,0.1653262350500329,0.4648648648648649,1.0936568873277785,0.157,3.0455882352941175,0.16544117647058823,0.06693720025634854,0.39376443418013857,1.247783628138099,0.177,2.805980861244019,0.22966507177033493,0.09838903479368437,0.07110043068472632,0.01999999999999999,15.4,19.0,35.1,19.9,0.2,0.415,0.401,27.0,219.45,725.55,13.0,9.0,4.0,0.6923076923076923,8.538461538461538,13.0,0.5833333333333334
2022,Missouri,SEC,0.14230275360145395,0.40592930444697833,1.250424678968423,0.172,2.7941684665226783,0.19438444924406048,0.13804420998327516,0.37902264600715135,1.376762732471282,0.215,2.760722891566265,0.2289156626506024,0.0042585436181787895,0.02690665843982698,0.04300000000000001,8.1,44.0,26.0,18.3,0.3,0.34,0.299,15.0,236.92,715.36,13.0,6.0,7.0,0.46153846153846156,-0.3076923076923077,13.0,0.5384615384615384
2022,NC State,ACC,0.11902974124631263,0.3931718061674009,1.1839959966427451,0.16,2.8749397590361445,0.19036144578313252,0.08539747006083441,0.3443396226415094,1.3903291970047789,0.189,2.5823204419889505,0.2513812154696133,0.03363227118547822,0.04883218352589147,0.028999999999999998,6.8,49.0,20.4,15.3,1.6,0.695,0.62,64.0,171.26,686.19,13.0,8.0,5.0,0.6153846153846154,5.153846153846154,13.0,0.3076923076923077
2022,Navy,American Athletic,0.10837896839569679,0.3728813559322034,1.232228887629126,0.117,2.9399709302325583,0.13953488372093023,0.18566138863698314,0.38450502152080346,1.4268458269892044,0.204,2.5338461538461536,0.2276923076923077,-0.07728242024128636,-0.011623665588600063,0.08699999999999998,-7.2,93.0,18.2,24.4,-1.1,0.235,0.472,138.0,41.48,0.0,12.0,4.0,8.0,0.3333333333333333,-2.4166666666666665,12.0,0.5833333333333334
2022,Nebraska,Big Ten,0.18536750505806643,0.4103585657370518,1.2337959707499695,0.167,3.0375959079283885,0.17391304347826086,0.19050489607842444,0.4730473047304731,1.1088064495608685,0.139,3.299582463465553,0.14613778705636743,-0.005137391020358012,-0.06268873899342126,-0.027999999999999997,-1.2,71.0,25.5,25.6,-1.2,0.496,0.556,41.0,198.64,752.12,12.0,4.0,8.0,0.3333333333333333,-5.0,12.0,0.4166666666666667
2022,Nevada,Mountain West,0.03996366752824756,0.34886499402628435,1.3258766299319016,0.211,2.8860635696821517,0.16136919315403422,0.23198657724774216,0.41718555417185554,1.2966239163366615,0.171,3.374532710280374,0.1191588785046729,-0.1920229097194946,-0.0683205601455712,-0.03999999999999998,-22.4,126.0,15.9,37.8,-0.5,0.074,0.287,115.0,108.19,416.44,12.0,2.0,10.0,0.16666666666666666,-12.083333333333334,12.0,0.3333333333333333
2022,New Mexico,Mountain West,-0.06402329700105946,0.32753623188405795,1.0154423155586523,0.235,2.8835443037974686,0.1949367088607595,0.14136078877592495,0.4280104712041885,1.1360160459365765,0.169,3.2278801843317972,0.14055299539170507,-0.20538408577698442,-0.10047423932013055,-0.06599999999999998,-26.9,130.0,6.0,31.9,-1.0,0.312,0.344,99.0,124.26,312.79,12.0,2.0,10.0,0.16666666666666666,-12.916666666666666,12.0,0.2727272727272727
2022,New Mexico State,FBS Independents,0.17841096693261702,0.38969616908850724,1.3938092825170865,0.172,2.8445454545454547,0.20454545454545456,0.13120505171414376,0.4154761904761905,1.1314941650840393,0.156,3.005156950672646,0.1681614349775785,0.047205915218473254,-0.02578002138768326,-0.015999999999999986,-15.4,116.0,12.0,26.0,-1.4,0.258,0.287,108.0,117.0,189.37,13.0,7.0,6.0,0.5384615384615384,1.5384615384615385,13.0,0.6153846153846154
2022,North Carolina,ACC,0.2850191092420305,0.46168768186226966,1.3199779884351774,0.14,3.1443496801705755,0.16631130063965885,0.25658424422712345,0.4760956175298805,1.1844231897202115,0.123,3.21610337972167,0.13916500994035785,0.02843486501490705,-0.014407935667610838,-0.017000000000000015,7.8,46.0,41.7,35.0,1.1,0.447,0.356,11.0,258.5,812.94,14.0,9.0,5.0,0.6428571428571429,3.642857142857143,14.0,0.46153846153846156
2022,North Texas,Conference USA,0.2269991526563466,0.4154639175257732,1.4412782459122553,0.125,3.129087452471483,0.1596958174904943,0.2506187291197024,0.46116970278044106,1.2303855381550202,0.121,3.5893457943925235,0.12710280373831775,-0.0236195764633558,-0.04570578525466784,-0.0040000000000000036,-1.5,73.0,31.3,34.1,1.3,0.779,0.749,118.0,102.95,504.97,14.0,7.0,7.0,0.5,2.0714285714285716,14.0,0.5714285714285714
2022,Northern Illinois,Mid-American,0.18293279325522213,0.41273885350318473,1.265218921313687,0.162,3.1817582417582417,0.12747252747252746,0.2634834375102015,0.4440251572327044,1.3344384929259343,0.146,3.2992718446601943,0.12864077669902912,-0.08055064425497935,-0.03128630372951968,-0.016000000000000014,-18.8,123.0,25.3,43.1,-1.0,0.813,0.763,87.0,142.15,409.86,12.0,3.0,9.0,0.25,-5.5,12.0,0.3333333333333333
2022,Northwestern,Big Ten,-0.007924493395383387,0.3776536312849162,1.071628985225293,0.179,2.635294117647059,0.1895424836601307,0.15612466758874308,0.45376078914919854,1.0552853857758375,0.125,3.147708333333333,0.1625,-0.16404916098412647,-0.07610715786428235,-0.05399999999999999,-13.4,110.0,17.0,28.6,-1.7,0.573,0.694,48.0,191.62,653.48,12.0,1.0,11.0,0.08333333333333333,-14.583333333333334,12.0,0.4166666666666667
2022,Notre Dame,FBS Independents,0.17059327705218397,0.4736238532110092,1.121542104372761,0.124,3.2824902723735407,0.14007782101167315,0.1256395205784177,0.387409200968523,1.3152881764111868,0.146,2.965577889447236,0.1984924623115578,0.04495375647376626,0.0862146522424862,0.021999999999999992,10.3,35.0,30.5,21.4,1.1,0.418,0.402,7.0,275.44,866.48,13.0,9.0,4.0,0.6923076923076923,8.76923076923077,13.0,0.5384615384615384
2022,Ohio,Mid-American,0.23112973566929942,0.4424686192468619,1.2637619306545773,0.133,2.9525862068965516,0.1724137931034483,0.22982809383657674,0.43597560975609756,1.3447689000581626,0.169,2.942093023255814,0.2116279069767442,0.0013016418327226886,0.006493009490764368,0.036000000000000004,-4.6,85.0,31.6,35.2,-1.0,0.416,0.551,132.0,53.67,365.74,14.0,10.0,4.0,0.7142857142857143,3.5,14.0,0.6923076923076923
2022,Ohio State,Big Ten,0.37535537772992417,0.5096921322690992,1.3045203637774374,0.119,3.4701754385964914,0.14692982456140352,0.07374948017559331,0.34155363748458695,1.391431277734196,0.187,2.4925837320574162,0.21052631578947367,0.30160589755433087,0.1681384947845122,0.068,31.1,3.0,45.1,15.7,1.7,0.747,0.743,4.0,300.95,983.14,13.0,11.0,2.0,0.8461538461538461,23.23076923076923,13.0,0.5
2022,Oklahoma,Big 12,0.20773713481010028,0.45387062566277836,1.217400161294757,0.137,3.272848948374761,0.16443594646271512,0.202478444027713,0.43373493975903615,1.2830620915191528,0.178,3.1745454545454543,0.17575757575757575,0.005258690782387276,0.020135685903742206,0.04099999999999998,15.4,19.0,40.8,26.5,1.0,0.277,0.211,8.0,266.73,870.34,13.0,6.0,7.0,0.46153846153846156,2.8461538461538463,13.0,0.38461538461538464
2022,Oklahoma State,Big 12,0.11941953744922498,0.3898305084745763,1.252887001971858,0.177,2.8457142857142856,0.189010989010989,0.16923605305074546,0.3941532258064516,1.3522383840726087,0.161,2.9132196162046906,0.20042643923240938,-0.04981651560152048,-0.0043227173318753365,-0.015999999999999986,11.3,31.0,37.6,27.9,1.6,0.903,0.66,29.0,217.39,670.53,13.0,7.0,6.0,0.5384615384615384,1.6923076923076923,13.0,0.46153846153846156
2022,Old Dominion,Sun Belt,0.10378134347207289,0.3509015256588072,1.3836261372379184,0.215,2.8895306859205774,0.1624548736462094,0.20550357009724324,0.44,1.1450496960522454,0.149,3.14,0.17407407407407408,-0.10172222662517034,-0.08909847434119278,-0.066,-13.0,106.0,16.9,29.3,-0.6,0.787,0.914,106.0,118.85,438.06,12.0,3.0,9.0,0.25,-7.083333333333333,12.0,0.4166666666666667
2022,Ole Miss,SEC,0.2492982128489067,0.4779116465863454,1.2595982538719752,0.155,3.060971524288107,0.21105527638190955,0.13704254420054252,0.4322033898305085,1.145636100966595,0.155,3.2273858921161827,0.15145228215767634,0.11225566864836417,0.045708256755836896,0.0,16.2,14.0,38.8,23.7,1.1,0.032,0.107,23.0,222.38,757.39,13.0,8.0,5.0,0.6153846153846154,7.923076923076923,13.0,0.3333333333333333
2022,Oregon,Pac-12,0.33116844781702987,0.5371549893842887,1.1302398971864702,0.106,3.5077075098814228,0.1422924901185771,0.18796197584297622,0.44089834515366433,1.2575561923304195,0.151,2.9121621621621623,0.1891891891891892,0.14320647197405365,0.09625664423062441,0.045,18.9,11.0,44.9,26.5,0.5,0.169,0.183,13.0,243.37,877.93,13.0,10.0,3.0,0.7692307692307693,11.384615384615385,13.0,0.6153846153846154
2022,Oregon State,Pac-12,0.24017865701398464,0.48214285714285715,1.1775653370058088,0.125,3.3813492063492063,0.1626984126984127,0.09330281300326143,0.3862815884476534,1.2276978316908647,0.178,2.8614084507042254,0.18873239436619718,0.1468758440107232,0.09586126869520373,0.05299999999999999,14.3,22.0,33.3,17.7,-1.3,0.698,0.641,56.0,181.41,635.88,13.0,10.0,3.0,0.7692307692307693,12.23076923076923,13.0,0.8461538461538461
2022,Penn State,Big Ten,0.21898395401798793,0.42794279427942794,1.3485449018639943,0.122,2.959275053304904,0.18976545842217485,0.03144017939839659,0.37861915367483295,1.215421084657643,0.236,2.6766666666666667,0.24615384615384617,0.18754377461959132,0.04932364060459499,0.11399999999999999,22.4,8.0,36.6,13.9,-0.3,0.761,0.692,6.0,278.66,830.44,13.0,11.0,2.0,0.8461538461538461,17.53846153846154,13.0,0.6923076923076923
2022,Pittsburgh,ACC,0.1672091613815535,0.43612334801762115,1.2395244145783306,0.157,3.160749506903353,0.16962524654832348,0.05632412737704297,0.36670687575392036,1.3580185838233199,0.22,2.6838235294117645,0.2323529411764706,0.11088503400451054,0.06941647226370079,0.063,8.6,40.0,32.8,24.7,0.5,0.288,0.387,76.0,153.09,654.56,13.0,9.0,4.0,0.6923076923076923,7.0,13.0,0.46153846153846156
2022,Purdue,Big Ten,0.12708930368798604,0.43503368623676614,1.1342063262403597,0.122,2.9912442396313366,0.16589861751152074,0.11380139441563178,0.4006734006734007,1.2596504634626333,0.152,3.055829596412556,0.14798206278026907,0.013287909272354265,0.034360285563365456,0.03,7.7,47.0,31.6,22.4,-1.5,0.601,0.603,38.0,206.4,646.08,14.0,8.0,6.0,0.5714285714285714,-0.7857142857142857,14.0,0.35714285714285715
2022,Rice,Conference USA,0.12049859243350985,0.4107981220657277,1.2672173481001383,0.204,2.9632075471698114,0.1580188679245283,0.25710757655702626,0.4289405684754522,1.4189243669245615,0.142,3.2617073170731707,0.18048780487804877,-0.1366089841235164,-0.01814244640972451,-0.062,-15.2,115.0,23.1,36.9,-1.4,0.355,0.389,119.0,102.87,441.93,13.0,5.0,8.0,0.38461538461538464,-8.923076923076923,13.0,0.5384615384615384
2022,Rutgers,Big Ten,0.01740324166983424,0.37142857142857144,1.097119203125866,0.18,2.958823529411765,0.16624040920716113,0.1333240056687792,0.412484700122399,1.1770767825331503,0.177,2.807177033492823,0.20334928229665072,-0.11592076399894495,-0.041056128693827576,-0.0030000000000000027,-9.1,96.0,16.4,25.2,-0.3,0.646,0.709,33.0,210.07,631.47,12.0,4.0,8.0,0.3333333333333333,-11.833333333333334,12.0,0.45454545454545453
2022,SMU,American Athletic,0.24333886257026874,0.45454545454545453,1.2917200470276762,0.134,3.1566315789473682,0.14526315789473684,0.23867032937155033,0.4339419978517723,1.3269263848073227,0.13,3.270645792563601,0.13307240704500978,0.004668533198718405,0.020603456693682243,-0.0040000000000000036,4.7,56.0,42.0,38.1,0.9,0.69,0.743,82.0,146.38,598.49,13.0,7.0,6.0,0.5384615384615384,3.3846153846153846,13.0,0.38461538461538464
2022,San Diego State,Mountain West,0.11055105735773306,0.3702770780856423,1.3089413530503413,0.193,2.745687645687646,0.21445221445221446,0.06340853669106643,0.38210399032648124,1.203052447570935,0.175,2.9089974293059124,0.18508997429305912,0.04714252066666663,-0.011826912240838927,-0.018000000000000016,-4.4,84.0,15.1,21.1,1.5,0.335,0.242,65.0,168.39,372.29,13.0,7.0,6.0,0.5384615384615384,0.9230769230769231,13.0,0.38461538461538464
2022,San José State,Mountain West,0.17930315207207345,0.44386422976501305,1.2336414360140158,0.187,3.139864864864865,0.20270270270270271,0.13021473151806306,0.3954659949622166,1.2432591356352636,0.186,2.846683046683047,0.20638820638820637,0.04908842055401039,0.048398234802796425,-0.0010000000000000009,-4.3,83.0,19.1,21.6,-1.8,0.549,0.483,75.0,157.03,417.95,12.0,7.0,5.0,0.5833333333333334,5.416666666666667,12.0,0.3333333333333333
2022,South Alabama,Sun Belt,0.22248593458762453,0.4275210084033613,1.269414928625444,0.125,3.0641078838174276,0.13485477178423236,0.09704027107912733,0.3739545997610514,1.2720287139891726,0.166,2.8099706744868036,0.17888563049853373,0.1254456635084972,0.05356640864230994,0.04100000000000001,10.8,33.0,26.8,17.4,1.4,0.324,0.503,104.0,119.39,466.34,13.0,10.0,3.0,0.7692307692307693,9.923076923076923,13.0,0.5384615384615384
2022,South Carolina,SEC,0.20396504109708188,0.41798298906439857,1.369442233062775,0.19,2.9854166666666666,0.1875,0.18361380293125834,0.4547437295528899,1.1457524963869936,0.155,3.482020202020202,0.1111111111111111,0.020351238165823543,-0.03676074048849132,-0.035,12.7,26.0,36.0,25.2,1.8,0.652,0.548,25.0,220.16,762.63,13.0,8.0,5.0,0.6153846153846154,3.3076923076923075,13.0,0.5384615384615384
2022,South Florida,American Athletic,0.23171347662739308,0.43626806833114323,1.3111811407765317,0.146,3.5069767441860464,0.10232558139534884,0.37085515833339505,0.5,1.3640055632501351,0.128,3.312723214285714,0.18526785714285715,-0.13914168170600197,-0.06373193166885677,-0.017999999999999988,-17.0,119.0,34.1,50.3,-0.8,0.497,0.38,91.0,136.48,574.32,12.0,1.0,11.0,0.08333333333333333,-13.166666666666666,12.0,0.4166666666666667
2022,Southern Miss,Sun Belt,0.092632253275518,0.38141809290953543,1.310952886320296,0.198,2.7678004535147394,0.22675736961451248,0.07789145227132035,0.3632286995515695,1.3044089427769594,0.195,2.7434977578475337,0.18161434977578475,0.01474080100419764,0.018189393357965933,-0.0030000000000000027,-3.5,80.0,18.3,22.9,1.1,0.778,0.877,79.0,152.38,478.97,13.0,7.0,6.0,0.5384615384615384,1.7692307692307692,13.0,0.7692307692307693
2022,Stanford,Pac-12,0.11390963707487056,0.4180929095354523,1.1644931597785533,0.176,2.8737463126843656,0.19174041297935104,0.2667096335099916,0.4684343434343434,1.2602782380999609,0.149,3.5842857142857145,0.14523809523809525,-0.15279999643512104,-0.05034143389889112,-0.026999999999999996,-7.2,93.0,25.6,34.2,1.5,0.851,0.678,19.0,229.74,757.81,12.0,3.0,9.0,0.25,-10.833333333333334,12.0,0.16666666666666666
2022,Syracuse,ACC,0.1786205474148016,0.4510532837670384,1.2031318006201757,0.17,3.28,0.18227848101265823,0.09876820975321698,0.44482758620689655,1.0250957108237408,0.149,3.1473572938689216,0.1522198731501057,0.07985233766158462,0.006225697560141852,-0.02100000000000002,2.5,62.0,27.4,24.7,-0.1,0.677,0.766,68.0,166.16,590.36,13.0,7.0,6.0,0.5384615384615384,4.615384615384615,13.0,0.5384615384615384
2022,TCU,Big 12,0.2715106828452851,0.4400785854616896,1.3614895895294434,0.128,3.1719330855018586,0.16728624535315986,0.1549466144898153,0.41643323996265175,1.3322048813941918,0.168,3.0018867924528303,0.19245283018867926,0.11656406835546981,0.02364534549903785,0.04000000000000001,24.3,6.0,43.3,20.2,1.2,0.847,0.826,45.0,194.07,712.05,15.0,13.0,2.0,0.8666666666666667,9.8,15.0,0.7142857142857143
2022,Temple,American Athletic,0.1200412591723392,0.37298636926889717,1.3373328071746065,0.197,2.4315286624203822,0.19745222929936307,0.16438088138269774,0.42321644498186217,1.2045473399286621,0.175,3.2126609442060086,0.15450643776824036,-0.044339622210358545,-0.050230075712965006,-0.02200000000000002,-12.9,105.0,16.3,28.6,-0.5,0.71,0.543,95.0,129.57,505.48,12.0,3.0,9.0,0.25,-7.333333333333333,12.0,0.6666666666666666
2022,Tennessee,SEC,0.36994707849218805,0.5047619047619047,1.3268675268326446,0.103,3.177710843373494,0.14056224899598393,0.12597110886248128,0.4155712841253792,1.2133550021876456,0.163,2.625348837209302,0.2302325581395349,0.24397596962970677,0.08919062063652555,0.06000000000000001,25.2,5.0,47.3,22.6,0.4,0.763,0.806,18.0,232.77,764.8,13.0,11.0,2.0,0.8461538461538461,23.307692307692307,13.0,0.7692307692307693
2022,Texas,Big 12,0.27900570480793435,0.4742268041237113,1.2187993018493841,0.112,3.3084821428571427,0.15625,0.1063751694730782,0.38580246913580246,1.267632257701117,0.157,2.8954441913439637,0.14350797266514806,0.17263053533485617,0.08842433498790886,0.045,23.1,7.0,38.1,15.6,0.7,0.565,0.601,5.0,289.04,887.45,13.0,8.0,5.0,0.6153846153846154,12.846153846153847,13.0,0.6153846153846154
2022,Texas A&M,SEC,0.139394863218105,0.4099868593955322,1.2278224289413067,0.187,3.0727793696275074,0.2034383954154728,0.10416896976660567,0.40425531914893614,1.1408415042851279,0.158,3.130952380952381,0.1884920634920635,0.03522589345149932,0.005731540246596056,-0.028999999999999998,9.1,38.0,25.4,16.6,0.3,0.481,0.338,1.0,333.13,947.3,12.0,5.0,7.0,0.4166666666666667,1.5833333333333333,12.0,0.36363636363636365
2022,Texas State,Sun Belt,0.0953751493788488,0.376720901126408,1.181475300206955,0.188,3.093604651162791,0.12790697674418605,0.09298808311536433,0.40097205346294046,1.1697505099972711,0.177,3.041469816272966,0.13910761154855644,0.0023870662634844775,-0.024251152336532467,-0.01100000000000001,-11.5,101.0,17.4,29.5,0.7,0.543,0.422,133.0,51.34,464.66,12.0,4.0,8.0,0.3333333333333333,-5.25,12.0,0.4166666666666667
2022,Texas Tech,Big 12,0.2025567583731333,0.41697761194029853,1.3389981110753109,0.169,3.1737945492662476,0.1530398322851153,0.12747235850782943,0.3867403314917127,1.3452819830309426,0.152,2.8163829787234045,0.20851063829787234,0.07508439986530388,0.030237280448585813,-0.017000000000000015,8.5,41.0,38.5,30.5,0.5,0.565,0.664,43.0,197.4,660.31,13.0,8.0,5.0,0.6153846153846154,5.076923076923077,13.0,0.6153846153846154
2022,Toledo,Mid-American,0.14942886985295767,0.42147117296222664,1.2494372490689651,0.155,3.0052919708029195,0.1843065693430657,0.0963552445732337,0.3591101694915254,1.2996333455450795,0.176,3.0418367346938777,0.13673469387755102,0.053073625279723965,0.062361003470701226,0.02099999999999999,-3.7,81.0,25.7,27.9,-1.5,0.533,0.533,92.0,134.89,498.98,14.0,9.0,5.0,0.6428571428571429,6.214285714285714,14.0,0.35714285714285715
2022,Troy,Sun Belt,0.13344896822201704,0.39666666666666667,1.2807015762432559,0.157,2.8591422121896164,0.17607223476297967,0.058723136928905,0.4032753326509724,1.0697148536748695,0.164,3.074235807860262,0.16593886462882096,0.07472583129311205,-0.006608665984305706,0.007000000000000006,8.1,44.0,17.7,11.2,1.5,0.675,0.642,130.0,65.19,464.3,14.0,12.0,2.0,0.8571428571428571,8.428571428571429,14.0,0.7857142857142857
2022,Tulane,American Athletic,0.29760769913551954,0.4520255863539446,1.323054907344364,0.13,3.322264150943396,0.14339622641509434,0.13677527326275,0.41287128712871285,1.1157320805513318,0.122,3.2040307101727445,0.14587332053742802,0.16083242587276955,0.039154299225231726,-0.008000000000000007,12.4,28.0,32.0,19.7,0.1,0.863,0.864,74.0,160.73,521.86,14.0,12.0,2.0,0.8571428571428571,13.785714285714286,14.0,0.8571428571428571
2022,Tulsa,American Athletic,0.19739318785926876,0.4236276849642005,1.32776782880224,0.173,3.118717948717949,0.16153846153846155,0.19352116799867589,0.4002361275088548,1.3093855938235772,0.15,3.1802816901408453,0.13480885311871227,0.003872019860592879,0.023391557455345713,-0.022999999999999993,-6.1,87.0,32.7,38.5,-0.3,0.587,0.654,112.0,113.34,485.87,12.0,5.0,7.0,0.4166666666666667,-2.5,12.0,0.2727272727272727
2022,UAB,Conference USA,0.2888345138161949,0.44819277108433736,1.356164514898337,0.14,3.3564870259481037,0.1437125748502994,0.13629621508239334,0.4230769230769231,1.212181646407745,0.156,3.2455357142857144,0.12946428571428573,0.15253829873380156,0.025115848007414288,0.015999999999999986,-0.5,70.0,25.7,25.3,-0.9,0.809,0.776,86.0,142.49,443.8,13.0,7.0,6.0,0.5384615384615384,6.923076923076923,13.0,0.3076923076923077
2022,UCF,American Athletic,0.2482553765016957,0.4793233082706767,1.1977155511799855,0.122,3.367993079584775,0.14359861591695502,0.16228902438447368,0.39978448275862066,1.295897409789477,0.163,2.8850107066381154,0.1948608137044968,0.08596635211722203,0.07953882551205604,0.04100000000000001,10.3,35.0,31.1,20.3,-0.6,0.637,0.799,53.0,186.37,636.16,14.0,9.0,5.0,0.6428571428571429,9.214285714285714,14.0,0.5
2022,UCLA,Pac-12,0.341192892029573,0.5383795309168443,1.2176134515737382,0.124,3.657171717171717,0.12121212121212122,0.19989752716212716,0.46203208556149733,1.1689723710410698,0.124,3.249400479616307,0.16546762589928057,0.14129536486744582,0.07634744535534699,0.0,15.0,21.0,45.7,30.1,-0.7,0.615,0.751,61.0,175.37,733.3,13.0,9.0,4.0,0.6923076923076923,10.23076923076923,13.0,0.46153846153846156
2022,UConn,FBS Independents,0.07467504153957794,0.3712121212121212,1.2597147378635873,0.167,2.883367139959432,0.22515212981744423,0.14465036264318404,0.459613196814562,1.105124505388407,0.137,3.242887931034483,0.1336206896551724,-0.0699753211036061,-0.08840107560244076,-0.03,-14.6,112.0,14.2,27.9,-0.9,0.606,0.446,113.0,112.35,239.17,13.0,6.0,7.0,0.46153846153846156,-6.846153846153846,13.0,0.6923076923076923
2022,UL Monroe,Sun Belt,0.08178981825519908,0.3923705722070845,1.2478094354460239,0.174,3.0231805929919138,0.15902964959568733,0.21256916105514584,0.44594594594594594,1.3025248819993656,0.143,3.068432671081678,0.19205298013245034,-0.13077934279994674,-0.053575373738861454,-0.031,-15.7,117.0,23.2,39.0,0.2,0.822,0.737,134.0,49.36,348.53,12.0,4.0,8.0,0.3333333333333333,-12.083333333333334,12.0,0.4166666666666667
2022,UNLV,Mountain West,0.20171703315299402,0.4120054570259209,1.2782229683334458,0.164,3.1400568181818183,0.1534090909090909,0.15613429590756556,0.445409429280397,1.172342368870639,0.135,3.312705882352941,0.11529411764705882,0.04558273724542847,-0.03340397225447611,-0.028999999999999998,-11.9,103.0,20.8,34.1,1.3,0.515,0.495,102.0,121.78,368.29,12.0,5.0,7.0,0.4166666666666667,-2.1666666666666665,12.0,0.5833333333333334
2022,USC,Pac-12,0.4000477460504447,0.5181086519114688,1.3278883224609928,0.11,3.5078299776286355,0.15659955257270694,0.25310769088821533,0.47912087912087914,1.2956046091930349,0.167,3.3627450980392157,0.14950980392156862,0.14694005516222935,0.03898777279058968,0.05700000000000001,18.9,11.0,46.6,26.3,-1.4,0.218,0.15,70.0,165.48,860.12,14.0,11.0,3.0,0.7857142857142857,12.142857142857142,14.0,0.5714285714285714
2022,UTEP,Conference USA,0.11069015205528152,0.4125786163522013,1.265033426664917,0.153,3.285432098765432,0.1506172839506173,0.17062478660981562,0.42,1.3712650697771214,0.183,3.0272972972972974,0.17567567567567569,-0.0599346345545341,-0.007421383647798707,0.03,-10.7,99.0,20.8,32.7,1.2,0.622,0.786,129.0,77.74,289.39,12.0,5.0,7.0,0.4166666666666667,-2.5833333333333335,12.0,0.4166666666666667
2022,UTSA,Conference USA,0.2564998587564401,0.4782608695652174,1.1834605958386475,0.131,3.3664658634538154,0.13253012048192772,0.14454836965854587,0.3628601921024546,1.4122089669695996,0.202,2.799782135076253,0.1721132897603486,0.11195148909789424,0.11540067746276278,0.07100000000000001,7.2,48.0,39.3,32.6,0.5,0.84,0.69,73.0,162.04,515.76,14.0,11.0,3.0,0.7857142857142857,10.857142857142858,14.0,0.5
2022,Utah,Pac-12,0.2682675214409864,0.5097435897435898,1.1649990592244122,0.121,3.5447169811320753,0.13584905660377358,0.11384700070765871,0.3871374527112232,1.3578732108832967,0.19,2.931908831908832,0.21367521367521367,0.1544205207333277,0.12260613703236661,0.069,19.2,10.0,37.3,17.3,-0.8,0.848,0.825,34.0,209.71,705.12,14.0,10.0,4.0,0.7142857142857143,17.214285714285715,14.0,0.5714285714285714
2022,Utah State,Mountain West,0.0500381484869721,0.3844515441959531,1.1447150256882965,0.159,3.126070038910506,0.1575875486381323,0.1745041926602943,0.41097424412094063,1.3399077324785655,0.157,2.9097560975609755,0.22764227642276422,-0.12446604417332219,-0.026522699924987514,-0.0020000000000000018,-13.3,109.0,25.4,38.5,-0.2,0.526,0.698,80.0,152.31,371.37,13.0,6.0,7.0,0.46153846153846156,-8.923076923076923,13.0,0.3076923076923077
2022,Vanderbilt,SEC,0.1331808818784935,0.40077821011673154,1.2702849142728236,0.183,2.9876168224299064,0.1658878504672897,0.28616431991503427,0.4535031847133758,1.405136912396263,0.146,3.237037037037037,0.16137566137566137,-0.15298343803654077,-0.05272497459664427,-0.037000000000000005,-4.7,86.0,29.9,33.4,-1.2,0.641,0.83,32.0,212.11,629.76,12.0,5.0,7.0,0.4166666666666667,-11.416666666666666,12.0,0.4166666666666667
2022,Virginia,ACC,0.04957752843809758,0.4015748031496063,1.1345639755902426,0.222,3.265614035087719,0.1543859649122807,0.12105488507410515,0.41,1.0819924631785591,0.151,3.26986301369863,0.10136986301369863,-0.07147735663600757,-0.008425196850393668,-0.07100000000000001,-9.0,95.0,16.2,24.4,-0.7,0.803,0.814,66.0,166.85,625.94,10.0,3.0,7.0,0.3,-7.0,10.0,0.4
2022,Virginia Tech,ACC,0.07047816480680116,0.37604456824512533,1.173285153951765,0.163,2.977077363896848,0.18051575931232092,0.14837511057585875,0.37551581843191195,1.375772022678504,0.184,2.806686046511628,0.2558139534883721,-0.07789694576905759,0.0005287498132133805,0.02099999999999999,-9.5,98.0,13.5,22.8,-0.3,0.234,0.323,36.0,208.77,640.85,11.0,3.0,8.0,0.2727272727272727,-5.454545454545454,11.0,0.36363636363636365
2022,Wake Forest,ACC,0.21843482072161025,0.46565656565656566,1.211020813267701,0.167,2.919098712446352,0.17381974248927037,0.1836124640186582,0.4271948608137045,1.3110411810796267,0.182,2.9286697247706424,0.18577981651376146,0.034822356702952056,0.038461704842861155,0.014999999999999986,8.2,43.0,43.3,35.2,0.0,0.792,0.776,71.0,164.19,575.42,13.0,8.0,5.0,0.6153846153846154,7.769230769230769,13.0,0.6153846153846154
2022,Washington,Pac-12,0.3613339489987044,0.5223260643821391,1.2590427590073778,0.089,3.372236503856041,0.13624678663239073,0.2160747715385082,0.4364060676779463,1.281424399072253,0.141,3.244334975369458,0.14532019704433496,0.1452591774601962,0.08591999670419281,0.05199999999999999,15.7,18.0,41.2,25.5,0.0,0.83,0.735,96.0,129.55,761.72,13.0,11.0,2.0,0.8461538461538461,13.846153846153847,13.0,0.6153846153846154
2022,Washington State,Pac-12,0.13153167675118219,0.41725768321513,1.258794564730348,0.191,2.979807692307692,0.21474358974358973,0.1438698817328406,0.4184476940382452,1.2889240161098896,0.177,3.014609571788413,0.20151133501259447,-0.012338204981658413,-0.0011900108231152062,-0.014000000000000012,9.5,37.0,25.1,16.7,1.1,0.079,0.088,60.0,175.48,570.94,13.0,7.0,6.0,0.5384615384615384,3.1538461538461537,13.0,0.6153846153846154
2022,West Virginia,Big 12,0.21014618076107067,0.4417808219178082,1.226795978112787,0.151,3.084,0.1811764705882353,0.19456787467812992,0.4343558282208589,1.3162644004908346,0.147,3.045073891625616,0.1896551724137931,0.015578306082940752,0.007424993696949322,-0.0040000000000000036,2.4,63.0,36.3,34.5,0.6,0.186,0.219,35.0,209.05,662.57,12.0,5.0,7.0,0.4166666666666667,-2.3333333333333335,12.0,0.5
2022,Western Kentucky,Conference USA,0.25718745837743734,0.4484536082474227,1.361709469155568,0.157,3.257795698924731,0.13709677419354838,0.08683044544984965,0.4236760124610592,1.1253716074977216,0.157,3.2274891774891774,0.15367965367965367,0.1703570129275877,0.024777595786363515,0.0,1.7,65.0,31.3,30.1,0.5,0.307,0.287,94.0,129.6,495.64,14.0,9.0,5.0,0.6428571428571429,13.0,14.0,0.6428571428571429
2022,Western Michigan,Mid-American,0.0414505446134982,0.3418918918918919,1.2552705545942897,0.234,2.8439276485788114,0.17571059431524547,0.13225954707105134,0.4361413043478261,1.1422913119720515,0.208,3.1511688311688313,0.13766233766233765,-0.09080900245755313,-0.09424941245593421,-0.026000000000000023,-17.3,120.0,11.2,27.3,-1.1,0.315,0.396,105.0,119.04,449.89,12.0,5.0,7.0,0.4166666666666667,-5.083333333333333,12.0,0.5
2022,Wisconsin,Big Ten,0.18285401122196518,0.421760391198044,1.260476176076306,0.138,3.053731343283582,0.16417910447761194,0.07447873366350409,0.3706896551724138,1.2042734890351896,0.175,2.6339901477832512,0.22167487684729065,0.10837527755846109,0.05107073602563017,0.03699999999999998,8.3,42.0,25.7,17.1,-0.4,0.673,0.799,44.0,194.42,744.44,13.0,7.0,6.0,0.5384615384615384,6.076923076923077,13.0,0.46153846153846156
2022,Wyoming,Mountain West,0.09021901366019643,0.4,1.1378531689509481,0.153,3.241137855579869,0.16411378555798686,0.1507311762187754,0.412348401323043,1.1995454968907349,0.141,3.4117913832199545,0.1292517006802721,-0.06051216255857898,-0.01234840132304299,-0.01200000000000001,-10.8,100.0,14.9,26.2,0.5,0.225,0.228,93.0,133.87,292.03,13.0,7.0,6.0,0.5384615384615384,-2.6923076923076925,13.0,0.5
2023,Air Force,Mountain West,0.259792209334,0.4589963280293758,1.131756239692916,0.099,3.47624466571835,0.10099573257467995,0.11875855132896204,0.4022038567493113,1.1760334213599473,0.158,2.722316384180791,0.1807909604519774,0.14103365800503795,0.05679247128006448,0.059,5.9,44.0,25.6,20.9,1.2,0.358,0.267,104.0,130.58,0.0,13.0,9.0,4.0,0.6923076923076923,9.692307692307692,13.0,0.4166666666666667
2023,Akron,Mid-American,0.029494453445514667,0.3692098092643052,1.1316301649093787,0.181,2.7482517482517483,0.15034965034965034,0.13401608921068825,0.3978779840848806,1.3405261244503102,0.144,3.0103194103194104,0.1597051597051597,-0.10452163576517358,-0.02866817482057543,-0.037000000000000005,-21.6,130.0,10.5,30.1,-2.0,0.727,0.761,109.0,121.18,445.02,12.0,2.0,10.0,0.16666666666666666,-11.75,12.0,0.5
2023,Alabama,SEC,0.2757753099397616,0.44721906923950056,1.3430921735923447,0.156,3.2405882352941178,0.1411764705882353,0.11626456129971678,0.35079726651480636,1.3286169505300354,0.185,2.946420323325635,0.15242494226327943,0.15951074864004483,0.0964218027246942,0.028999999999999998,23.1,7.0,36.8,15.6,2.0,0.423,0.409,1.0,328.0,1015.43,14.0,12.0,2.0,0.8571428571428571,15.0,14.0,0.6428571428571429
2023,App State,Sun Belt,0.2319844756423264,0.4548223350253807,1.293834095969809,0.161,3.152641878669276,0.17025440313111545,0.17288116517941368,0.42464246424642466,1.2636825810928498,0.18,3.330263157894737,0.15570175438596492,0.05910331046291273,0.030179870778956064,0.01899999999999999,3.8,52.0,33.5,30.7,0.9,0.474,0.392,80.0,161.99,517.56,14.0,9.0,5.0,0.6428571428571429,6.214285714285714,14.0,0.46153846153846156
2023,Arizona,Pac-12,0.31512781789759353,0.5023419203747073,1.2757875868389996,0.16,3.173045822102426,0.20485175202156333,0.12410007651582952,0.4114149821640904,1.2266764202632494,0.18,3.0257731958762886,0.19845360824742267,0.191027741381764,0.09092693821061687,0.01999999999999999,14.1,18.0,37.3,23.1,-0.2,0.846,0.924,40.0,204.72,687.01,13.0,10.0,3.0,0.7692307692307693,13.538461538461538,13.0,0.8461538461538461
2023,Arizona State,Pac-12,0.10449721210160809,0.373134328358209,1.2299916351428202,0.18,3.2471264367816093,0.1235632183908046,0.24607156903298125,0.4557124518613607,1.2543414448131485,0.164,3.3368571428571427,0.13142857142857142,-0.14157435693137316,-0.08257812350315175,-0.015999999999999986,-11.3,107.0,20.2,29.9,-1.6,0.612,0.411,44.0,201.23,681.32,12.0,3.0,9.0,0.25,-14.083333333333334,12.0,0.5
2023,Arkansas,SEC,0.16033153843218506,0.39523212045169387,1.2534616272116843,0.196,3.236111111111111,0.13194444444444445,0.12351423801091435,0.4050464807436919,1.2781736855530856,0.181,3.060635696821516,0.17114914425427874,0.03681730042127071,-0.009814360291998003,-0.015000000000000013,3.5,54.0,28.3,26.6,1.8,0.581,0.777,22.0,228.3,730.93,12.0,4.0,8.0,0.3333333333333333,-1.3333333333333333,12.0,0.4166666666666667
2023,Arkansas State,Sun Belt,0.1437541643836602,0.4036363636363636,1.351242872097964,0.166,3.056440281030445,0.18032786885245902,0.22778168314281327,0.4296536796536797,1.2888075171898519,0.158,2.9813025210084034,0.17016806722689076,-0.08402751875915307,-0.02601731601731605,-0.008000000000000007,-6.3,84.0,25.8,32.8,0.7,0.179,0.221,74.0,168.05,487.4,13.0,6.0,7.0,0.46153846153846156,-3.3076923076923075,13.0,0.5
2023,Army,FBS Independents,0.1234607374922563,0.4117647058823529,1.0744252431091366,0.128,3.400357142857143,0.1125,0.22314766420406945,0.4587280108254398,1.1883624184844546,0.127,3.4569007263922518,0.13317191283292978,-0.09968692671181315,-0.04696330494308687,-0.0010000000000000009,-4.0,79.0,18.4,22.5,0.1,0.5,0.485,118.0,110.02,0.0,12.0,6.0,6.0,0.5,-0.5833333333333334,12.0,0.45454545454545453
2023,Auburn,SEC,0.16188562039252366,0.42926239419588874,1.2242903988804443,0.174,3.1512605042016806,0.18067226890756302,0.1351153754075344,0.4007352941176471,1.2714710210142246,0.181,2.960324825986079,0.18097447795823665,0.026770244984989255,0.028527100078241663,0.007000000000000006,7.6,36.0,26.4,20.1,1.3,0.787,0.657,18.0,242.9,770.94,13.0,6.0,7.0,0.46153846153846156,3.5384615384615383,13.0,0.46153846153846156
2023,BYU,Big 12,0.0467824703888412,0.36253369272237196,1.329680729513003,0.208,3.075449101796407,0.1437125748502994,0.20175304061642677,0.43200962695547535,1.2838528693673235,0.146,3.2928057553956833,0.15587529976019185,-0.15497057022758556,-0.06947593423310339,-0.062,-3.3,76.0,25.3,30.3,1.7,0.294,0.225,66.0,179.88,576.25,12.0,5.0,7.0,0.4166666666666667,-6.75,12.0,0.4166666666666667
2023,Ball State,Mid-American,0.11869410223572009,0.3968871595330739,1.123669601821064,0.167,3.2453125,0.12723214285714285,0.15711572024858964,0.4116022099447514,1.20991964077846,0.164,3.028323699421965,0.15606936416184972,-0.03842161801286954,-0.014715050411677477,-0.0030000000000000027,-14.9,118.0,12.6,26.3,-1.1,0.262,0.145,108.0,126.78,403.54,12.0,4.0,8.0,0.3333333333333333,-6.166666666666667,12.0,0.6363636363636364
2023,Baylor,Big 12,0.13269670132455275,0.3959810874704492,1.28131376070525,0.178,3.015223097112861,0.16535433070866143,0.2750062286435695,0.4535809018567639,1.3538943259132126,0.166,3.240677966101695,0.19128329297820823,-0.14230952731901675,-0.05759981438631473,-0.011999999999999983,-8.3,97.0,24.5,32.6,-0.2,0.645,0.691,35.0,210.79,678.0,12.0,3.0,9.0,0.25,-10.25,12.0,0.2727272727272727
2023,Boise State,Mountain West,0.23699554079551613,0.4662309368191721,1.250945959175094,0.141,3.4294776119402983,0.15671641791044777,0.18250010658742305,0.40503432494279173,1.3501384613873586,0.171,3.0100244498777506,0.18581907090464547,0.05449543420809308,0.06119661187638037,0.030000000000000027,5.9,44.0,32.7,28.2,1.4,0.921,0.857,67.0,179.7,579.88,14.0,8.0,6.0,0.5714285714285714,6.571428571428571,14.0,0.5714285714285714
2023,Boston College,ACC,0.20034408073738375,0.42099447513812155,1.2783662870966934,0.136,3.312406015037594,0.15413533834586465,0.23394709051676624,0.425531914893617,1.351851868374557,0.129,3.0376651982378857,0.16519823788546256,-0.03360300977938249,-0.004537439755495476,-0.007000000000000006,-5.9,83.0,22.2,27.6,-0.5,0.388,0.593,61.0,185.3,650.23,13.0,7.0,6.0,0.5384615384615384,-3.4615384615384617,13.0,0.38461538461538464
2023,Bowling Green,Mid-American,0.17907456973488398,0.4174252275682705,1.314994812715141,0.194,3.1566326530612243,0.1760204081632653,0.12575873893108508,0.4183168316831683,1.1980661740451648,0.178,3.283181818181818,0.1,0.0533158308037989,-0.0008916041148978038,-0.016000000000000014,-7.8,94.0,21.5,27.4,-1.8,0.299,0.465,119.0,103.84,397.62,13.0,7.0,6.0,0.5384615384615384,2.1538461538461537,13.0,0.6153846153846154
2023,Buffalo,Mid-American,0.04997021396898301,0.38259833134684146,1.180513609861844,0.166,2.801670644391408,0.1909307875894988,0.13271478074489623,0.3918741808650065,1.3031902826706327,0.17,2.790291262135922,0.2087378640776699,-0.08274456677591321,-0.009275849518165069,0.0040000000000000036,-15.2,119.0,15.3,29.5,-1.0,0.575,0.791,84.0,160.65,296.09,12.0,3.0,9.0,0.25,-6.5,12.0,0.4166666666666667
2023,California,Pac-12,0.1797125848569434,0.4117647058823529,1.2485598591897755,0.173,3.318736842105263,0.14105263157894737,0.2064570849087535,0.4481283422459893,1.2520964604507407,0.159,2.964976958525346,0.16129032258064516,-0.02674450005181009,-0.036363636363636376,-0.013999999999999985,-0.1,67.0,30.6,28.7,-2.0,0.443,0.34,79.0,162.74,681.14,13.0,6.0,7.0,0.46153846153846156,-2.5384615384615383,13.0,0.46153846153846156
2023,Central Michigan,Mid-American,0.13934396907787558,0.3979328165374677,1.2566686577566406,0.148,3.299290780141844,0.13947990543735225,0.29758616475183,0.4489528795811518,1.3123957369458188,0.147,3.325319693094629,0.14066496163682865,-0.1582421956739544,-0.051020063043684116,-0.0010000000000000009,-19.1,126.0,16.8,34.0,-1.9,0.358,0.323,91.0,153.75,332.64,12.0,5.0,7.0,0.4166666666666667,-7.916666666666667,12.0,0.25
2023,Charlotte,American Athletic,0.03619145224363386,0.3440721649484536,1.312947295361951,0.177,2.7903529411764705,0.22588235294117648,0.15373896583465255,0.4063745019920319,1.2729913360555973,0.147,2.9769607843137256,0.19607843137254902,-0.11754751359101868,-0.06230233704357829,-0.03,-21.4,129.0,14.8,34.4,-1.8,0.144,0.222,129.0,69.14,554.96,12.0,3.0,9.0,0.25,-11.083333333333334,12.0,0.5
2023,Cincinnati,Big 12,0.20460639903689767,0.43815028901734104,1.247022974588038,0.15,3.36694045174538,0.1457905544147844,0.29119614118529497,0.4215686274509804,1.4801293833806541,0.186,3.0994652406417114,0.22192513368983957,-0.08658974214839729,0.01658166156636065,0.036000000000000004,-6.8,87.0,21.3,28.3,0.2,0.067,0.261,75.0,167.89,663.68,12.0,3.0,9.0,0.25,-5.916666666666667,12.0,0.3333333333333333
2023,Clemson,ACC,0.12859900262524576,0.4536187563710499,1.0388328454406999,0.17,3.247950819672131,0.13524590163934427,0.04851569619142424,0.33163913595933925,1.3451521389449397,0.235,2.8905555555555558,0.15,0.08008330643382153,0.12197962041171068,0.06499999999999997,10.5,22.0,29.3,19.0,0.2,0.551,0.505,11.0,273.39,917.88,13.0,9.0,4.0,0.6923076923076923,8.76923076923077,13.0,0.46153846153846156
2023,Coastal Carolina,Sun Belt,0.2124222973694791,0.4171494785631518,1.3527326321107311,0.146,2.9107798165137617,0.21100917431192662,0.1541946113501982,0.4411764705882353,1.1936582162255716,0.159,3.377702702702703,0.14414414414414414,0.05822768601928088,-0.02402699202508346,0.013000000000000012,-1.2,68.0,27.6,27.2,-1.6,0.915,0.893,114.0,113.66,515.69,13.0,8.0,5.0,0.6153846153846154,3.8461538461538463,13.0,0.6923076923076923
2023,Colorado,Pac-12,0.168755547858215,0.41615667074663404,1.2929251412052798,0.173,3.14,0.14333333333333334,0.2542556629580887,0.468384074941452,1.2416879835566499,0.155,3.0903301886792454,0.18160377358490565,-0.08550011509987371,-0.05222740419481797,-0.017999999999999988,-4.9,81.0,29.6,34.4,-0.1,0.077,0.13,29.0,219.75,711.87,12.0,4.0,8.0,0.3333333333333333,-6.666666666666667,12.0,0.5833333333333334
2023,Colorado State,Mountain West,0.1493882342774091,0.4183796856106409,1.1996286174688526,0.149,2.669158878504673,0.20249221183800623,0.1773586623403181,0.43155452436194897,1.2062771848087843,0.159,3.0331111111111113,0.18888888888888888,-0.027970428062909003,-0.013174838751308093,0.010000000000000009,-8.9,98.0,21.9,32.0,1.2,0.92,0.825,70.0,176.09,413.96,12.0,5.0,7.0,0.4166666666666667,-3.5,11.0,0.36363636363636365
2023,Duke,ACC,0.1850632559196354,0.4140127388535032,1.2433587650396947,0.148,3.045130641330166,0.19239904988123516,0.12397673429209576,0.424971363115693,1.133599941540267,0.176,3.0579310344827584,0.17471264367816092,0.06108652162753965,-0.010958624262189798,0.027999999999999997,9.4,29.0,27.3,19.5,1.5,0.989,0.991,56.0,191.8,620.9,13.0,8.0,5.0,0.6153846153846154,7.923076923076923,13.0,0.5384615384615384
2023,East Carolina,American Athletic,0.015617281662271627,0.3425196850393701,1.2096101479876935,0.194,2.8303977272727274,0.17045454545454544,0.12501616103625388,0.33989501312335957,1.513582134586057,0.197,2.390818858560794,0.24069478908188585,-0.10939887937398225,0.0026246719160105125,0.0030000000000000027,-12.8,111.0,15.4,28.1,-0.1,0.088,0.209,65.0,180.54,563.94,12.0,2.0,10.0,0.16666666666666666,-5.083333333333333,12.0,0.4166666666666667
2023,Eastern Michigan,Mid-American,0.05024566076904901,0.3595360824742268,1.1285754233926937,0.207,3.0017811704834605,0.15776081424936386,0.17063990355716582,0.4297142857142857,1.2046711261192968,0.157,3.446406570841889,0.13963039014373715,-0.1203942427881168,-0.07017820324005891,-0.04999999999999999,-12.3,109.0,13.0,26.8,1.5,0.503,0.536,87.0,158.7,377.07,13.0,6.0,7.0,0.46153846153846156,-7.153846153846154,13.0,0.46153846153846156
2023,Florida,SEC,0.27105348717080135,0.4425,1.3002376254188899,0.164,3.1212435233160623,0.18393782383419688,0.2318816313363388,0.37926136363636365,1.5500177911966724,0.159,2.9442896935933147,0.181058495821727,0.03917185583446256,0.06323863636363636,-0.0050000000000000044,6.8,41.0,31.1,26.0,1.7,0.367,0.438,13.0,271.43,845.29,12.0,5.0,7.0,0.4166666666666667,0.8333333333333334,12.0,0.3333333333333333
2023,Florida Atlantic,American Athletic,0.11818358228839516,0.3935064935064935,1.248231628667209,0.203,3.2588757396449703,0.1301775147928994,0.16975452463965998,0.42630385487528344,1.1967107990045238,0.15,3.249665924276169,0.12026726057906459,-0.05157094235126482,-0.03279736136878991,-0.05300000000000002,-9.4,100.0,19.8,27.9,-1.2,0.446,0.442,82.0,161.44,582.59,12.0,4.0,8.0,0.3333333333333333,-1.75,12.0,0.4166666666666667
2023,Florida International,Conference USA,0.05699127893049557,0.35918367346938773,1.2705538284373752,0.206,2.6424615384615384,0.2276923076923077,0.16336618873365383,0.4092526690391459,1.3117496103703514,0.127,3.069315673289183,0.18101545253863136,-0.10637490980315825,-0.05006899556975819,-0.07899999999999999,-21.2,128.0,16.0,35.6,-1.6,0.68,0.78,95.0,147.71,487.5,12.0,4.0,8.0,0.3333333333333333,-11.75,12.0,0.4166666666666667
2023,Florida State,ACC,0.21854735737884198,0.4125560538116592,1.4236153750482725,0.159,2.6385844748858447,0.20319634703196346,0.07223901410463007,0.3644251626898048,1.2590275326295581,0.218,2.808119658119658,0.202991452991453,0.1463083432742119,0.048130891121854424,0.059,19.4,9.0,34.1,16.5,1.8,0.785,0.792,19.0,237.15,765.33,14.0,13.0,1.0,0.9285714285714286,15.285714285714286,13.0,0.6153846153846154
2023,Fresno State,Mountain West,0.197817209312991,0.4244851258581236,1.3055061254470364,0.145,2.9427299703264094,0.19584569732937684,0.15567617708892165,0.4074074074074074,1.2574219932698976,0.158,3.0780383795309167,0.18550106609808104,0.04214103222406934,0.017077718450716206,0.013000000000000012,2.5,60.0,28.9,27.9,1.5,0.171,0.261,83.0,161.0,555.3,13.0,9.0,4.0,0.6923076923076923,7.0,13.0,0.38461538461538464
2023,Georgia,SEC,0.3987880814588188,0.5256544502617801,1.2475783051671294,0.128,3.3663265306122447,0.15918367346938775,0.07276605724525143,0.3755924170616114,1.2197492358181592,0.171,2.9411764705882355,0.19948849104859334,0.32602202421356735,0.15006203320016875,0.04300000000000001,31.2,2.0,41.5,12.2,1.9,0.43,0.446,2.0,315.68,977.87,14.0,13.0,1.0,0.9285714285714286,24.5,14.0,0.38461538461538464
2023,Georgia Southern,Sun Belt,0.17267776406700316,0.4528101802757158,1.2070329335654117,0.172,3.010115606936416,0.19653179190751446,0.2255143562342277,0.4377224199288256,1.2806848525678696,0.221,2.9724941724941725,0.19347319347319347,-0.05283659216722453,0.015087760346890189,0.049000000000000016,-5.2,82.0,30.8,36.5,0.5,0.454,0.375,101.0,131.86,416.69,13.0,6.0,7.0,0.46153846153846156,-0.3076923076923077,13.0,0.3076923076923077
2023,Georgia State,Sun Belt,0.16783645184394227,0.4160919540229885,1.2978694225887415,0.162,2.868916155419223,0.17791411042944785,0.21125004471927072,0.4238258877434135,1.3558256802749007,0.152,3.062227602905569,0.19612590799031476,-0.04341359287532845,-0.007733933720425024,-0.010000000000000009,-6.8,87.0,28.2,33.3,-1.7,0.688,0.669,116.0,111.43,499.67,13.0,7.0,6.0,0.5384615384615384,-2.8461538461538463,13.0,0.5384615384615384
2023,Georgia Tech,ACC,0.24673905917160802,0.4469078179696616,1.3193864298506597,0.141,3.4275268817204303,0.14408602150537633,0.2400076667852826,0.46621621621621623,1.203084014395896,0.154,3.5800788954635108,0.1341222879684418,0.006731392386325419,-0.019308398246554614,0.013000000000000012,0.3,65.0,29.4,29.1,0.1,0.366,0.382,62.0,185.2,710.85,13.0,7.0,6.0,0.5384615384615384,1.6153846153846154,13.0,0.6153846153846154
2023,Hawai'i,Mountain West,0.11373210483975742,0.4085005903187721,1.2899631287300262,0.178,2.7770318021201414,0.21908127208480566,0.21784437202912352,0.42606516290726815,1.3332053752768545,0.163,3.099344978165939,0.18777292576419213,-0.1041122671893661,-0.01756457258849603,-0.014999999999999986,-16.4,123.0,19.4,35.7,-0.1,0.627,0.67,117.0,111.34,407.77,13.0,5.0,8.0,0.38461538461538464,-10.846153846153847,13.0,0.38461538461538464
2023,Houston,Big 12,0.12172237028972958,0.3968462549277267,1.2964831850971414,0.142,3.0230529595015576,0.19937694704049844,0.24559847153497283,0.45593419506462984,1.2651120720583107,0.128,3.1497727272727274,0.16818181818181818,-0.12387610124524324,-0.05908794013690316,-0.013999999999999985,-7.8,94.0,25.6,32.2,-1.2,0.234,0.269,55.0,191.97,670.25,12.0,4.0,8.0,0.3333333333333333,-7.833333333333333,12.0,0.5
2023,Illinois,Big Ten,0.18908520518695499,0.4519350811485643,1.1808680424289835,0.201,3.3410614525139666,0.1340782122905028,0.1695136532449089,0.4410377358490566,1.127489753982135,0.152,3.2789473684210524,0.15331807780320367,0.019571551942046073,0.0108973452995077,-0.049000000000000016,-2.5,75.0,21.6,24.1,-0.1,0.321,0.268,38.0,205.64,630.95,12.0,5.0,7.0,0.4166666666666667,-4.916666666666667,12.0,0.25
2023,Indiana,Big Ten,0.11740461646198327,0.4140127388535032,1.1691613570249768,0.169,3.294987468671679,0.12030075187969924,0.24277641141435985,0.4609571788413098,1.202173332645455,0.166,3.244124700239808,0.15587529976019185,-0.12537179495237658,-0.04694443998780662,-0.0030000000000000027,-7.4,92.0,19.6,27.2,0.3,0.358,0.345,69.0,177.6,677.57,12.0,3.0,9.0,0.25,-7.75,12.0,0.5833333333333334
2023,Iowa,Big Ten,-0.06617600793550606,0.3285024154589372,1.0665820872323055,0.197,2.503736263736264,0.20659340659340658,0.003379338371001125,0.35196687370600416,1.0639526293055805,0.157,2.891845493562232,0.14163090128755365,-0.06955534630650718,-0.023464458247066944,-0.04000000000000001,5.8,46.0,13.8,9.3,1.3,0.409,0.426,41.0,204.36,692.62,14.0,10.0,4.0,0.7142857142857143,0.6428571428571429,14.0,0.42857142857142855
2023,Iowa State,Big 12,0.17328851711831014,0.35771276595744683,1.5459962643484293,0.156,2.36775956284153,0.2677595628415301,0.12046792087266064,0.3971078976640712,1.2530107962585633,0.165,2.8666666666666667,0.19444444444444445,0.0528205962456495,-0.03939513170662434,0.009000000000000008,7.5,37.0,26.4,20.1,1.1,0.638,0.687,42.0,204.14,638.87,13.0,7.0,6.0,0.5384615384615384,3.4615384615384617,13.0,0.5384615384615384
2023,Jacksonville State,Conference USA,0.10130574129181982,0.41935483870967744,1.1539905071591345,0.156,2.9656050955414015,0.18312101910828024,0.046175496027709435,0.351380042462845,1.291605200598728,0.176,2.4075156576200416,0.22755741127348644,0.05513024526411039,0.06797479624683245,0.01999999999999999,-1.6,70.0,24.8,25.9,-0.6,,,163.0,13.85,227.27,13.0,9.0,4.0,0.6923076923076923,9.0,13.0,0.7692307692307693
2023,James Madison,Sun Belt,0.2280994721322109,0.4635838150289017,1.2225049518495978,0.18,2.69066985645933,0.23205741626794257,0.06029520324534408,0.33643771827706637,1.4474820260893455,0.243,2.274864864864865,0.25675675675675674,0.16780426888686684,0.12714609675183536,0.063,11.8,20.0,34.6,23.7,1.0,0.109,0.321,149.0,25.85,196.53,13.0,11.0,2.0,0.8461538461538461,14.615384615384615,13.0,0.6153846153846154
2023,Kansas,Big 12,0.3840776576910114,0.4857496902106567,1.383478730517816,0.149,3.4229166666666666,0.13541666666666666,0.1973712029215347,0.447831184056272,1.2158303784442235,0.166,3.2455357142857144,0.11160714285714286,0.18670645476947667,0.037918506154384746,0.017000000000000015,9.9,25.0,35.6,26.1,0.4,1.003,0.937,73.0,169.88,632.68,13.0,9.0,4.0,0.6923076923076923,8.23076923076923,13.0,0.6153846153846154
2023,Kansas State,Big 12,0.2565680993444015,0.46499477533960293,1.2347678912734978,0.126,3.244941634241245,0.17898832684824903,0.11391420631425023,0.37544696066746125,1.4047969699930016,0.18,2.8127320954907162,0.23607427055702918,0.14265389303015127,0.08954781467214168,0.05399999999999999,16.2,14.0,38.9,21.8,-0.8,0.49,0.369,33.0,212.31,616.0,13.0,9.0,4.0,0.6923076923076923,16.076923076923077,13.0,0.6923076923076923
2023,Kent State,Mid-American,0.02999909601713754,0.3422818791946309,1.2752862884904177,0.189,2.8614035087719296,0.16541353383458646,0.28523066239619643,0.4463130659767141,1.3291128336442357,0.128,3.1766146993318487,0.1514476614699332,-0.2552315663790589,-0.10403118678208323,-0.061,-26.3,133.0,8.2,34.8,0.3,0.074,0.117,123.0,81.64,373.33,12.0,1.0,11.0,0.08333333333333333,-19.916666666666668,12.0,0.25
2023,Kentucky,SEC,0.2081123166805793,0.3954802259887006,1.4502522394310622,0.195,2.8498422712933755,0.22082018927444794,0.1479446109425752,0.4352806414662085,1.1458508181876716,0.162,2.8443645083932854,0.2038369304556355,0.06016770573800412,-0.0398004154775079,-0.033,10.5,22.0,31.6,22.2,1.1,0.481,0.417,32.0,212.42,740.54,13.0,7.0,6.0,0.5384615384615384,3.230769230769231,13.0,0.5384615384615384
2023,LSU,SEC,0.4830027207472129,0.558252427184466,1.3501756047952114,0.106,3.72636815920398,0.11442786069651742,0.2749162478133755,0.4379977246871445,1.375195344458471,0.159,3.245138888888889,0.13657407407407407,0.20808647293383742,0.12025470249732151,0.053000000000000005,19.1,11.0,44.6,25.0,-0.5,0.845,0.888,6.0,288.7,899.31,13.0,10.0,3.0,0.7692307692307693,17.53846153846154,13.0,0.6153846153846154
2023,Liberty,Conference USA,0.3309282284274,0.51875,1.1822618670078333,0.086,3.684769230769231,0.13230769230769232,0.16045382349885015,0.4192825112107623,1.3024315520370118,0.191,3.0171503957783643,0.19261213720316622,0.17047440492854984,0.09946748878923772,0.10500000000000001,8.0,33.0,36.2,26.3,-1.9,0.448,0.544,111.0,120.52,330.29,14.0,13.0,1.0,0.9285714285714286,14.0,14.0,0.6428571428571429
2023,Louisiana,Sun Belt,0.20640857277127564,0.4581818181818182,1.2119608379044817,0.165,3.2671910112359552,0.16179775280898875,0.16448499096983948,0.44831223628691985,1.110513432526911,0.155,3.345353159851301,0.10966542750929369,0.041923581801436155,0.009869581894898338,-0.010000000000000009,0.4,63.0,32.4,33.1,1.1,0.647,0.744,89.0,155.69,475.45,13.0,6.0,7.0,0.46153846153846156,3.5384615384615383,13.0,0.38461538461538464
2023,Louisiana Tech,Conference USA,0.11355889608530596,0.4083438685208597,1.2769069761585794,0.178,2.6873949579831935,0.20728291316526612,0.21191881442897734,0.41849148418491483,1.3897108002573328,0.153,3.111065573770492,0.17008196721311475,-0.09835991834367137,-0.010147615664055143,-0.024999999999999994,-12.9,112.0,22.1,36.0,1.0,0.392,0.445,77.0,163.34,433.72,12.0,3.0,9.0,0.25,-7.5,12.0,0.25
2023,Louisville,ACC,0.22733961942184358,0.4843581445523193,1.182934620558003,0.152,3.090342052313883,0.1891348088531187,0.07408947586758041,0.35722819593787336,1.4124396898971516,0.177,2.4512886597938146,0.2345360824742268,0.15325014355426317,0.12712994861444593,0.024999999999999994,8.0,33.0,30.1,22.3,0.2,0.231,0.395,31.0,217.99,744.16,14.0,10.0,4.0,0.7142857142857143,9.428571428571429,14.0,0.42857142857142855
2023,Marshall,Sun Belt,0.10934757313104213,0.3851508120649652,1.2749954496133107,0.196,2.6236585365853657,0.2146341463414634,0.12609890931842746,0.37755102040816324,1.4063766254450492,0.181,2.8217798594847774,0.1873536299765808,-0.016751336187385335,0.0075997916568019686,-0.015000000000000013,-9.0,99.0,24.4,31.5,-1.8,0.468,0.481,125.0,77.8,478.59,13.0,6.0,7.0,0.46153846153846156,-5.923076923076923,13.0,0.3076923076923077
2023,Maryland,Big Ten,0.19569988760545853,0.4372037914691943,1.2616198027303704,0.177,3.069187675070028,0.1568627450980392,0.10443157451345511,0.4067796610169492,1.143514375309212,0.156,3.1425,0.13636363636363635,0.09126831309200342,0.030424130452245124,-0.02099999999999999,11.0,21.0,28.3,17.6,0.4,0.784,0.88,36.0,206.46,685.75,13.0,8.0,5.0,0.6153846153846154,7.230769230769231,13.0,0.5384615384615384
2023,Massachusetts,FBS Independents,0.149003685835899,0.4074585635359116,1.3227921585289053,0.209,3.1862637362637365,0.16483516483516483,0.298502324546403,0.4871099050203528,1.2620893962636774,0.149,3.833710407239819,0.083710407239819,-0.149498638710504,-0.0796513414844412,-0.06,-17.5,125.0,20.8,36.2,-2.1,0.531,0.678,127.0,72.64,565.65,12.0,3.0,9.0,0.25,-14.666666666666666,12.0,0.4166666666666667
2023,Memphis,American Athletic,0.2698273813270968,0.46875,1.320816070607879,0.138,2.9735148514851484,0.19554455445544555,0.14818133803063813,0.4197674418604651,1.3462946956964645,0.173,3.001438848920863,0.19904076738609114,0.1216460432964587,0.04898255813953489,0.034999999999999976,3.5,54.0,37.1,33.8,0.3,0.523,0.71,60.0,186.18,626.86,13.0,10.0,3.0,0.7692307692307693,10.615384615384615,13.0,0.38461538461538464
2023,Miami,ACC,0.24575564271751102,0.4326812428078251,1.33005675852604,0.146,3.2938242280285035,0.15914489311163896,0.12217910387955358,0.385297845373891,1.2930035945190905,0.177,2.575609756097561,0.24390243902439024,0.12357653883795744,0.047383397433934105,0.031,9.6,28.0,30.7,23.1,1.9,0.72,0.658,7.0,284.64,860.27,13.0,7.0,6.0,0.5384615384615384,8.692307692307692,13.0,0.46153846153846156
2023,Miami (OH),Mid-American,0.14620886062496583,0.3759493670886076,1.2765547383656644,0.176,3.004201680672269,0.17016806722689076,0.09551900794240831,0.4019607843137255,1.1063428752516091,0.174,3.1048625792811837,0.14376321353065538,0.05068985268255752,-0.026011417225117905,-0.0020000000000000018,2.8,58.0,18.5,17.7,2.0,0.675,0.784,105.0,129.81,408.16,14.0,11.0,3.0,0.7857142857142857,9.714285714285714,14.0,0.7857142857142857
2023,Michigan,Big Ten,0.2896240024989519,0.4743729552889858,1.2104723048424018,0.11,3.1456238361266293,0.1378026070763501,-0.008875906191706591,0.34345794392523366,1.1479908811231172,0.215,2.6394673123486685,0.19854721549636803,0.2984999086906585,0.13091501136375217,0.105,31.3,1.0,36.6,7.2,1.8,0.777,0.825,17.0,245.13,850.43,15.0,15.0,0.0,1.0,25.466666666666665,15.0,0.6666666666666666
2023,Michigan State,Big Ten,0.002928541911645678,0.36792452830188677,1.1599124559034892,0.193,2.7057636887608068,0.20461095100864554,0.18842995911534968,0.43489254108723135,1.1860902462704543,0.161,3.1965174129353233,0.1517412935323383,-0.185501417203704,-0.06696801278534459,-0.032,-6.8,87.0,15.7,24.0,1.6,0.21,0.254,24.0,224.87,747.34,12.0,4.0,8.0,0.3333333333333333,-12.416666666666666,12.0,0.5
2023,Middle Tennessee,Conference USA,0.13663040554192585,0.3973105134474328,1.341717948530221,0.171,3.0574229691876753,0.1792717086834734,0.1502824311092232,0.42707117852975496,1.1830904437593843,0.169,2.970559610705596,0.19464720194647203,-0.01365202556729736,-0.02976066508232217,-0.0020000000000000018,-9.5,101.0,21.5,30.0,-1.0,0.337,0.315,120.0,100.8,487.98,12.0,4.0,8.0,0.3333333333333333,-3.8333333333333335,12.0,0.3333333333333333
2023,Minnesota,Big Ten,0.07888171071460016,0.4051724137931034,1.1019265386705606,0.142,3.1600831600831603,0.14345114345114346,0.21903422257906552,0.4306930693069307,1.2678352177440213,0.138,3.117091836734694,0.15306122448979592,-0.14015251186446537,-0.02552065551382726,-0.003999999999999976,0.4,63.0,20.0,21.1,1.5,0.409,0.344,45.0,201.22,640.46,13.0,6.0,7.0,0.46153846153846156,-5.769230769230769,13.0,0.3076923076923077
2023,Mississippi State,SEC,0.08425713322322344,0.3608108108108108,1.295460606877714,0.164,2.98048128342246,0.20855614973262032,0.15183452446692378,0.420584498094028,1.2095109948147247,0.156,2.9379716981132074,0.18867924528301888,-0.06757739124370034,-0.05977368728321719,-0.008000000000000007,0.5,62.0,24.7,24.9,0.7,0.584,0.715,27.0,222.92,746.29,12.0,5.0,7.0,0.4166666666666667,-4.75,12.0,0.3333333333333333
2023,Missouri,SEC,0.279187513184424,0.45654692931633833,1.295107811357085,0.143,2.9927505330490405,0.21108742004264391,0.11700435492242117,0.37149817295980514,1.29498852002163,0.201,2.7768831168831167,0.22337662337662337,0.1621831582620028,0.0850487563565332,0.058000000000000024,19.3,10.0,36.5,18.0,0.8,0.651,0.83,34.0,211.13,755.4,13.0,11.0,2.0,0.8461538461538461,11.692307692307692,13.0,0.6923076923076923
2023,NC State,ACC,0.1572591190525568,0.4009433962264151,1.2312591892762428,0.171,3.1411504424778762,0.1570796460176991,0.0885179808301487,0.38373570520965694,1.2924453898803703,0.187,2.849565217391304,0.20869565217391303,0.0687411382224081,0.017207691016758175,0.015999999999999986,7.4,39.0,25.5,19.7,1.6,0.385,0.449,43.0,204.08,700.85,13.0,9.0,4.0,0.6923076923076923,5.461538461538462,13.0,0.5384615384615384
2023,Navy,American Athletic,0.03261441147545201,0.3638814016172507,1.1745106681009598,0.15,2.771647509578544,0.18582375478927204,0.1052797820082008,0.3989431968295905,1.2109183602514286,0.177,2.7483204134366925,0.20671834625322996,-0.0726653705327488,-0.03506179521233982,0.026999999999999996,-13.7,113.0,15.0,27.2,-1.5,0.611,0.751,131.0,67.03,0.0,12.0,5.0,7.0,0.4166666666666667,-4.75,12.0,0.36363636363636365
2023,Nebraska,Big Ten,0.10580898890313967,0.3767313019390582,1.2985512738827212,0.215,3.244243792325056,0.1399548532731377,0.08430645480170347,0.38070404172099087,1.1296785322808398,0.194,3.211011904761905,0.1130952380952381,0.021502534101436196,-0.003972739781932688,-0.02099999999999999,0.3,65.0,15.6,13.9,-1.4,0.14,0.403,25.0,224.12,765.2,12.0,5.0,7.0,0.4166666666666667,-0.25,12.0,0.3333333333333333
2023,Nevada,Mountain West,0.008442708096168003,0.35759897828863346,1.221506884212308,0.214,2.64529702970297,0.21534653465346534,0.2422750217887089,0.4652061855670103,1.3300544720017162,0.141,3.25935960591133,0.15763546798029557,-0.2338323136925409,-0.10760720727837686,-0.07300000000000001,-22.0,132.0,14.6,37.0,0.4,0.225,0.333,107.0,126.82,470.32,12.0,2.0,10.0,0.16666666666666666,-16.083333333333332,12.0,0.5
2023,New Mexico,Mountain West,0.2629844737971728,0.4573248407643312,1.2788324002061893,0.18,3.292401960784314,0.15931372549019607,0.280366624115712,0.46582984658298465,1.2871714132137098,0.149,3.405167958656331,0.15762273901808785,-0.01738215031853918,-0.008505005818653433,-0.031,-16.5,124.0,22.5,37.2,-1.8,0.305,0.395,128.0,72.37,375.35,12.0,4.0,8.0,0.3333333333333333,-7.833333333333333,12.0,0.5
2023,New Mexico State,Conference USA,0.2718376862527717,0.47692307692307695,1.251591038079113,0.141,3.574451097804391,0.1536926147704591,0.19398109907224875,0.43907563025210083,1.2299774916621502,0.155,3.124780701754386,0.16447368421052633,0.07785658718052296,0.037847446670976115,0.014000000000000012,-1.8,73.0,23.3,25.8,0.7,0.843,0.946,113.0,116.57,378.99,15.0,10.0,5.0,0.6666666666666666,4.666666666666667,15.0,0.7333333333333333
2023,North Carolina,ACC,0.2833259510362629,0.4696969696969697,1.2788486707203344,0.14,3.3680365296803654,0.1461187214611872,0.1738925650789952,0.41519823788546256,1.2807288857802293,0.156,3.2587852494577008,0.1301518438177874,0.1094333859572677,0.05449873181150716,0.015999999999999986,7.4,39.0,34.4,27.8,0.8,0.776,0.873,30.0,219.35,805.63,13.0,8.0,5.0,0.6153846153846154,7.230769230769231,13.0,0.46153846153846156
2023,North Texas,American Athletic,0.26373202655131184,0.4464487034949267,1.4317856733416439,0.168,3.3330845771144277,0.16417910447761194,0.31398724505010156,0.4821852731591449,1.2643793502819427,0.112,3.4356164383561643,0.14285714285714285,-0.05025521849878972,-0.035736569664218176,-0.05600000000000001,-6.7,86.0,32.9,41.3,1.7,0.416,0.535,99.0,137.98,474.38,12.0,5.0,7.0,0.4166666666666667,-2.5833333333333335,12.0,0.5833333333333334
2023,Northern Illinois,Mid-American,0.19831992483602806,0.4240583232077764,1.2371320460200714,0.16,3.1975555555555557,0.16444444444444445,0.12226911727592332,0.40074441687344914,1.123855898038947,0.139,3.3029680365296805,0.12100456621004566,0.07605080756010474,0.023313906334327283,-0.02099999999999999,-7.5,93.0,18.3,24.2,-1.7,0.622,0.555,103.0,131.18,352.36,13.0,7.0,6.0,0.5384615384615384,3.923076923076923,13.0,0.46153846153846156
2023,Northwestern,Big Ten,0.09118483904555276,0.3914081145584726,1.1589829909077531,0.184,2.664516129032258,0.21588089330024815,0.12121067467840592,0.4294049008168028,1.1127552820976874,0.162,3.1038135593220337,0.15889830508474576,-0.03002583563285316,-0.03799678625833025,-0.021999999999999992,-1.3,69.0,18.5,18.5,-1.3,0.657,0.599,47.0,200.11,657.88,13.0,8.0,5.0,0.6153846153846154,-0.46153846153846156,13.0,0.6923076923076923
2023,Notre Dame,FBS Independents,0.3416955138906538,0.49627791563275436,1.3099288144085277,0.135,3.344796380090498,0.1515837104072398,-0.0057114227371585285,0.34328358208955223,1.238629266945535,0.202,2.732266009852217,0.20935960591133004,0.3474069366278123,0.15299433354320213,0.067,20.1,8.0,36.3,16.7,0.5,0.345,0.324,12.0,272.74,870.7,13.0,10.0,3.0,0.7692307692307693,23.23076923076923,13.0,0.7692307692307693
2023,Ohio,Mid-American,0.1701870546592139,0.45127610208816704,1.0982506837129642,0.148,3.0156989247311827,0.17419354838709677,0.02495103654401595,0.3555858310626703,1.264778710799351,0.204,2.596686746987952,0.22289156626506024,0.14523601811519796,0.09569027102549676,0.055999999999999994,-1.6,70.0,18.5,18.1,-2.0,0.921,0.935,97.0,140.79,342.6,13.0,10.0,3.0,0.7692307692307693,8.461538461538462,13.0,0.5384615384615384
2023,Ohio State,Big Ten,0.2928523069887509,0.4600484261501211,1.2404180702920453,0.154,3.2009685230024214,0.14285714285714285,0.005519691055362832,0.3596597812879708,1.1053117609778964,0.164,3.0044917257683217,0.15602836879432624,0.2873326159333881,0.10038864486215027,0.010000000000000009,25.2,4.0,31.5,7.8,1.5,0.644,0.636,5.0,288.98,974.79,13.0,11.0,2.0,0.8461538461538461,19.307692307692307,13.0,0.5384615384615384
2023,Oklahoma,Big 12,0.32535630547175637,0.4941427050053248,1.300585882135391,0.143,3.035876288659794,0.18762886597938144,0.07932783202503034,0.380065717415115,1.389599091428995,0.194,2.601864801864802,0.26573426573426573,0.24602847344672601,0.11407698759020979,0.05100000000000002,15.0,17.0,38.5,22.6,-1.0,0.527,0.675,4.0,289.03,884.97,13.0,10.0,3.0,0.7692307692307693,18.23076923076923,13.0,0.6153846153846154
2023,Oklahoma State,Big 12,0.17148278251589477,0.43084577114427863,1.3049019574475933,0.143,2.862004662004662,0.19813519813519814,0.24234856983269554,0.4019088016967126,1.485552387367765,0.157,2.971663244353183,0.20123203285420946,-0.07086578731680077,0.02893696944756602,0.014000000000000012,6.7,42.0,32.8,27.1,1.0,0.3,0.335,54.0,193.19,649.79,14.0,10.0,4.0,0.7142857142857143,1.0,14.0,0.5714285714285714
2023,Old Dominion,Sun Belt,0.10894900744593367,0.38095238095238093,1.3781952107149826,0.201,3.0458536585365854,0.1951219512195122,0.1012301787075999,0.4367219917012448,1.099800338114383,0.166,2.773570019723866,0.1913214990138067,0.007718828738333766,-0.055769610748863885,-0.035,-10.1,102.0,23.1,31.3,-1.9,0.211,0.223,122.0,95.13,343.17,13.0,6.0,7.0,0.46153846153846156,-3.3076923076923075,12.0,0.5833333333333334
2023,Ole Miss,SEC,0.3052887683309152,0.455531453362256,1.3944162854163378,0.157,2.9776679841897233,0.2075098814229249,0.15537349080041113,0.417960088691796,1.2471886016351676,0.175,3.1354978354978353,0.15584415584415584,0.14991527753050404,0.03757136467045996,0.017999999999999988,18.4,12.0,36.3,19.2,1.3,0.618,0.728,23.0,227.96,756.04,13.0,11.0,2.0,0.8461538461538461,12.538461538461538,13.0,0.5384615384615384
2023,Oregon,Pac-12,0.468550059887564,0.562962962962963,1.2678145754691907,0.089,3.592325581395349,0.14651162790697675,0.06361388627572875,0.3831460674157303,1.2043215033562136,0.172,3.115989159891599,0.17073170731707318,0.4049361736118352,0.17981689554723268,0.08299999999999999,26.2,3.0,45.0,18.2,-0.5,0.807,0.844,9.0,278.44,874.74,14.0,12.0,2.0,0.8571428571428571,27.714285714285715,14.0,0.7857142857142857
2023,Oregon State,Pac-12,0.3007131207224702,0.4853658536585366,1.2654913689644,0.154,3.2886524822695034,0.18439716312056736,0.1191685940086235,0.4266826923076923,1.2130686570567553,0.189,2.884677419354839,0.18010752688172044,0.1815445267138467,0.05868316135084428,0.035,12.6,19.0,33.2,22.3,1.7,0.527,0.624,49.0,198.88,653.16,13.0,8.0,5.0,0.6153846153846154,8.923076923076923,13.0,0.46153846153846156
2023,Penn State,Big Ten,0.24653476947379016,0.46703296703296704,1.1171022857294908,0.112,3.4655030800821356,0.10472279260780287,-0.013629869786224194,0.327720207253886,1.2787507373482698,0.225,2.3242966751918157,0.25831202046035806,0.2601646392600144,0.13931275977908103,0.113,23.5,5.0,32.7,10.5,1.3,0.428,0.489,14.0,270.1,858.06,13.0,10.0,3.0,0.7692307692307693,22.76923076923077,13.0,0.6923076923076923
2023,Pittsburgh,ACC,0.07030799520295218,0.37940761636107195,1.2861832112231135,0.192,2.8891238670694865,0.18731117824773413,0.10734332556225859,0.39272271016311167,1.3226323277357162,0.177,2.843137254901961,0.2178649237472767,-0.03703533035930641,-0.013315093802039712,-0.015000000000000013,-7.3,90.0,19.3,26.0,-0.6,0.319,0.292,51.0,196.32,700.42,12.0,3.0,9.0,0.25,-7.166666666666667,12.0,0.3333333333333333
2023,Purdue,Big Ten,0.1179888133157572,0.4204946996466431,1.166970145262359,0.181,3.123006833712984,0.20273348519362186,0.18048508376406094,0.4025157232704403,1.3353613366930945,0.17,2.9954773869346734,0.18090452261306533,-0.06249627044830375,0.017978976376202827,-0.010999999999999982,-7.3,90.0,21.8,27.1,-2.0,0.344,0.363,68.0,179.36,671.1,12.0,4.0,8.0,0.3333333333333333,-6.5,12.0,0.3333333333333333
2023,Rice,American Athletic,0.21465302024502508,0.43586550435865506,1.3382128640667381,0.178,2.949717514124294,0.17796610169491525,0.12523188503608615,0.3997584541062802,1.2300346033304137,0.145,3.0347222222222223,0.15046296296296297,0.08942113520893893,0.03610705025237487,-0.033,-10.2,103.0,26.0,34.4,-1.8,0.425,0.464,86.0,159.14,466.78,13.0,6.0,7.0,0.46153846153846156,1.4615384615384615,13.0,0.6153846153846154
2023,Rutgers,Big Ten,0.11584282968196541,0.4057071960297767,1.1639157431631555,0.13,3.0397205588822356,0.1656686626746507,0.11627485244719317,0.45073891625615764,0.9773077461012097,0.15,3.202112676056338,0.12910798122065728,-0.0004320227652277603,-0.04503172022638097,0.01999999999999999,3.5,54.0,21.0,18.7,1.2,0.439,0.765,57.0,190.36,636.35,13.0,7.0,6.0,0.5384615384615384,2.0,13.0,0.5384615384615384
2023,SMU,American Athletic,0.27382762166245866,0.44523326572008115,1.3320284460946126,0.129,3.21434034416826,0.14340344168260039,0.009344623159040671,0.34619750283768447,1.2766718401613248,0.206,2.7837587006960556,0.20649651972157773,0.264482998503418,0.09903576288239668,0.07699999999999999,10.1,24.0,34.1,23.0,-1.1,0.417,0.413,72.0,171.15,714.21,14.0,11.0,3.0,0.7857142857142857,20.928571428571427,14.0,0.5714285714285714
2023,Sam Houston,Conference USA,0.08966277123211122,0.3653366583541147,1.1643232587828858,0.15,2.613218390804598,0.15804597701149425,0.16603090199908088,0.41645569620253164,1.1901609693820598,0.137,3.224401913875598,0.14114832535885166,-0.07636813076696966,-0.051119037848416926,-0.012999999999999984,-13.8,115.0,16.0,28.8,-1.1,,,96.0,141.34,240.42,12.0,3.0,9.0,0.25,-6.166666666666667,12.0,0.5
2023,San Diego State,Mountain West,0.10810083149524384,0.42424242424242425,1.0583523166571511,0.146,3.1,0.14754098360655737,0.23073518654316214,0.4707379134860051,1.1698589032440208,0.156,3.4492146596858637,0.1256544502617801,-0.1226343550479183,-0.04649548924358082,0.010000000000000009,-10.3,104.0,19.4,30.2,0.5,0.78,0.611,78.0,163.05,440.15,12.0,4.0,8.0,0.3333333333333333,-6.25,12.0,0.5833333333333334
2023,San José State,Mountain West,0.24962035781698239,0.44766708701134933,1.3580515797659614,0.167,3.1858560794044664,0.21339950372208435,0.19661007995718238,0.4238095238095238,1.2259052325416844,0.15,3.4342047930283224,0.14814814814814814,0.053010277859800004,0.023857563201825527,-0.017000000000000015,-3.4,77.0,28.1,29.5,-2.0,0.685,0.841,112.0,118.01,513.83,13.0,7.0,6.0,0.5384615384615384,6.230769230769231,13.0,0.6923076923076923
2023,South Alabama,Sun Belt,0.28857275946846234,0.4431818181818182,1.4242110084391781,0.161,3.3710407239819005,0.13122171945701358,0.09879190949359935,0.37608966376089664,1.2234781912824393,0.178,2.8333333333333335,0.16666666666666666,0.189780849974863,0.06709215442092153,0.016999999999999987,5.1,49.0,30.6,26.0,0.5,0.856,0.856,90.0,154.95,545.68,13.0,7.0,6.0,0.5384615384615384,12.076923076923077,13.0,0.38461538461538464
2023,South Carolina,SEC,0.20421554117662472,0.4087968952134541,1.3346029932022878,0.199,2.825846153846154,0.16923076923076924,0.1740809320669145,0.43411764705882355,1.1759137413463854,0.159,3.16889400921659,0.12211981566820276,0.03013460910971022,-0.02532075184536947,-0.04000000000000001,4.3,51.0,28.2,25.6,1.7,0.636,0.644,16.0,256.14,763.02,12.0,5.0,7.0,0.4166666666666667,-0.3333333333333333,12.0,0.5
2023,South Florida,American Athletic,0.15565219043028564,0.3988212180746562,1.282360932264694,0.163,3.0244859813084113,0.17570093457943925,0.18846175010708394,0.38495092693565974,1.5085290583372923,0.188,2.7029680365296804,0.2191780821917808,-0.0328095596767983,0.01387029113899646,0.024999999999999994,-6.6,85.0,28.4,34.5,-0.4,0.463,0.446,76.0,165.19,622.89,13.0,7.0,6.0,0.5384615384615384,-0.3076923076923077,13.0,0.5384615384615384
2023,Southern Miss,Sun Belt,0.0980554112469848,0.37559808612440193,1.2980336052731776,0.195,2.9425389755011135,0.18930957683741648,0.25442356276365335,0.43089430894308944,1.4548250441685007,0.159,3.3586466165413533,0.14285714285714285,-0.15636815151666855,-0.05529622281868751,-0.036000000000000004,-14.4,116.0,23.5,36.4,-1.5,0.634,0.651,81.0,161.48,425.21,12.0,3.0,9.0,0.25,-12.583333333333334,12.0,0.3333333333333333
2023,Stanford,Pac-12,0.0764239122293085,0.3828502415458937,1.2708169792634982,0.201,2.70625,0.21195652173913043,0.3235924126075565,0.5126050420168067,1.2375250659623587,0.111,3.3868894601542414,0.16709511568123395,-0.247168500378248,-0.12975480047091298,-0.09000000000000001,-11.9,108.0,21.4,34.5,1.1,0.392,0.382,46.0,200.94,710.28,12.0,3.0,9.0,0.25,-17.083333333333332,12.0,0.4166666666666667
2023,Syracuse,ACC,0.12534545280148351,0.38044758539458184,1.2611912242667809,0.167,2.9362549800796813,0.18326693227091634,0.11306605236436912,0.4153846153846154,1.1470818873908257,0.165,2.8914163090128757,0.18669527896995708,0.012279400437114396,-0.03493702999003356,-0.0020000000000000018,-4.4,80.0,22.2,26.1,-0.5,0.767,0.706,88.0,156.73,610.75,13.0,6.0,7.0,0.46153846153846156,-1.8461538461538463,13.0,0.4166666666666667
2023,TCU,Big 12,0.23695082676861604,0.4662790697674419,1.2954216047823504,0.13,3.2326869806094183,0.14127423822714683,0.2013348886285037,0.4297924297924298,1.3062713005115048,0.128,3.1869249394673123,0.15738498789346247,0.035615938140112324,0.03648663997501206,-0.0020000000000000018,7.9,35.0,33.5,25.3,-0.3,0.144,0.125,21.0,235.07,768.25,12.0,5.0,7.0,0.4166666666666667,3.5,12.0,0.4166666666666667
2023,Temple,American Athletic,0.10750256521067374,0.3894230769230769,1.3418564462680558,0.182,2.803184713375796,0.20063694267515925,0.2817959141870409,0.4525810324129652,1.2623747871804454,0.126,3.239344262295082,0.15163934426229508,-0.17429334897636717,-0.06315795548988828,-0.055999999999999994,-21.0,127.0,18.6,37.8,-1.9,0.756,0.819,85.0,160.16,554.47,12.0,3.0,9.0,0.25,-14.583333333333334,12.0,0.25
2023,Tennessee,SEC,0.2508138988625731,0.46265328874024525,1.2179083030720812,0.129,3.3767590618336887,0.11300639658848614,0.09174119556146992,0.3758620689655172,1.3121590885818395,0.184,2.7819905213270144,0.18009478672985782,0.15907270330110318,0.08679121977472803,0.05499999999999999,16.2,14.0,34.9,19.2,0.6,0.422,0.508,10.0,277.0,821.07,13.0,9.0,4.0,0.6923076923076923,11.461538461538462,13.0,0.5384615384615384
2023,Texas,Big 12,0.2541954164235563,0.4556701030927835,1.274788804853931,0.15,3.254149377593361,0.17842323651452283,0.09196081444536519,0.3779795686719637,1.282073223986918,0.18,2.4476323119777157,0.233983286908078,0.16223460197819112,0.0776905344208198,0.03,23.2,6.0,39.3,17.7,1.6,0.61,0.561,3.0,306.31,913.24,14.0,12.0,2.0,0.8571428571428571,16.857142857142858,14.0,0.5
2023,Texas A&M,SEC,0.20764099236385958,0.4321266968325792,1.2903980692370527,0.149,3.029792147806005,0.14318706697459585,0.08073943897964775,0.36375321336760924,1.3502368748397025,0.226,2.5112,0.21866666666666668,0.12690155338421183,0.06837348346496996,0.07700000000000001,15.6,16.0,34.5,18.8,-0.1,0.648,0.516,15.0,268.85,925.92,13.0,7.0,6.0,0.5384615384615384,11.23076923076923,13.0,0.46153846153846156
2023,Texas State,Sun Belt,0.24303413221552328,0.47932131495228,1.251447468858796,0.158,3.291532258064516,0.16129032258064516,0.15786679316762434,0.41235955056179774,1.3961953729501835,0.194,2.9623348017621143,0.20044052863436124,0.08516733904789894,0.06696176439048224,0.036000000000000004,-1.6,70.0,31.2,33.8,0.9,0.469,0.447,98.0,139.15,484.79,13.0,8.0,5.0,0.6153846153846154,3.8461538461538463,13.0,0.5384615384615384
2023,Texas Tech,Big 12,0.13364789175899294,0.42902881536819637,1.1935098050431425,0.148,3.3711711711711714,0.15090090090090091,0.15945736314799772,0.4122137404580153,1.2274183478227343,0.15,3.1523489932885904,0.15659955257270694,-0.025809471389004773,0.016815074910181083,0.0020000000000000018,6.1,43.0,29.6,24.7,1.2,0.764,0.65,28.0,222.02,694.26,13.0,7.0,6.0,0.5384615384615384,1.3846153846153846,13.0,0.46153846153846156
2023,Toledo,Mid-American,0.27623174617811896,0.46153846153846156,1.290121480645477,0.138,3.3446601941747574,0.1533980582524272,0.08187023427109122,0.3900862068965517,1.1612479032722385,0.185,3.219047619047619,0.15942028985507245,0.19436151190702775,0.07145225464190985,0.046999999999999986,3.7,53.0,25.5,21.7,-0.1,0.789,0.91,102.0,131.66,497.64,14.0,11.0,3.0,0.7857142857142857,12.0,14.0,0.5
2023,Troy,Sun Belt,0.20818767993084455,0.4143468950749465,1.3554820550510223,0.169,2.9789473684210526,0.18201754385964913,0.012594634764982262,0.38,1.1916760942536446,0.194,2.771698113207547,0.2169811320754717,0.1955930451658623,0.03434689507494648,0.024999999999999994,9.8,26.0,30.7,20.1,-0.8,0.561,0.674,94.0,147.8,454.06,14.0,11.0,3.0,0.7857142857142857,12.5,14.0,0.5714285714285714
2023,Tulane,American Athletic,0.16944728020601144,0.42342342342342343,1.1731794709653551,0.148,3.15,0.13545816733067728,0.14156978656852265,0.41318681318681316,1.210886977849221,0.186,3.0241463414634144,0.17073170731707318,0.027877493637488787,0.010236610236610266,0.038000000000000006,2.8,58.0,26.5,24.4,0.8,0.59,0.635,71.0,172.87,537.7,14.0,11.0,3.0,0.7857142857142857,5.857142857142857,14.0,0.35714285714285715
2023,Tulsa,American Athletic,0.1614462940641587,0.41440377804014167,1.223876317520903,0.169,3.2117171717171717,0.1393939393939394,0.28131833586450966,0.4484472049689441,1.3809097533378378,0.144,3.142,0.165,-0.11987204180035096,-0.03404342692880241,-0.025000000000000022,-13.7,113.0,20.9,34.7,0.1,0.262,0.351,115.0,113.39,520.23,12.0,4.0,8.0,0.3333333333333333,-10.416666666666666,12.0,0.4166666666666667
2023,UAB,American Athletic,0.28152953383878093,0.4767025089605735,1.2515293034866928,0.18,3.5963917525773197,0.12628865979381443,0.2604532263981659,0.4862932061978546,1.238647252381441,0.156,3.528637413394919,0.11316397228637413,0.021076307440615005,-0.00959069723728112,-0.023999999999999994,-14.7,117.0,26.9,39.6,-2.1,0.395,0.44,92.0,149.23,473.46,12.0,4.0,8.0,0.3333333333333333,-7.0,12.0,0.5
2023,UCF,Big 12,0.3089477378726732,0.46206115515288787,1.4100310174749908,0.146,3.350499001996008,0.17764471057884232,0.14234046751979293,0.44971098265895953,1.161070544750705,0.119,3.2945606694560667,0.1694560669456067,0.16660727035288028,0.012350172493928335,-0.026999999999999996,3.4,57.0,30.3,25.2,-1.7,0.68,0.666,50.0,196.98,653.97,13.0,6.0,7.0,0.46153846153846156,5.538461538461538,13.0,0.38461538461538464
2023,UCLA,Pac-12,0.16173224103556097,0.4234913793103448,1.2854391151372704,0.167,3.2889352818371607,0.17745302713987474,0.0624384559768483,0.3803827751196172,1.1615020590142726,0.207,2.8050139275766015,0.22841225626740946,0.09929378505871267,0.043108604190727595,0.03999999999999998,9.7,27.0,29.6,18.4,-1.5,0.281,0.277,37.0,206.15,752.6,13.0,8.0,5.0,0.6153846153846154,8.076923076923077,13.0,0.46153846153846156
2023,UConn,FBS Independents,0.05837306162478971,0.3898305084745763,1.2041769192981637,0.162,2.7348958333333333,0.20572916666666666,0.2252990021930662,0.4631043256997455,1.2281653390088094,0.156,2.8782716049382717,0.19506172839506172,-0.16692594056827648,-0.07327381722516924,-0.006000000000000005,-15.6,120.0,17.0,31.0,-1.6,0.629,0.753,124.0,80.21,484.94,12.0,3.0,9.0,0.25,-10.75,12.0,0.5
2023,UL Monroe,Sun Belt,0.03372343708266699,0.351925630810093,1.2411255055960826,0.189,3.222251308900524,0.13089005235602094,0.24836530600835485,0.46757679180887374,1.2449451461711076,0.151,3.097002141327623,0.1905781584582441,-0.21464186892568787,-0.11565116099878076,-0.038000000000000006,-21.6,130.0,17.6,37.5,-1.7,0.311,0.123,126.0,73.66,336.22,12.0,2.0,10.0,0.16666666666666666,-17.583333333333332,12.0,0.4166666666666667
2023,UNLV,Mountain West,0.24977516251404536,0.4320855614973262,1.3487056166846845,0.141,3.1342465753424658,0.14285714285714285,0.23817720857727886,0.4155844155844156,1.392176615748125,0.133,3.0380281690140847,0.14084507042253522,0.011597953936766492,0.016501145912910575,-0.00799999999999998,1.4,61.0,32.1,32.7,1.9,0.624,0.621,136.0,55.31,354.46,14.0,9.0,5.0,0.6428571428571429,5.857142857142857,14.0,0.7142857142857143
2023,USC,Pac-12,0.3759875634424479,0.4767726161369193,1.4941882253992549,0.161,3.1698507462686565,0.191044776119403,0.24049240156984955,0.4491803278688525,1.3248672949130678,0.15,3.1389473684210527,0.1705263157894737,0.13549516187259833,0.02759228826806681,-0.01100000000000001,9.4,29.0,43.3,32.8,-1.2,0.742,0.764,8.0,280.44,896.41,13.0,8.0,5.0,0.6153846153846154,7.461538461538462,13.0,0.3076923076923077
2023,UTEP,Conference USA,0.14539420595954572,0.3943298969072165,1.2813331879626324,0.161,3.0233576642335764,0.19464720194647203,0.23314264905857393,0.4313984168865435,1.2998301349667005,0.152,3.3206976744186045,0.16744186046511628,-0.08774844309902821,-0.03706851997932703,-0.009000000000000008,-16.2,122.0,16.9,32.0,-1.2,0.538,0.659,121.0,100.59,379.64,12.0,3.0,9.0,0.25,-8.583333333333334,12.0,0.5
2023,UTSA,American Athletic,0.1948943343328236,0.4215481171548117,1.3162007499952417,0.144,2.9716904276985745,0.17311608961303462,0.13135903087831874,0.3767643865363735,1.3557197460030486,0.203,2.872558139534884,0.18604651162790697,0.06353530345450487,0.04478373061843821,0.059000000000000025,5.4,48.0,31.3,27.3,1.4,0.849,0.736,59.0,187.6,574.52,13.0,9.0,4.0,0.6923076923076923,7.846153846153846,13.0,0.5384615384615384
2023,Utah,Pac-12,0.10347768832778746,0.40795454545454546,1.1605543456184246,0.147,3.0821428571428573,0.18045112781954886,0.11084342565083781,0.35517693315858456,1.3801284373797778,0.18,2.92012987012987,0.19480519480519481,-0.0073657373230503476,0.052777612295960896,0.033,8.5,32.0,26.7,19.4,1.2,0.72,0.781,20.0,236.08,722.55,13.0,8.0,5.0,0.6153846153846154,3.8461538461538463,13.0,0.5
2023,Utah State,Mountain West,0.20868212715429083,0.41684901531728663,1.3511123253110624,0.186,3.397752808988764,0.1550561797752809,0.19475323637737002,0.45161290322580644,1.1751711543095613,0.173,3.223679060665362,0.18003913894324852,0.013928890776920805,-0.03476388790851981,-0.013000000000000012,-10.9,106.0,28.6,38.6,-0.9,0.467,0.451,100.0,133.96,435.99,13.0,6.0,7.0,0.46153846153846156,-1.5384615384615385,13.0,0.46153846153846156
2023,Vanderbilt,SEC,0.05918267919360095,0.3734610123119015,1.3373483640188846,0.219,3.08785046728972,0.16510903426791276,0.31317653734373624,0.4486094316807739,1.3559616714130232,0.148,3.089567430025445,0.178117048346056,-0.2539938581501353,-0.0751484193688724,-0.07100000000000001,-12.7,110.0,23.6,36.3,-0.1,0.519,0.618,52.0,195.39,639.88,12.0,2.0,10.0,0.16666666666666666,-13.333333333333334,12.0,0.16666666666666666
2023,Virginia,ACC,0.13829118029363627,0.4087677725118483,1.2183751725952794,0.188,3.0563725490196076,0.14215686274509803,0.24059527970214967,0.4489544895448955,1.235369405206565,0.149,3.3766355140186914,0.1378504672897196,-0.1023040994085134,-0.04018671703304716,-0.03900000000000001,-10.8,105.0,21.0,31.7,-0.1,0.211,0.302,64.0,180.69,622.7,12.0,3.0,9.0,0.25,-10.5,12.0,0.6666666666666666
2023,Virginia Tech,ACC,0.18092068966791666,0.4219858156028369,1.2550451578676691,0.154,3.1796610169491526,0.17584745762711865,0.1513955406298914,0.3805309734513274,1.2726319518978848,0.18,2.951566265060241,0.1927710843373494,0.02952514903802525,0.04145484215150946,0.025999999999999995,5.8,46.0,27.5,23.3,1.7,0.651,0.691,39.0,205.58,638.89,13.0,7.0,6.0,0.5384615384615384,5.615384615384615,13.0,0.6153846153846154
2023,Wake Forest,ACC,0.04469998488524385,0.40283140283140284,1.108139203340684,0.23,2.922488038277512,0.18421052631578946,0.2133150842904598,0.4083969465648855,1.3049687460824346,0.15,3.0782608695652174,0.15217391304347827,-0.16861509940521596,-0.00556554373348267,-0.08000000000000002,-7.9,96.0,20.2,26.9,-1.2,0.412,0.363,53.0,193.23,603.68,12.0,4.0,8.0,0.3333333333333333,-6.916666666666667,12.0,0.3333333333333333
2023,Washington,Pac-12,0.32361824998768457,0.5081799591002045,1.2413187726996737,0.121,3.13625,0.165,0.191308143008823,0.4477468839884947,1.1843546205251905,0.158,3.6714285714285713,0.11830357142857142,0.13231010697886156,0.06043307511170981,0.037000000000000005,16.4,13.0,40.3,24.7,0.8,0.887,0.851,26.0,223.92,751.12,15.0,14.0,1.0,0.9333333333333333,11.2,15.0,0.4666666666666667
2023,Washington State,Pac-12,0.19315758749612189,0.4531435349940688,1.2673869642235185,0.176,2.85718954248366,0.19934640522875818,0.15658373895286115,0.4196319018404908,1.2769385434380371,0.144,3.0614427860696516,0.17412935323383086,0.036573848543260734,0.03351163315357797,-0.032,4.9,50.0,31.0,27.4,1.4,0.581,0.828,63.0,184.96,573.28,12.0,5.0,7.0,0.4166666666666667,3.5833333333333335,12.0,0.5
2023,West Virginia,Big 12,0.24013527801833143,0.4460511679644049,1.306078777178252,0.136,3.2560931899641576,0.1774193548387097,0.20186473053521967,0.4219858156028369,1.3134875674576438,0.187,3.1536340852130325,0.17293233082706766,0.03827054748311176,0.024065352361568038,0.05099999999999999,7.5,37.0,31.5,24.6,0.5,0.351,0.362,48.0,199.09,666.23,13.0,9.0,4.0,0.6923076923076923,5.3076923076923075,13.0,0.6153846153846154
2023,Western Kentucky,Conference USA,0.19258209852474267,0.40561797752808987,1.3593105643015693,0.162,3.067048710601719,0.13753581661891118,0.19193644222668546,0.439312567132116,1.2213098457576643,0.143,3.5148148148148146,0.12551440329218108,0.0006456562980572123,-0.03369458960402616,-0.019000000000000017,-2.0,74.0,28.7,30.1,-0.7,0.644,0.764,134.0,58.4,491.26,13.0,8.0,5.0,0.6153846153846154,1.7692307692307692,13.0,0.46153846153846156
2023,Western Michigan,Mid-American,0.11390688263332713,0.39165701042873696,1.179128505396267,0.147,3.088590604026846,0.13646532438478748,0.22015819310617146,0.43766233766233764,1.2672001060845224,0.174,3.429048843187661,0.14395886889460155,-0.10625131047284433,-0.04600532723360068,0.026999999999999996,-15.9,121.0,19.1,33.2,-1.9,0.57,0.605,106.0,129.14,401.82,12.0,4.0,8.0,0.3333333333333333,-8.083333333333334,12.0,0.5833333333333334
2023,Wisconsin,Big Ten,0.14798136200515885,0.43921139101861995,1.0850225978401933,0.148,3.4874709976798144,0.1136890951276102,0.10514904817916207,0.41367323290845887,1.1840234820781952,0.166,3.0313817330210773,0.18501170960187355,0.04283231382599678,0.02553815811016108,0.018000000000000016,9.4,29.0,22.2,14.1,1.3,0.573,0.5,58.0,188.21,741.63,13.0,7.0,6.0,0.5384615384615384,3.3076923076923075,13.0,0.5384615384615384
2023,Wyoming,Mountain West,0.17071205162286573,0.4293193717277487,1.1827938431382865,0.154,3.259954233409611,0.15560640732265446,0.1499802638109283,0.4221218961625282,1.1728212673642187,0.146,3.0562060889929743,0.1592505854800937,0.020731787811937435,0.00719747556522049,-0.008000000000000007,-3.6,78.0,23.5,26.1,-1.0,0.739,0.643,110.0,120.69,338.5,13.0,9.0,4.0,0.6923076923076923,3.0,13.0,0.5833333333333334
2024,Air Force,Mountain West,0.13048584187762788,0.418227215980025,1.0532557012890365,0.121,3.030275229357798,0.13914373088685014,0.19494799067606317,0.41874084919472915,1.2727885240134773,0.146,3.0808785529715763,0.15762273901808785,-0.06446214879843529,-0.0005136332147041567,0.024999999999999994,-11.7,111.0,17.8,27.5,-2.0,0.338,0.217,172.0,23.21,0.0,12.0,5.0,7.0,0.4166666666666667,-4.333333333333333,12.0,0.4166666666666667
2024,Akron,Mid-American,0.06379003897790654,0.3880208333333333,1.2777041866304133,0.167,2.8454545454545457,0.19122257053291536,0.2110495511336605,0.44730392156862747,1.2353903353969045,0.143,2.953436807095344,0.1951219512195122,-0.14725951215575395,-0.05928308823529416,-0.02400000000000002,-17.9,123.0,15.7,34.6,1.0,0.27,0.215,101.0,146.65,537.82,12.0,4.0,8.0,0.3333333333333333,-11.583333333333334,12.0,0.5
2024,Alabama,SEC,0.2442450064852975,0.4585308056872038,1.3053765692140382,0.156,2.7218884120171674,0.20815450643776823,0.02714089683173836,0.36095346197502837,1.1971261826469255,0.179,2.754077253218884,0.18669527896995708,0.21710410965355914,0.09757734371217541,0.022999999999999993,25.0,4.0,37.9,14.6,1.7,0.602,0.547,2.0,310.75,1018.28,13.0,9.0,4.0,0.6923076923076923,16.384615384615383,13.0,0.5384615384615384
2024,App State,Sun Belt,0.19079451997102842,0.4385510996119017,1.3095201618176562,0.158,3.1673854447439354,0.1725067385444744,0.2837965506438679,0.48405797101449277,1.2221910652730221,0.116,3.442455242966752,0.13810741687979539,-0.09300203067283946,-0.045506871402591076,-0.041999999999999996,-8.1,100.0,27.2,33.6,-1.6,0.879,0.792,94.0,155.02,575.31,11.0,5.0,6.0,0.45454545454545453,-6.2727272727272725,11.0,0.36363636363636365
2024,Arizona,Big 12,0.11337708574239627,0.3843137254901961,1.4026707916092067,0.158,2.626885245901639,0.26557377049180325,0.22737874104813086,0.43823146944083224,1.3217091194303225,0.143,3.244665012406948,0.1687344913151365,-0.11400165530573458,-0.05391774395063614,-0.015000000000000013,-2.8,82.0,24.4,29.0,1.8,0.616,0.542,85.0,162.29,672.7,12.0,4.0,8.0,0.3333333333333333,-10.0,12.0,0.16666666666666666
2024,Arizona State,Big 12,0.2891178925164467,0.47689075630252103,1.2459139219276343,0.117,3.2656583629893237,0.1601423487544484,0.11289145210537721,0.41294642857142855,1.260595573479775,0.162,2.926470588235294,0.19607843137254902,0.1762264404110695,0.06394432773109249,0.045,9.4,35.0,32.4,20.9,-2.1,0.615,0.595,48.0,199.47,757.02,14.0,11.0,3.0,0.7857142857142857,10.357142857142858,14.0,0.8571428571428571
2024,Arkansas,SEC,0.2817213545035338,0.4916573971078977,1.2768910136451528,0.199,3.2644880174291937,0.1830065359477124,0.12770207563880895,0.4121004566210046,1.1974332705261501,0.148,2.790681818181818,0.15227272727272728,0.15401927886472486,0.0795569404868931,-0.05100000000000002,11.0,24.0,31.4,21.7,1.3,0.527,0.307,31.0,216.66,779.17,13.0,7.0,6.0,0.5384615384615384,5.923076923076923,13.0,0.6153846153846154
2024,Arkansas State,Sun Belt,0.16339419959978144,0.41195652173913044,1.1979057695961437,0.164,3.064732142857143,0.15848214285714285,0.3106343652252475,0.48300117233294254,1.29563293617761,0.152,3.4691629955947136,0.15198237885462554,-0.14724016562546607,-0.0710446505938121,-0.01200000000000001,-9.9,104.0,24.6,35.2,0.7,0.859,0.849,78.0,167.29,573.27,13.0,8.0,5.0,0.6153846153846154,-6.3076923076923075,12.0,0.5
2024,Army,American Athletic,0.30940398593539997,0.5048076923076923,1.0830289799600337,0.083,3.573809523809524,0.08263305322128851,0.16489126535516013,0.43657142857142855,1.2407031640309532,0.15,3.2776190476190474,0.15476190476190477,0.14451272058023984,0.06823626373626374,0.06699999999999999,9.2,37.0,31.1,21.7,-0.1,0.702,0.743,152.0,37.76,0.0,14.0,12.0,2.0,0.8571428571428571,15.571428571428571,13.0,0.6153846153846154
2024,Auburn,SEC,0.23549634257284402,0.4583333333333333,1.2438943111363248,0.172,3.3620689655172415,0.16710875331564987,0.07988431997667658,0.3705080545229244,1.2887208634687157,0.152,2.4272727272727272,0.21678321678321677,0.15561202259616744,0.08782527881040891,-0.01999999999999999,9.5,33.0,27.9,17.8,-0.6,0.712,0.845,10.0,275.39,833.61,12.0,5.0,7.0,0.4166666666666667,6.416666666666667,12.0,0.5
2024,BYU,Big 12,0.20074810768791373,0.4412470023980815,1.2814716284791166,0.161,3.219047619047619,0.19047619047619047,0.11903431960495524,0.4093711467324291,1.201082646835153,0.178,2.790570719602978,0.17369727047146402,0.0817137880829585,0.03187585566565243,0.016999999999999987,15.3,17.0,32.0,18.8,2.0,0.564,0.561,44.0,202.7,602.46,13.0,11.0,2.0,0.8461538461538461,11.538461538461538,12.0,0.6666666666666666
2024,Ball State,Mid-American,0.11680706978154387,0.41044776119402987,1.2391439371890978,0.193,2.991641791044776,0.14029850746268657,0.34926062977204586,0.4713375796178344,1.4537913967360996,0.134,3.25822454308094,0.1618798955613577,-0.232453559990502,-0.06088981842380453,-0.059,-19.8,126.0,21.3,40.8,-0.3,0.557,0.563,112.0,140.08,464.07,12.0,3.0,9.0,0.25,-14.75,12.0,0.5833333333333334
2024,Baylor,Big 12,0.22379567611620896,0.46408839779005523,1.279877695232616,0.122,3.148,0.13473684210526315,0.16772974286360445,0.3888255416191562,1.3408622229012728,0.149,3.020042643923241,0.17057569296375266,0.056065933252604505,0.075262856170899,0.026999999999999996,8.4,38.0,33.5,26.2,1.1,0.552,0.596,67.0,179.04,709.46,13.0,8.0,5.0,0.6153846153846154,7.6923076923076925,13.0,0.6923076923076923
2024,Boise State,Mountain West,0.33138292700534483,0.4760914760914761,1.2999354081795305,0.131,3.1734200743494423,0.17286245353159851,0.15696819650969787,0.38324022346368714,1.4311720134746941,0.2,2.719106699751861,0.21339950372208435,0.17441473049564696,0.09285125262778898,0.069,10.1,29.0,35.3,24.2,-1.0,0.5,0.486,64.0,181.19,608.26,14.0,12.0,2.0,0.8571428571428571,14.714285714285714,14.0,0.5714285714285714
2024,Boston College,ACC,0.1579725749351202,0.41375291375291373,1.2910986516444876,0.148,2.920240480961924,0.17234468937875752,0.13588115259625005,0.41211401425178146,1.1878165642153071,0.17,2.7405759162303664,0.193717277486911,0.022091422338870154,0.0016388995011322738,0.02200000000000002,1.2,70.0,28.0,24.7,-2.1,0.882,0.84,95.0,153.23,667.91,13.0,7.0,6.0,0.5384615384615384,4.384615384615385,13.0,0.6153846153846154
2024,Bowling Green,Mid-American,0.22055092333404935,0.4265402843601896,1.279754058973845,0.178,3.0215538847117793,0.22305764411027568,0.11599393081264993,0.3739130434782609,1.309046090109078,0.157,3.287654320987654,0.1506172839506173,0.10455699252139943,0.052627240881928716,-0.02099999999999999,-1.8,77.0,25.6,27.2,-0.2,0.66,0.721,100.0,149.29,484.51,13.0,7.0,6.0,0.5384615384615384,5.461538461538462,13.0,0.46153846153846156
2024,Buffalo,Mid-American,0.14471089020730546,0.3801369863013699,1.3188861379976162,0.162,2.7694280078895464,0.1854043392504931,0.14498249697578283,0.4198218262806236,1.3141114223698245,0.193,2.9437939110070257,0.1990632318501171,-0.00027160676847737264,-0.039684839979253705,0.031,-4.0,87.0,25.4,30.2,0.8,0.141,0.168,110.0,140.65,435.22,13.0,9.0,4.0,0.6923076923076923,2.4615384615384617,13.0,0.6153846153846154
2024,California,ACC,0.16898701343610617,0.41460541813898705,1.2884889472995722,0.198,2.622375690607735,0.22099447513812154,0.13814535654770113,0.3997613365155131,1.3243312596585126,0.192,2.9535714285714287,0.17346938775510204,0.03084165688840504,0.014844081623473948,-0.006000000000000005,4.0,55.0,27.4,22.9,-0.5,0.594,0.661,55.0,190.2,702.38,13.0,6.0,7.0,0.46153846153846156,2.769230769230769,13.0,0.46153846153846156
2024,Central Michigan,Mid-American,0.14301344594797116,0.3902439024390244,1.2426801677024277,0.195,3.188192771084337,0.13253012048192772,0.1877497422693999,0.3868421052631579,1.4192583159645475,0.176,2.9316953316953316,0.18181818181818182,-0.044736296321428726,0.0034017971758665277,-0.019000000000000017,-15.8,120.0,17.7,34.3,0.9,0.518,0.519,106.0,142.13,467.22,12.0,4.0,8.0,0.3333333333333333,-7.083333333333333,12.0,0.4166666666666667
2024,Charlotte,American Athletic,0.07437622253731607,0.3625170998632011,1.4674991480315478,0.184,2.7053977272727274,0.2159090909090909,0.21770973553504996,0.4445797807551766,1.2893630305584982,0.158,3.2748387096774194,0.15913978494623657,-0.1433335129977339,-0.08206268089197555,-0.025999999999999995,-15.3,118.0,21.4,37.6,0.9,0.623,0.545,74.0,169.59,648.28,12.0,5.0,7.0,0.4166666666666667,-11.416666666666666,12.0,0.5
2024,Cincinnati,Big 12,0.19167178299191207,0.44430844553243576,1.255239936221205,0.159,3.0284313725490195,0.20098039215686275,0.17341847518462697,0.4209827357237716,1.2686127637428422,0.162,3.216539440203562,0.178117048346056,0.018253307807285096,0.023325709808664163,0.0030000000000000027,-0.1,72.0,25.6,25.0,-0.7,0.308,0.33,51.0,196.87,662.34,12.0,5.0,7.0,0.4166666666666667,0.5833333333333334,12.0,0.4166666666666667
2024,Clemson,ACC,0.25097392376135536,0.46292585170340683,1.2502632427410763,0.139,3.338876404494382,0.16179775280898875,0.13349810858147168,0.4036208732694356,1.3423989635688816,0.197,3.06561797752809,0.1842696629213483,0.11747581517988367,0.059304978433971256,0.057999999999999996,13.3,22.0,35.4,20.9,-1.1,0.774,0.778,11.0,272.19,924.63,14.0,10.0,4.0,0.7142857142857143,11.285714285714286,14.0,0.42857142857142855
2024,Coastal Carolina,Sun Belt,0.1650880519266254,0.40194884287454324,1.3325136782066471,0.151,2.961437908496732,0.19172113289760348,0.21074850039705453,0.42808607021517553,1.3097210456706838,0.142,3.363368421052632,0.13263157894736843,-0.04566044847042913,-0.026137227340632285,-0.009000000000000008,-6.9,98.0,25.5,33.4,1.0,0.268,0.393,75.0,169.22,557.61,13.0,6.0,7.0,0.46153846153846156,-2.923076923076923,13.0,0.38461538461538464
2024,Colorado,Big 12,0.23237235231641443,0.44499381953028433,1.321979182656913,0.178,2.757,0.21,0.0757291374202908,0.37919463087248323,1.2639648346549162,0.201,2.8490526315789473,0.19157894736842104,0.15664321489612362,0.0657991886578011,0.02300000000000002,8.1,39.0,33.3,23.5,-1.7,0.665,0.621,81.0,165.05,749.16,13.0,9.0,4.0,0.6923076923076923,9.846153846153847,13.0,0.6923076923076923
2024,Colorado State,Mountain West,0.14995237027613492,0.4139976275207592,1.276948572204444,0.159,2.854013015184382,0.21691973969631237,0.16702859277451684,0.42889647326507396,1.2245472515336626,0.17,3.015646258503401,0.16326530612244897,-0.01707622249838192,-0.01489884574431477,0.01100000000000001,-5.7,93.0,24.2,29.2,-0.8,0.635,0.733,69.0,172.05,546.04,13.0,8.0,5.0,0.6153846153846154,-1.3846153846153846,13.0,0.5384615384615384
2024,Duke,ACC,0.0932371003123423,0.3745541022592152,1.2781651034040835,0.18,2.381842818428184,0.24932249322493225,0.08963595225272314,0.391025641025641,1.1984512376491618,0.218,2.7865263157894735,0.2168421052631579,0.0036011480596191553,-0.01647153876642582,0.038000000000000006,5.6,44.0,26.7,21.3,0.2,0.496,0.496,61.0,183.9,635.89,13.0,9.0,4.0,0.6923076923076923,1.8461538461538463,13.0,0.6666666666666666
2024,East Carolina,American Athletic,0.20254408212075514,0.4364454443194601,1.3237071997665133,0.153,3.0707692307692307,0.17582417582417584,0.15249057554994935,0.38965153115100315,1.3368552950992434,0.162,2.504642166344294,0.24758220502901354,0.05005350657080579,0.046793913168456935,0.009000000000000008,-1.0,73.0,28.5,29.7,0.2,0.328,0.327,73.0,171.38,611.66,13.0,8.0,5.0,0.6153846153846154,4.6923076923076925,13.0,0.6153846153846154
2024,Eastern Michigan,Mid-American,0.07430834035267848,0.4135429262394196,1.1703280264677363,0.178,2.9123115577889447,0.17839195979899497,0.17521050854610856,0.43946188340807174,1.2659155550028387,0.173,3.0218487394957982,0.17647058823529413,-0.10090216819343008,-0.025918957168652168,-0.0050000000000000044,-13.3,114.0,20.5,34.3,0.5,0.206,0.112,93.0,156.11,508.73,12.0,5.0,7.0,0.4166666666666667,-2.0,12.0,0.5833333333333334
2024,Florida,SEC,0.20008222610293505,0.44125,1.2171658158836791,0.16,3.1536529680365297,0.16666666666666666,0.13140472033282627,0.42826321467098166,1.198085877917999,0.184,3.037894736842105,0.16631578947368422,0.06867750577010878,0.012986785329018313,0.023999999999999994,13.8,20.0,31.7,20.0,2.1,0.723,0.718,13.0,268.25,894.24,13.0,8.0,5.0,0.6153846153846154,5.230769230769231,13.0,0.6923076923076923
2024,Florida Atlantic,American Athletic,0.17312811203134348,0.3979974968710889,1.4274851704901217,0.168,3.183649289099526,0.18009478672985782,0.20520051928942795,0.41154791154791154,1.357369688642592,0.165,3.068604651162791,0.17906976744186046,-0.03207240725808447,-0.013550414676822664,-0.0030000000000000027,-12.7,113.0,20.8,32.1,-1.5,0.027,0.083,79.0,166.84,592.16,12.0,3.0,9.0,0.25,-4.333333333333333,12.0,0.3333333333333333
2024,Florida International,Conference USA,0.13748578209912948,0.3914835164835165,1.2839114967510474,0.161,2.5214099216710184,0.24281984334203655,0.12161923325233791,0.4154761904761905,1.1500721938237493,0.12,3.2,0.15010570824524314,0.015866548846791576,-0.02399267399267402,-0.04100000000000001,-12.1,112.0,20.5,31.3,-1.2,0.599,0.804,109.0,141.29,504.39,12.0,4.0,8.0,0.3333333333333333,0.5833333333333334,12.0,0.5833333333333334
2024,Florida State,ACC,0.040392399265119706,0.3499308437067773,1.288372956681775,0.224,2.9565749235474006,0.17737003058103976,0.23882217075546852,0.40954773869346733,1.3781018393609883,0.154,3.0193693693693695,0.16891891891891891,-0.19842977149034882,-0.05961689498669004,-0.07,-3.2,83.0,20.1,25.3,2.0,0.211,0.262,12.0,271.76,879.48,12.0,2.0,10.0,0.16666666666666666,-12.583333333333334,12.0,0.3333333333333333
2024,Fresno State,Mountain West,0.10881941490702907,0.39603960396039606,1.2947138536000673,0.139,2.770857142857143,0.18285714285714286,0.08570688199990945,0.4040948275862069,1.138355094789058,0.145,2.941942604856512,0.17660044150110377,0.02311253290711962,-0.008055223625810848,0.005999999999999978,-3.8,85.0,25.1,27.6,-1.4,0.683,0.762,86.0,160.65,568.31,13.0,6.0,7.0,0.46153846153846156,1.2307692307692308,13.0,0.5384615384615384
2024,Georgia,SEC,0.23193102859825876,0.46153846153846156,1.2192178740647832,0.157,2.895641646489104,0.19128329297820823,0.10642435791536829,0.3815789473684211,1.2220280505360088,0.157,2.846035242290749,0.17180616740088106,0.12550667068289045,0.07995951417004049,0.0,24.3,6.0,37.3,14.9,1.9,0.604,0.579,1.0,317.05,1006.89,14.0,11.0,3.0,0.7857142857142857,10.928571428571429,14.0,0.2857142857142857
2024,Georgia Southern,Sun Belt,0.18088351708354175,0.42531356898517675,1.2625460866703275,0.171,2.7683574879227053,0.20772946859903382,0.23663206369680778,0.45933562428407787,1.2622956855959457,0.143,3.153919239904988,0.17339667458432304,-0.05574854661326603,-0.03402205529890112,-0.028000000000000025,-1.7,76.0,26.5,30.1,1.9,0.414,0.375,91.0,156.6,527.99,13.0,8.0,5.0,0.6153846153846154,0.38461538461538464,13.0,0.6923076923076923
2024,Georgia State,Sun Belt,0.14129737276875612,0.4062111801242236,1.3057637435479172,0.179,2.9239644970414203,0.1952662721893491,0.26508752204879094,0.4748743718592965,1.2057757782903942,0.137,3.3947939262472886,0.14316702819956617,-0.12379014928003482,-0.0686631917350729,-0.04199999999999998,-17.9,123.0,21.0,37.4,-1.5,0.314,0.136,120.0,126.1,564.88,12.0,3.0,9.0,0.25,-10.0,12.0,0.3333333333333333
2024,Georgia Tech,ACC,0.2407433775341111,0.4574944071588367,1.2402317469529198,0.129,2.900418410041841,0.18619246861924685,0.152489554582493,0.41466498103666244,1.2815568183401795,0.158,2.501322751322751,0.26455026455026454,0.0882538229516181,0.042829426122174274,0.028999999999999998,1.9,66.0,31.1,27.9,-1.3,0.849,0.852,33.0,214.0,703.0,13.0,7.0,6.0,0.5384615384615384,3.3076923076923075,13.0,0.5
2024,Hawai'i,Mountain West,0.16563868718384436,0.43950617283950616,1.1733143829323625,0.191,3.2868243243243245,0.16554054054054054,0.19168484419906798,0.421455938697318,1.1964216896892346,0.156,3.18989898989899,0.16414141414141414,-0.026046157015223614,0.01805023414218815,-0.035,-10.9,107.0,20.9,30.0,-1.8,0.896,0.883,116.0,137.6,513.7,12.0,5.0,7.0,0.4166666666666667,-3.6666666666666665,12.0,0.5
2024,Houston,Big 12,-0.0007797037050345348,0.35825105782792666,1.1713062907334666,0.209,2.577556109725686,0.2119700748129676,0.11628373866246935,0.3975741239892183,1.2707986063072187,0.175,2.769367088607595,0.1949367088607595,-0.11706344236750389,-0.039323066161291664,-0.034,-8.2,101.0,18.1,24.5,-1.8,0.636,0.828,60.0,184.0,646.7,12.0,4.0,8.0,0.3333333333333333,-8.916666666666666,12.0,0.4166666666666667
2024,Illinois,Big Ten,0.23598946892437372,0.4449877750611247,1.3004377059541006,0.178,3.1909722222222223,0.12962962962962962,0.16502316811612538,0.4597826086956522,1.088759175416141,0.134,3.560909090909091,0.10909090909090909,0.07096630080824834,-0.014794833634527493,-0.043999999999999984,9.6,31.0,29.0,20.9,1.5,0.447,0.554,49.0,198.84,653.75,13.0,10.0,3.0,0.7692307692307693,6.615384615384615,13.0,0.7692307692307693
2024,Indiana,Big Ten,0.324062865356398,0.5159386068476978,1.2435289299233259,0.142,3.054389721627409,0.1777301927194861,0.03549728928867933,0.36114732724902215,1.1637761522396501,0.22,2.2087463556851312,0.26822157434402333,0.28856557606771865,0.1547912795986756,0.07800000000000001,20.1,11.0,35.0,16.4,1.5,0.432,0.285,65.0,179.89,668.92,13.0,11.0,2.0,0.8461538461538461,25.692307692307693,13.0,0.7692307692307693
2024,Iowa,Big Ten,0.14231122252944822,0.42021276595744683,1.1977194037433312,0.134,2.9985416666666667,0.19583333333333333,0.09825669329039934,0.41829268292682925,1.0654528499464955,0.172,2.9871391076115485,0.14960629921259844,0.04405452923904889,0.001920083030617581,0.03799999999999998,15.8,16.0,27.0,13.3,2.0,0.545,0.617,32.0,215.41,723.51,13.0,8.0,5.0,0.6153846153846154,9.846153846153847,12.0,0.4166666666666667
2024,Iowa State,Big 12,0.196765155613953,0.4066937119675456,1.379216776284427,0.148,2.835,0.212,0.167220632395447,0.4197674418604651,1.2877693814993814,0.159,3.01652719665272,0.19874476987447698,0.029544523218506008,-0.013073729892919494,0.01100000000000001,10.3,28.0,30.8,20.2,-0.3,0.901,0.762,53.0,192.29,642.12,14.0,11.0,3.0,0.7857142857142857,8.142857142857142,14.0,0.5714285714285714
2024,Jacksonville State,Conference USA,0.28569392707723784,0.45560253699788583,1.3413718562009809,0.117,3.3238709677419354,0.1532258064516129,0.14205750387461868,0.4307692307692308,1.1947718482542515,0.168,3.042698706099815,0.17375231053604437,0.14363642320261916,0.02483330622865504,0.051000000000000004,-1.0,73.0,28.8,28.3,-1.5,0.399,0.405,128.0,110.7,430.94,14.0,9.0,5.0,0.6428571428571429,9.857142857142858,14.0,0.5714285714285714
2024,James Madison,Sun Belt,0.16026351785501397,0.4317673378076063,1.2204372418179312,0.136,3.283402489626556,0.14937759336099585,0.0328634028684403,0.34285714285714286,1.3989765249571169,0.204,2.476302083333333,0.23697916666666666,0.12740011498657366,0.08891019495046343,0.06799999999999998,7.5,41.0,29.7,22.9,0.7,0.037,0.056,108.0,141.41,459.14,13.0,9.0,4.0,0.6923076923076923,12.846153846153847,13.0,0.5384615384615384
2024,Kansas,Big 12,0.3127873184348474,0.4861294583883752,1.259734498237857,0.123,3.6053691275167785,0.12751677852348994,0.22077259555723455,0.4487678339818418,1.2981749886742833,0.171,3.423316062176166,0.13212435233160622,0.09201472287761286,0.0373616244065334,0.048000000000000015,4.9,50.0,32.4,26.5,-1.0,0.641,0.69,43.0,203.0,696.92,12.0,5.0,7.0,0.4166666666666667,3.6666666666666665,12.0,0.4166666666666667
2024,Kansas State,Big 12,0.28408340478141836,0.4362336114421931,1.37222304783103,0.123,3.311804008908686,0.18262806236080179,0.08898273529956426,0.3588516746411483,1.41655425414322,0.172,2.5858227848101265,0.2481012658227848,0.19510066948185412,0.07738193680104477,0.04899999999999999,14.1,18.0,33.0,20.4,1.5,0.387,0.396,57.0,187.58,651.75,13.0,9.0,4.0,0.6923076923076923,7.461538461538462,13.0,0.3076923076923077
2024,Kennesaw State,Conference USA,-0.040745769831031106,0.31564625850340133,1.2449819611148598,0.166,2.230841121495327,0.23130841121495327,0.2157355433470245,0.46296296296296297,1.1760398222863844,0.136,3.057437070938215,0.1945080091533181,-0.2564813131780556,-0.14731670445956163,-0.03,-25.1,132.0,10.2,35.1,-0.3,,,130.0,83.66,288.14,12.0,2.0,10.0,0.16666666666666666,-14.666666666666666,12.0,0.45454545454545453
2024,Kent State,Mid-American,-0.007257961364730488,0.30505709624796085,1.412919648614402,0.254,2.6061290322580644,0.21935483870967742,0.3371791324456663,0.49455864570737607,1.2855779740343436,0.114,3.5830927835051547,0.11958762886597939,-0.3444370938103968,-0.18950154945941522,-0.14,-33.0,134.0,12.6,43.8,-1.9,0.708,0.502,97.0,151.54,435.3,12.0,0.0,12.0,0.0,-30.166666666666668,12.0,0.25
2024,Kentucky,SEC,0.08664841837783999,0.4166666666666667,1.1707586242568975,0.195,3.07192118226601,0.18472906403940886,0.1392262246358277,0.44397163120567373,1.1176321714500252,0.169,2.9726161369193154,0.18581907090464547,-0.05257780625798772,-0.02730496453900705,-0.025999999999999995,5.5,45.0,24.5,20.9,2.0,0.36,0.186,24.0,236.86,788.36,12.0,4.0,8.0,0.3333333333333333,-1.5,12.0,0.5833333333333334
2024,LSU,SEC,0.23637252865128844,0.44039735099337746,1.289803843669534,0.129,2.936111111111111,0.16944444444444445,0.170520417762022,0.41366459627329194,1.3570654403365192,0.178,2.894235588972431,0.18546365914786966,0.06585211088926643,0.026732754720085516,0.04899999999999999,15.9,15.0,36.8,21.7,0.8,0.203,0.302,7.0,278.75,906.19,13.0,9.0,4.0,0.6923076923076923,6.153846153846154,13.0,0.38461538461538464
2024,Liberty,Conference USA,0.2259289667036912,0.4834761321909425,1.1112149515140777,0.151,3.4633009708737865,0.14563106796116504,0.09899006969569073,0.38223938223938225,1.3110131872209347,0.151,2.705681818181818,0.19772727272727272,0.12693889700800048,0.10123674995156023,0.0,0.2,71.0,28.2,26.6,-1.5,0.738,0.821,105.0,142.69,569.65,12.0,8.0,4.0,0.6666666666666666,5.25,12.0,0.25
2024,Louisiana,Sun Belt,0.286036925533786,0.4444444444444444,1.3059962417529143,0.122,3.2456521739130433,0.1608695652173913,0.20186957602009287,0.47333333333333333,1.0993359846715263,0.136,3.3305494505494506,0.15164835164835164,0.08416734951369315,-0.02888888888888891,0.014000000000000012,4.8,53.0,31.5,27.8,1.1,0.476,0.577,117.0,137.49,553.39,14.0,10.0,4.0,0.7142857142857143,6.785714285714286,13.0,0.5384615384615384
2024,Louisiana Tech,Conference USA,0.020200537714157033,0.3737259343148358,1.1951447542813751,0.166,2.565296803652968,0.2237442922374429,0.0891916552737099,0.36917562724014336,1.242584940406973,0.154,2.8997830802603035,0.19739696312364424,-0.06899111755955287,0.00455030707469245,-0.01200000000000001,-11.6,110.0,15.9,26.3,-1.2,0.261,0.27,113.0,139.16,533.72,13.0,5.0,8.0,0.38461538461538464,-0.07692307692307693,12.0,0.5833333333333334
2024,Louisville,ACC,0.298001961398807,0.4583333333333333,1.361947715924828,0.127,3.0851485148514852,0.17574257425742573,0.14404668256063186,0.3956916099773243,1.327750842988475,0.163,2.8990697674418606,0.21395348837209302,0.15395527883817517,0.06264172335600904,0.036000000000000004,13.6,21.0,37.7,22.9,-1.1,0.153,0.171,58.0,186.52,739.28,13.0,9.0,4.0,0.6923076923076923,12.384615384615385,13.0,0.5384615384615384
2024,Marshall,Sun Belt,0.20298444409928795,0.42909987669543775,1.274833774562412,0.134,3.344842105263158,0.16,0.12421049138727246,0.4002267573696145,1.2838324330691877,0.19,2.941719077568134,0.18658280922431866,0.0787739527120155,0.02887311932582326,0.055999999999999994,3.1,58.0,29.6,26.9,0.4,0.269,0.26,103.0,145.69,587.22,13.0,10.0,3.0,0.7692307692307693,8.76923076923077,13.0,0.8461538461538461
2024,Maryland,Big Ten,0.12070808677030251,0.4053738317757009,1.2519143022140886,0.168,2.882798833819242,0.18075801749271136,0.17418134586875564,0.4236024844720497,1.2311341767154664,0.142,2.6773170731707316,0.2097560975609756,-0.05347325909845313,-0.01822865269634877,-0.026000000000000023,-3.9,86.0,23.3,27.1,-0.1,0.37,0.413,39.0,209.92,695.59,12.0,4.0,8.0,0.3333333333333333,-6.75,12.0,0.3333333333333333
2024,Massachusetts,FBS Independents,0.1557687243042455,0.4005037783375315,1.2401396770768174,0.173,3.0375,0.15401785714285715,0.26131554199253987,0.46403385049365303,1.2125215309916542,0.14,3.527944572748268,0.11085450346420324,-0.10554681768829438,-0.06353007215612155,-0.032999999999999974,-21.9,129.0,20.5,40.3,-2.1,0.339,0.393,126.0,119.41,585.57,12.0,2.0,10.0,0.16666666666666666,-13.0,12.0,0.5
2024,Memphis,American Athletic,0.26936730033880146,0.4369565217391304,1.3399305884221764,0.118,3.2316901408450702,0.16666666666666666,0.16997148037748305,0.39486552567237165,1.4104463850320021,0.198,2.608022922636103,0.22063037249283668,0.09939581996131841,0.04209099606675876,0.08000000000000002,9.6,31.0,36.7,28.2,1.0,0.798,0.735,68.0,176.2,633.44,13.0,11.0,2.0,0.8461538461538461,11.846153846153847,13.0,0.46153846153846156
2024,Miami,ACC,0.4059188102391107,0.5194805194805194,1.3550094048231998,0.111,3.686231884057971,0.0966183574879227,0.13786233134444711,0.3728395061728395,1.452780352908357,0.189,2.6403899721448467,0.24512534818941503,0.26805647889466355,0.14664101330767992,0.078,21.6,10.0,44.2,24.3,1.8,0.474,0.413,4.0,291.54,868.15,13.0,10.0,3.0,0.7692307692307693,18.615384615384617,13.0,0.5384615384615384
2024,Miami (OH),Mid-American,0.14237259685743706,0.4065040650406504,1.2909418369773267,0.172,3.070381231671554,0.17888563049853373,0.12176553489651838,0.4358974358974359,1.0521391748911297,0.171,3.237990196078431,0.12990196078431374,0.020607061960918674,-0.029393370856785506,-0.0009999999999999731,1.3,68.0,23.2,23.2,1.3,0.6,0.494,82.0,164.93,505.3,14.0,9.0,5.0,0.6428571428571429,5.285714285714286,14.0,0.5
2024,Michigan,Big Ten,0.11344290505640826,0.403530895334174,1.1061459634112518,0.154,3.008510638297872,0.14468085106382977,0.12004668378551865,0.3827460510328068,1.26141831283045,0.188,2.720113314447592,0.17563739376770537,-0.006603778729110388,0.020784844301367233,0.034,10.6,26.0,24.1,15.1,1.7,0.26,0.321,16.0,261.94,859.21,13.0,8.0,5.0,0.6153846153846154,2.076923076923077,13.0,0.46153846153846156
2024,Michigan State,Big Ten,0.1313901865466538,0.42027027027027025,1.1557587160097895,0.175,2.686703601108033,0.21329639889196675,0.1702373299792856,0.4120054570259209,1.337447805425867,0.145,2.6440318302387267,0.22281167108753316,-0.03884714343263179,0.008264813244349356,-0.03,-4.6,90.0,18.0,24.1,1.4,0.301,0.314,42.0,203.52,721.75,12.0,5.0,7.0,0.4166666666666667,-6.75,12.0,0.3333333333333333
2024,Middle Tennessee,Conference USA,0.11618878910248856,0.39466666666666667,1.2805586802231512,0.185,2.7953177257525086,0.23076923076923078,0.31703365771004577,0.4899497487437186,1.2860730080766307,0.139,3.095691609977324,0.18594104308390022,-0.2008448686075572,-0.09528308207705194,-0.045999999999999985,-24.4,131.0,13.7,37.3,-0.8,0.555,0.795,119.0,131.88,503.43,12.0,3.0,9.0,0.25,-16.166666666666668,11.0,0.2
2024,Minnesota,Big Ten,0.20810655560000316,0.44649446494464945,1.1853966446694972,0.156,2.7657894736842104,0.18421052631578946,0.04743023562235254,0.38002594033722437,1.1719544557553145,0.198,2.6571052631578946,0.17894736842105263,0.1606763199776506,0.06646852460742508,0.04200000000000001,10.4,27.0,25.6,15.4,0.2,0.55,0.386,37.0,211.62,705.22,13.0,8.0,5.0,0.6153846153846154,9.23076923076923,13.0,0.7692307692307693
2024,Mississippi State,SEC,0.18149896343349495,0.39869281045751637,1.4106797038031174,0.205,2.9644736842105264,0.15789473684210525,0.27963988985524,0.5005847953216375,1.1133516849766332,0.111,3.248235294117647,0.14705882352941177,-0.09814092642174507,-0.1018919848641211,-0.09399999999999999,-4.1,88.0,25.5,31.2,1.5,0.191,0.223,28.0,223.21,743.77,12.0,2.0,10.0,0.16666666666666666,-8.25,12.0,0.5833333333333334
2024,Missouri,SEC,0.1795790085702344,0.44127332601536773,1.1644682566991593,0.113,3.0771894093686356,0.1425661914460285,0.11062034185617091,0.39920424403183025,1.249438067508226,0.183,2.719221411192214,0.1922141119221411,0.06895866671406349,0.04206908198353748,0.06999999999999999,14.0,19.0,33.7,18.7,-1.0,0.875,0.659,20.0,241.93,807.36,13.0,10.0,3.0,0.7692307692307693,8.538461538461538,13.0,0.6923076923076923
2024,NC State,ACC,0.22872682942007502,0.44528301886792454,1.3307069167335928,0.199,3.1604113110539847,0.16966580976863754,0.18109423720255527,0.40384615384615385,1.3734068736749312,0.2,3.0313432835820895,0.15671641791044777,0.047632592217519754,0.041436865021770686,0.0010000000000000009,3.9,56.0,29.9,26.5,0.5,0.34,0.221,27.0,225.02,722.41,13.0,6.0,7.0,0.46153846153846156,-1.6153846153846154,13.0,0.3076923076923077
2024,Navy,American Athletic,0.2603778730849441,0.42633637548891784,1.3423062025002694,0.113,3.1359861591695504,0.14186851211072665,0.11347945464745143,0.41309255079006774,1.195350024646208,0.144,3.2858695652173915,0.13478260869565217,0.14689841843749266,0.013243824698850104,0.030999999999999986,3.5,57.0,29.5,24.4,-1.7,0.575,0.603,153.0,37.64,0.0,13.0,10.0,3.0,0.7692307692307693,9.153846153846153,13.0,0.6923076923076923
2024,Nebraska,Big Ten,0.16545987279585997,0.44302325581395346,1.1110008447431503,0.158,3.175771971496437,0.12589073634204276,0.12719668650568672,0.4095112285336856,1.2870881339015534,0.192,2.747752808988764,0.21067415730337077,0.03826318629017325,0.033512027280267864,0.034,5.5,45.0,23.1,15.8,-1.8,0.625,0.589,18.0,247.5,790.42,13.0,7.0,6.0,0.5384615384615384,4.076923076923077,13.0,0.6923076923076923
2024,Nevada,Mountain West,0.21456244588389983,0.45102781136638453,1.228131323061017,0.163,3.0891705069124424,0.15668202764976957,0.24479828320977665,0.47002398081534774,1.246392709106633,0.144,3.2234800838574422,0.16771488469601678,-0.030235837325876813,-0.018996169448963207,-0.019000000000000017,-15.2,117.0,21.0,34.2,-2.0,0.493,0.682,127.0,113.08,525.22,13.0,3.0,10.0,0.23076923076923078,-5.6923076923076925,13.0,0.46153846153846156
2024,New Mexico,Mountain West,0.30338572807169506,0.4831168831168831,1.2439390160771275,0.125,3.801496259351621,0.11471321695760599,0.3417937532271161,0.5050377833753149,1.2675411197099897,0.138,3.273732718894009,0.15668202764976957,-0.03840802515542102,-0.021920900258431797,0.013000000000000012,-14.8,116.0,27.6,40.5,-1.9,0.349,0.261,201.0,10.22,464.59,12.0,5.0,7.0,0.4166666666666667,-4.5,12.0,0.5833333333333334
2024,New Mexico State,Conference USA,0.04118816455797912,0.38140161725067384,1.2171288852109248,0.185,3.2153488372093024,0.15348837209302327,0.27720941786531395,0.42133333333333334,1.4562765055076035,0.113,3.143116883116883,0.17922077922077922,-0.2360212533073348,-0.039931716082659496,-0.072,-19.0,125.0,17.8,38.1,1.3,0.137,0.099,134.0,67.75,370.2,12.0,3.0,9.0,0.25,-14.666666666666666,12.0,0.4166666666666667
2024,North Carolina,ACC,0.20977422740688648,0.4214689265536723,1.3296754959891277,0.167,3.3593548387096774,0.13333333333333333,0.16770785316635384,0.4069364161849711,1.2564281235201713,0.159,3.3835920177383594,0.12638580931263857,0.04206637424053264,0.01453251036870118,-0.008000000000000007,5.0,49.0,31.5,26.3,-0.2,0.451,0.454,26.0,228.83,794.99,13.0,6.0,7.0,0.46153846153846156,2.8461538461538463,13.0,0.23076923076923078
2024,North Texas,American Athletic,0.22725102531021096,0.41764080765143463,1.490991518176987,0.156,2.6293010752688173,0.20967741935483872,0.22084107338968068,0.4395833333333333,1.2931502310943215,0.115,3.234368932038835,0.14951456310679612,0.006409951920530288,-0.021942525681898695,-0.040999999999999995,-4.5,89.0,33.3,37.0,-0.8,0.195,0.1,70.0,172.01,595.42,13.0,6.0,7.0,0.46153846153846156,-0.6153846153846154,13.0,0.38461538461538464
2024,Northern Illinois,Mid-American,0.17750728134641355,0.43014301430143015,1.224443331119387,0.155,3.3022388059701493,0.13432835820895522,0.06200312698181769,0.37711313394018203,1.2148979698602833,0.176,3.0524193548387095,0.1478494623655914,0.11550415436459587,0.053029880361248116,0.02099999999999999,-3.5,84.0,20.0,21.6,-1.9,0.596,0.575,99.0,149.96,437.2,13.0,8.0,5.0,0.6153846153846154,6.0,13.0,0.5384615384615384
2024,Northwestern,Big Ten,0.00731813214502136,0.364247311827957,1.217086576317629,0.192,2.5493939393939393,0.24848484848484848,0.14457450082419943,0.442159383033419,1.1484987002515228,0.154,2.9983695652173914,0.18478260869565216,-0.13725636867917806,-0.07791207120546201,-0.038000000000000006,-8.2,101.0,17.5,24.3,-1.4,0.419,0.42,80.0,165.73,675.78,12.0,4.0,8.0,0.3333333333333333,-8.5,12.0,0.3333333333333333
2024,Notre Dame,FBS Independents,0.2990333724391464,0.4577114427860697,1.2890000804320347,0.123,3.26025641025641,0.14102564102564102,0.009343425240474056,0.3758519961051607,1.107634255290714,0.185,2.950275229357798,0.14862385321100918,0.28968994719867236,0.081859446680909,0.062,23.9,8.0,38.6,14.1,-0.6,0.373,0.346,9.0,275.57,905.52,16.0,14.0,2.0,0.875,20.625,16.0,0.75
2024,Ohio,Mid-American,0.2259305401456517,0.46094609460946095,1.2121469777262979,0.149,3.140036563071298,0.17184643510054845,0.09142360680550722,0.3772032902467685,1.2821622251273828,0.207,2.549113924050633,0.22531645569620254,0.13450693334014446,0.08374280436269244,0.057999999999999996,2.3,63.0,27.2,23.9,-0.9,0.13,0.095,92.0,156.49,450.55,14.0,11.0,3.0,0.7857142857142857,11.142857142857142,14.0,0.6428571428571429
2024,Ohio State,Big Ten,0.3760098451145467,0.4954499494438827,1.3385011350689109,0.123,3.2746124031007753,0.15310077519379844,-0.010420833810419857,0.35208333333333336,1.180279534074813,0.214,2.7904661016949155,0.1716101694915254,0.3864306789249666,0.14336661611054935,0.091,31.2,1.0,39.5,9.2,0.8,0.224,0.318,5.0,289.13,998.62,16.0,14.0,2.0,0.875,22.8125,16.0,0.625
2024,Oklahoma,SEC,0.08696218938254188,0.3922902494331066,1.2044625573669028,0.179,3.070021413276231,0.16916488222698073,0.05757133030436014,0.3567110036275695,1.2699146983816356,0.183,2.599539170506912,0.20276497695852536,0.029390859078181744,0.03557924580553706,0.0040000000000000036,9.5,33.0,25.9,17.8,1.4,0.394,0.37,8.0,275.64,906.61,13.0,6.0,7.0,0.46153846153846156,2.4615384615384617,13.0,0.46153846153846156
2024,Oklahoma State,Big 12,0.1920448253929542,0.42,1.258327831051744,0.146,2.8104651162790697,0.17732558139534885,0.3101042743898098,0.45153933865450396,1.475830466977497,0.146,3.3842572062084257,0.13303769401330376,-0.11805944899685561,-0.03153933865450398,0.0,-2.6,81.0,29.4,31.7,-0.4,0.821,0.8,56.0,189.96,687.76,12.0,3.0,9.0,0.25,-8.416666666666666,12.0,0.25
2024,Old Dominion,Sun Belt,0.22819426192430398,0.4267834793491865,1.3484871215662746,0.163,3.29123595505618,0.14606741573033707,0.17114721723062754,0.39176470588235296,1.3665871665483125,0.16,3.036923076923077,0.16923076923076924,0.05704704469367644,0.03501877346683352,-0.0030000000000000027,-6.0,95.0,25.7,31.3,-0.4,0.562,0.567,125.0,119.46,428.91,12.0,5.0,7.0,0.4166666666666667,0.0,12.0,0.5
2024,Ole Miss,SEC,0.3555874960720487,0.4897739504843918,1.3582642198992039,0.151,3.178131634819533,0.16560509554140126,0.011741587697649106,0.34263392857142855,1.3007360744960605,0.235,2.424384236453202,0.229064039408867,0.3438459083743996,0.14714002191296327,0.08399999999999999,27.9,2.0,37.7,11.9,2.1,0.816,0.642,21.0,240.2,801.66,13.0,10.0,3.0,0.7692307692307693,24.23076923076923,13.0,0.6153846153846154
2024,Oregon,Big Ten,0.30599990195953714,0.49420442571127504,1.2076941252667344,0.106,3.3503157894736844,0.14947368421052631,0.11072571311367631,0.3824561403508772,1.2476817820055577,0.193,3.127363184079602,0.1417910447761194,0.19527418884586084,0.11174828536039783,0.08700000000000001,26.0,3.0,40.8,16.3,1.5,0.356,0.323,3.0,293.22,916.71,14.0,13.0,1.0,0.9285714285714286,15.428571428571429,13.0,0.5384615384615384
2024,Oregon State,Pac-12,0.1513261050239828,0.431980906921241,1.1646368312328865,0.153,3.3524336283185843,0.1261061946902655,0.26521848384323504,0.47540983606557374,1.1969765394541538,0.134,3.247228915662651,0.16626506024096385,-0.11389237881925224,-0.04342892914433272,-0.01899999999999999,-6.7,97.0,26.1,32.7,0.0,0.07,0.078,87.0,159.84,626.97,12.0,5.0,7.0,0.4166666666666667,-5.666666666666667,12.0,0.3333333333333333
2024,Penn State,Big Ten,0.3031377102789347,0.5,1.2015589517520466,0.101,3.3715488215488216,0.15488215488215487,0.04662904739200842,0.37749003984063745,1.2535407212990313,0.194,2.3777777777777778,0.26262626262626265,0.2565086628869263,0.12250996015936255,0.093,24.6,5.0,37.5,13.1,0.2,0.737,0.856,15.0,265.61,895.31,16.0,13.0,3.0,0.8125,16.625,16.0,0.5
2024,Pittsburgh,ACC,0.1563534456331031,0.42006615214994486,1.3500831029531577,0.209,3.155495978552279,0.1742627345844504,0.0992697749695182,0.3802966101694915,1.4077478409224855,0.196,2.3438799076212473,0.2586605080831409,0.0570836706635849,0.03976954198045335,-0.012999999999999984,4.9,50.0,29.3,26.3,1.8,0.561,0.418,41.0,204.1,713.74,13.0,7.0,6.0,0.5384615384615384,4.538461538461538,13.0,0.5384615384615384
2024,Purdue,Big Ten,0.0701060575103315,0.3898809523809524,1.1852131808823212,0.217,3.083596214511041,0.1829652996845426,0.3740876594206628,0.47924528301886793,1.4088653142662249,0.125,3.3002257336343117,0.16478555304740405,-0.3039816019103313,-0.08936433063791555,-0.092,-16.2,121.0,19.2,33.6,-1.8,0.497,0.688,29.0,217.71,738.93,12.0,1.0,11.0,0.08333333333333333,-24.166666666666668,12.0,0.25
2024,Rice,American Athletic,0.1181681021776105,0.37976190476190474,1.3561148881339065,0.205,2.9742028985507245,0.16521739130434782,0.139177720358081,0.3547486033519553,1.3879062438442178,0.183,2.9430809399477806,0.15404699738903394,-0.02100961818047048,0.02501330140994945,-0.021999999999999992,-11.4,109.0,20.5,30.4,-1.4,0.47,0.512,122.0,121.73,538.4,12.0,4.0,8.0,0.3333333333333333,-3.25,12.0,0.5
2024,Rutgers,Big Ten,0.16199742893388497,0.4388888888888889,1.1808271427081167,0.14,2.9572301425661913,0.17718940936863545,0.23595841574139434,0.43296432964329645,1.3404190668569453,0.145,3.1973684210526314,0.17105263157894737,-0.07396098680750937,0.005924559245592431,0.004999999999999977,6.4,42.0,28.5,22.8,0.7,0.433,0.421,36.0,211.78,663.55,13.0,7.0,6.0,0.5384615384615384,3.5384615384615383,13.0,0.5384615384615384
2024,SMU,ACC,0.23466349956902283,0.43302180685358255,1.3703589511840404,0.155,2.8818713450292397,0.19103313840155944,0.025823464959031168,0.36907216494845363,1.2476989261553264,0.186,2.638952164009112,0.2164009111617312,0.20884003460999165,0.06394964190512892,0.031,17.5,12.0,38.2,21.1,0.4,0.924,0.915,107.0,142.05,788.22,14.0,11.0,3.0,0.7857142857142857,14.428571428571429,13.0,0.5384615384615384
2024,Sam Houston,Conference USA,0.09871664349139293,0.38875305623471884,1.1607926353957083,0.15,3.1218683651804673,0.15074309978768577,0.09425790611918082,0.41967621419676215,1.022833922979394,0.169,3.352657004830918,0.1280193236714976,0.004458737372212113,-0.030923157962043313,0.019000000000000017,-6.9,98.0,19.0,23.8,-2.1,0.425,0.48,124.0,121.16,488.03,13.0,10.0,3.0,0.7692307692307693,3.3076923076923075,13.0,0.5384615384615384
2024,San Diego State,Mountain West,0.13374903399368473,0.371536523929471,1.3492134311241226,0.184,3.0308290155440414,0.14248704663212436,0.22966368763515213,0.46054181389870436,1.2102628747076603,0.128,3.4915433403805496,0.11627906976744186,-0.0959146536414674,-0.08900528996923335,-0.055999999999999994,-15.4,119.0,17.7,32.1,-0.9,0.382,0.408,72.0,171.46,608.95,12.0,3.0,9.0,0.25,-8.25,11.0,0.4
2024,San José State,Mountain West,0.183389428994939,0.4385150812064965,1.298473422005991,0.182,2.3106918238993712,0.2672955974842767,0.09843187318765985,0.4057971014492754,1.2273904372112905,0.175,2.7353515625,0.203125,0.08495755580727916,0.03271797975722113,-0.007000000000000006,-5.5,92.0,26.1,30.1,-1.5,0.24,0.118,104.0,145.06,480.29,13.0,7.0,6.0,0.5384615384615384,0.8461538461538461,13.0,0.46153846153846156
2024,South Alabama,Sun Belt,0.34120000033571707,0.4993924665856622,1.2583704996552334,0.137,3.5749414519906324,0.1451990632318501,0.13122848587259864,0.4103448275862069,1.2565044273146349,0.159,2.8617021276595747,0.1607565011820331,0.20997151446311843,0.08904763899945534,0.021999999999999992,2.8,61.0,29.9,26.9,-0.2,0.374,0.343,84.0,162.93,554.77,13.0,7.0,6.0,0.5384615384615384,9.23076923076923,13.0,0.46153846153846156
2024,South Carolina,SEC,0.21797407063435872,0.4372955288985823,1.2937308206781988,0.172,3.073921200750469,0.15196998123827393,0.06509530781318071,0.41169590643274856,1.09225552280328,0.191,2.8553191489361702,0.17257683215130024,0.15287876282117802,0.02559962246583375,0.019000000000000017,16.9,14.0,32.1,16.0,0.8,0.191,0.138,22.0,239.75,798.18,13.0,9.0,4.0,0.6923076923076923,12.384615384615385,13.0,0.6923076923076923
2024,South Florida,American Athletic,0.16922211113505042,0.3922413793103448,1.3620752261184068,0.153,3.1095652173913044,0.16304347826086957,0.1377461013915904,0.38969072164948454,1.3706875417268383,0.197,2.612058212058212,0.2390852390852391,0.031476009743460015,0.002550657660860267,0.04400000000000001,-2.3,79.0,29.5,33.4,1.6,0.859,0.905,50.0,197.92,641.02,13.0,7.0,6.0,0.5384615384615384,2.3846153846153846,12.0,0.5
2024,Southern Miss,Sun Belt,-0.01794822442100452,0.34214186369958277,1.2932085818330608,0.26,2.4956284153005464,0.2677595628415301,0.30916567514163756,0.4514066496163683,1.4010684312342194,0.143,3.2714922048997774,0.18040089086859687,-0.3271138995626421,-0.10926478591678551,-0.11700000000000002,-25.6,133.0,14.4,39.4,-0.6,0.223,0.283,77.0,167.67,565.51,12.0,1.0,11.0,0.08333333333333333,-22.5,12.0,0.3333333333333333
2024,Stanford,ACC,0.09827602646074628,0.40049751243781095,1.2270450015217331,0.221,2.7077306733167084,0.23690773067331672,0.2527244065763696,0.4565499351491569,1.3283518743058402,0.144,2.9107042253521125,0.2028169014084507,-0.15444838011562328,-0.05605242271134597,-0.07700000000000001,-8.2,101.0,24.4,34.1,1.5,0.848,0.834,30.0,217.17,719.43,12.0,3.0,9.0,0.25,-10.833333333333334,12.0,0.4166666666666667
2024,Syracuse,ACC,0.2408317979449385,0.47681451612903225,1.279023475186908,0.155,2.818867924528302,0.18328840970350405,0.22803828836034398,0.43350383631713557,1.309628210672468,0.173,3.05,0.16853932584269662,0.01279350958459452,0.04331067981189668,0.017999999999999988,5.5,45.0,35.8,28.9,-1.3,0.315,0.48,38.0,210.55,698.59,13.0,10.0,3.0,0.7692307692307693,4.923076923076923,13.0,0.46153846153846156
2024,TCU,Big 12,0.2770910471083128,0.46583143507972663,1.2918712687796428,0.14,2.91171875,0.1796875,0.17063202411010772,0.40492170022371365,1.2285655367534443,0.151,3.2348936170212768,0.16170212765957448,0.10645902299820506,0.060909734856012976,0.010999999999999982,10.8,25.0,34.6,22.8,-0.9,0.544,0.522,34.0,213.87,766.5,13.0,9.0,4.0,0.6923076923076923,8.846153846153847,13.0,0.46153846153846156
2024,Temple,American Athletic,0.016975147492802895,0.3252858958068615,1.3184254075603796,0.201,2.560057471264368,0.20689655172413793,0.22401138770300716,0.4103831891223733,1.3398996113776576,0.124,3.229113924050633,0.14345991561181434,-0.20703624021020425,-0.0850972933155118,-0.07700000000000001,-20.3,127.0,17.3,37.8,0.3,0.236,0.175,115.0,138.09,532.46,12.0,3.0,9.0,0.25,-15.833333333333334,12.0,0.5
2024,Tennessee,SEC,0.23780941449577284,0.47708333333333336,1.1224566084792846,0.129,3.4745062836624774,0.10771992818671454,0.05028496459565216,0.3606755126658625,1.2481620356467935,0.216,2.5364928909952607,0.22748815165876776,0.18752444990012068,0.11640782066747085,0.087,22.0,9.0,33.7,13.5,1.7,0.331,0.357,14.0,267.26,858.67,13.0,10.0,3.0,0.7692307692307693,19.615384615384617,13.0,0.5384615384615384
2024,Texas,SEC,0.22144527116982105,0.45698924731182794,1.2831614582056277,0.181,2.932116788321168,0.19525547445255476,0.01757584808419271,0.380859375,1.0696391053716787,0.211,2.7930139720558884,0.20758483033932135,0.20386942308562833,0.07612987231182794,0.03,24.1,7.0,36.6,10.8,-1.7,0.466,0.561,6.0,286.92,953.95,16.0,13.0,3.0,0.8125,17.6875,16.0,0.5
2024,Texas A&M,SEC,0.21299230334116248,0.4544405997693195,1.1930550120246985,0.118,3.311422845691383,0.1462925851703407,0.13630829768885566,0.3773364485981308,1.430199649781857,0.206,2.570217917675545,0.23728813559322035,0.07668400565230682,0.07710415117118868,0.088,17.0,13.0,34.0,18.6,1.6,0.573,0.631,19.0,245.18,914.52,13.0,8.0,5.0,0.6153846153846154,8.153846153846153,13.0,0.23076923076923078
2024,Texas State,Sun Belt,0.2591078457916448,0.4783526927138332,1.2178913520625165,0.132,3.3729249011857707,0.1442687747035573,0.1129043607710139,0.37354988399071926,1.3914939541782914,0.191,2.759628770301624,0.23201856148491878,0.1462034850206309,0.10480280872311393,0.059,5.4,48.0,34.2,28.4,-0.4,0.391,0.362,96.0,152.53,540.17,13.0,8.0,5.0,0.6153846153846154,12.0,12.0,0.5
2024,Texas Tech,Big 12,0.24378295055602867,0.44044044044044045,1.3167643356065708,0.143,3.2201327433628317,0.16150442477876106,0.23282360930071158,0.43373493975903615,1.4052596893504699,0.137,2.8345882352941176,0.18352941176470589,0.010959341255317084,0.006705500681404297,-0.005999999999999978,4.3,54.0,33.5,30.8,1.6,0.565,0.742,25.0,236.09,732.07,13.0,8.0,5.0,0.6153846153846154,2.769230769230769,13.0,0.5384615384615384
2024,Toledo,Mid-American,0.10176170757599479,0.4050925925925926,1.2394483669503447,0.175,2.631930693069307,0.21287128712871287,0.09173018552367931,0.3967914438502674,1.1893052756224114,0.187,3.0135802469135804,0.16666666666666666,0.010031522052315472,0.008301148742325237,0.01200000000000001,-2.5,80.0,24.5,26.3,-0.7,0.459,0.421,66.0,179.4,571.92,13.0,8.0,5.0,0.6153846153846154,5.076923076923077,13.0,0.46153846153846156
2024,Troy,Sun Belt,0.21973832812388783,0.4444444444444444,1.2347500991812261,0.162,2.8895631067961167,0.18932038834951456,0.17489405503556793,0.42955801104972374,1.2346518340074475,0.166,2.935170603674541,0.1679790026246719,0.0448442730883199,0.014886433394720677,0.0040000000000000036,-6.6,96.0,24.1,30.1,-0.6,0.257,0.169,89.0,159.41,499.56,12.0,4.0,8.0,0.3333333333333333,-2.4166666666666665,12.0,0.5
2024,Tulane,American Athletic,0.29691558485628566,0.46846846846846846,1.276847950748942,0.11,3.308909090909091,0.14909090909090908,0.05492511651502953,0.3716295427901524,1.2640818473610673,0.165,2.9037735849056605,0.18396226415094338,0.24199046834125615,0.09683892567831603,0.05500000000000001,5.7,43.0,32.9,27.1,-0.1,0.304,0.481,63.0,181.26,654.07,14.0,9.0,5.0,0.6428571428571429,14.428571428571429,14.0,0.6428571428571429
2024,Tulsa,American Athletic,0.09103084851517686,0.3580387685290764,1.347131284476813,0.178,3.0011627906976743,0.17209302325581396,0.33159691443377787,0.4215568862275449,1.6134856256727474,0.151,2.957075471698113,0.19811320754716982,-0.24056606591860102,-0.06351811769846849,-0.026999999999999996,-20.6,128.0,21.2,40.3,-1.6,0.709,0.677,54.0,191.84,556.71,12.0,3.0,9.0,0.25,-17.5,12.0,0.3333333333333333
2024,UAB,American Athletic,0.16652611035319426,0.4405594405594406,1.1855180455265002,0.178,3.339516129032258,0.12903225806451613,0.21751906212391553,0.44350961538461536,1.1778571644564728,0.131,3.6831663326653308,0.11422845691382766,-0.05099295177072127,-0.0029501748251747895,-0.046999999999999986,-11.3,108.0,25.9,38.0,0.9,0.65,0.709,98.0,150.94,583.23,12.0,3.0,9.0,0.25,-8.083333333333334,12.0,0.4166666666666667
2024,UCF,Big 12,0.21717497325494298,0.4731051344743276,1.243032050432255,0.15,3.686128364389234,0.13457556935817805,0.1382976473728789,0.38471337579617837,1.3280769389528295,0.163,2.496683673469388,0.22448979591836735,0.07887732588206409,0.08839175867814925,0.013000000000000012,2.8,61.0,29.0,25.8,-0.4,0.4,0.446,35.0,212.83,746.3,12.0,4.0,8.0,0.3333333333333333,3.5,12.0,0.4166666666666667
2024,UCLA,Big Ten,0.13771075166782648,0.3923705722070845,1.293906413661377,0.173,2.515960912052117,0.21172638436482086,0.16259870371141166,0.45675675675675675,1.1185437916862389,0.181,2.9059006211180125,0.18322981366459629,-0.024887952043585182,-0.06438618454967227,0.008000000000000007,-1.3,75.0,21.3,23.3,0.7,0.617,0.472,90.0,157.07,758.87,12.0,5.0,7.0,0.4166666666666667,-6.833333333333333,12.0,0.5
2024,UConn,FBS Independents,0.1790593416937965,0.4132138857782755,1.2413634662716613,0.137,3.0973360655737703,0.1864754098360656,0.08442864052662602,0.3839080459770115,1.1914277689940345,0.178,2.712470588235294,0.2211764705882353,0.09463070116717048,0.029305839801264,0.04099999999999998,1.5,67.0,26.9,25.7,0.3,0.291,0.397,118.0,133.58,537.91,13.0,9.0,4.0,0.6923076923076923,8.846153846153847,13.0,0.6153846153846154
2024,UL Monroe,Sun Belt,0.12250321780659898,0.361671469740634,1.3703206224142723,0.161,2.8261574074074076,0.18287037037037038,0.19853167072030395,0.4693627450980392,1.0749155279901985,0.134,3.4933901918976544,0.12366737739872068,-0.07602845291370497,-0.10769127535740519,-0.026999999999999996,-16.7,122.0,16.9,32.5,-1.0,0.166,0.239,114.0,138.75,329.43,12.0,5.0,7.0,0.4166666666666667,-7.75,12.0,0.5
2024,UNLV,Mountain West,0.2209798000994151,0.4296619411123228,1.3089507209538584,0.154,3.429037800687285,0.14776632302405499,0.12260379662280073,0.38598326359832635,1.2795220058127543,0.204,2.689512195121951,0.21951219512195122,0.09837600347661436,0.043678677513996456,0.04999999999999999,9.3,36.0,32.6,24.6,1.3,0.433,0.305,76.0,168.14,575.16,14.0,11.0,3.0,0.7857142857142857,14.071428571428571,14.0,0.6153846153846154
2024,USC,Big Ten,0.22241373364346836,0.4799554565701559,1.2177092124475128,0.186,3.4793871866295265,0.14206128133704735,0.17052515275925084,0.4420289855072464,1.1328619519601395,0.141,3.213917525773196,0.12886597938144329,0.05188858088421752,0.03792647106290953,-0.04500000000000001,11.9,23.0,35.6,24.0,0.3,0.223,0.196,17.0,253.78,863.09,13.0,7.0,6.0,0.5384615384615384,6.076923076923077,13.0,0.6153846153846154
2024,UTEP,Conference USA,0.07210777206372396,0.3731155778894472,1.165012415170578,0.204,2.8567237163814183,0.21026894865525672,0.13732699506389826,0.4052132701421801,1.3292510956030323,0.182,2.9464208242950107,0.19088937093275488,-0.0652192230001743,-0.0320976922527329,-0.021999999999999992,-22.7,130.0,13.7,34.2,-2.1,0.236,0.3,83.0,163.05,455.97,12.0,3.0,9.0,0.25,-12.833333333333334,12.0,0.4166666666666667
2024,UTSA,American Athletic,0.1687542324228181,0.402834008097166,1.3169430775567132,0.164,3.054427645788337,0.19654427645788336,0.09735140233839418,0.3445867287543655,1.4979266096263082,0.229,2.1741545893719807,0.27053140096618356,0.07140283008442391,0.058247279342800495,0.065,2.2,64.0,32.3,31.5,1.4,0.327,0.531,123.0,121.57,644.36,13.0,7.0,6.0,0.5384615384615384,3.076923076923077,13.0,0.5384615384615384
2024,Utah,Big 12,0.0794594611037124,0.36904761904761907,1.3019875991101617,0.194,2.746578947368421,0.2236842105263158,0.04153892489905846,0.3503184713375796,1.34055666950489,0.199,2.5442105263157897,0.2631578947368421,0.03792053620465394,0.018729147710039473,0.0050000000000000044,7.7,40.0,23.6,17.2,1.3,0.319,0.276,59.0,184.77,745.21,12.0,5.0,7.0,0.4166666666666667,2.9166666666666665,12.0,0.4166666666666667
2024,Utah State,Mountain West,0.23786858649827106,0.4558645707376058,1.258049064379024,0.164,3.316623376623377,0.16103896103896104,0.26184613515737554,0.46551724137931033,1.2187265715846112,0.151,3.396125907990315,0.162227602905569,-0.02397754865910448,-0.009652670641704553,-0.013000000000000012,-10.4,106.0,30.2,40.3,-0.3,0.466,0.312,121.0,125.72,543.56,12.0,4.0,8.0,0.3333333333333333,-5.833333333333333,11.0,0.5
2024,Vanderbilt,SEC,0.17834107766130078,0.4209844559585492,1.2127626348590317,0.155,2.816222222222222,0.21555555555555556,0.22377039087879874,0.4627791563275434,1.1974146326092794,0.167,2.9481108312342568,0.19395465994962216,-0.04542931321749796,-0.041794700368994187,0.01200000000000001,4.9,50.0,28.2,25.4,2.0,0.163,0.238,40.0,207.79,695.96,13.0,7.0,6.0,0.5384615384615384,3.923076923076923,13.0,0.6923076923076923
2024,Virginia,ACC,0.12073432878156197,0.39518072289156625,1.1896820615684607,0.18,3.2333333333333334,0.12403100775193798,0.2461287351340997,0.4142678347934919,1.3000605028587127,0.145,3.2201511335012594,0.1385390428211587,-0.12539440635253774,-0.019087111901925635,-0.035,-5.1,91.0,23.7,29.3,0.5,0.618,0.716,88.0,159.74,662.28,12.0,5.0,7.0,0.4166666666666667,-6.083333333333333,11.0,0.6363636363636364
2024,Virginia Tech,ACC,0.1581410417764205,0.40786240786240785,1.2814715596866901,0.189,2.9577433628318586,0.19247787610619468,0.10073807914033392,0.39285714285714285,1.2486421936045011,0.194,2.92212389380531,0.18584070796460178,0.057402962636086574,0.015005265005265,0.0050000000000000044,10.0,30.0,31.3,22.4,1.2,0.838,0.869,45.0,202.61,695.42,13.0,6.0,7.0,0.46153846153846156,5.3076923076923075,13.0,0.46153846153846156
2024,Wake Forest,ACC,0.11887081427997831,0.4236276849642005,1.1699342044712726,0.165,3.0547029702970296,0.15346534653465346,0.2739397753461931,0.5116279069767442,1.1208219491913267,0.12,3.287179487179487,0.14358974358974358,-0.15506896106621482,-0.0880002220125437,-0.04500000000000001,-5.7,93.0,25.8,31.8,0.3,0.327,0.391,52.0,196.48,635.45,12.0,4.0,8.0,0.3333333333333333,-6.833333333333333,11.0,0.36363636363636365
2024,Washington,Big Ten,0.2365113804302708,0.46618357487922707,1.1685279535569273,0.161,3.2811023622047246,0.13910761154855644,0.13125672088776952,0.42839951865222625,1.1532326198728176,0.14,3.237701149425287,0.135632183908046,0.1052546595425013,0.03778405622700082,-0.02099999999999999,3.1,58.0,27.3,22.4,-1.8,0.025,0.035,47.0,201.79,741.11,13.0,6.0,7.0,0.46153846153846156,-0.38461538461538464,13.0,0.38461538461538464
2024,Washington State,Pac-12,0.29666447865326717,0.4812646370023419,1.346101280365984,0.144,3.072183908045977,0.20229885057471264,0.21125833365696542,0.4506578947368421,1.297901250332918,0.146,3.2518610421836227,0.1662531017369727,0.08540614499630175,0.03060674226549981,0.0020000000000000018,1.3,68.0,34.0,31.1,-1.5,0.282,0.217,62.0,181.7,610.54,13.0,8.0,5.0,0.6153846153846154,6.6923076923076925,13.0,0.5384615384615384
2024,West Virginia,Big 12,0.20913820598322277,0.4311310190369541,1.3552655880405393,0.162,3.1026052104208417,0.17234468937875752,0.2871185564382051,0.44727272727272727,1.428581653264976,0.127,2.8523696682464457,0.18246445497630331,-0.07798035045498233,-0.016141708235773156,-0.035,2.1,65.0,30.1,29.7,1.8,0.883,0.899,46.0,202.08,684.9,13.0,6.0,7.0,0.46153846153846156,-2.769230769230769,13.0,0.46153846153846156
2024,Western Kentucky,Conference USA,0.19656997461434536,0.4174972314507198,1.3082102770954203,0.162,2.8035971223021585,0.2038369304556355,0.22392572127372481,0.4518201284796574,1.1891420740078142,0.124,3.3541946308724833,0.12248322147651007,-0.027355746659379454,-0.03432289702893759,-0.038000000000000006,-2.2,78.0,22.1,26.1,1.8,0.381,0.345,111.0,140.12,518.88,14.0,8.0,6.0,0.5714285714285714,0.2857142857142857,14.0,0.5
2024,Western Michigan,Mid-American,0.23905496092156472,0.44291609353507566,1.3032858704366892,0.14,3.0455882352941175,0.18627450980392157,0.2938744595813705,0.4839537869062901,1.2439430118748183,0.159,3.2008988764044943,0.15955056179775282,-0.05481949865980576,-0.041037693371214434,0.01899999999999999,-10.2,105.0,24.7,36.0,1.1,0.794,0.702,71.0,171.51,547.19,13.0,6.0,7.0,0.46153846153846156,-2.3846153846153846,13.0,0.38461538461538464
2024,Wisconsin,Big Ten,0.15432387915551776,0.4197689345314506,1.1444148435279642,0.169,3.1233415233415234,0.1597051597051597,0.17352784342669345,0.43297587131367293,1.1103945823855228,0.125,3.315815085158151,0.15815085158150852,-0.019203964271175683,-0.013206936782222345,-0.04400000000000001,3.0,60.0,23.0,19.8,-0.2,0.51,0.446,23.0,239.1,771.35,12.0,5.0,7.0,0.4166666666666667,-0.5,12.0,0.3333333333333333
2024,Wyoming,Mountain West,0.03159525476799712,0.3569620253164557,1.2863101168213495,0.167,2.5851415094339623,0.20518867924528303,0.2255971137750626,0.4340369393139842,1.2803264266081873,0.145,3.075990099009901,0.1806930693069307,-0.19400185900706549,-0.07707491399752847,-0.02200000000000002,-13.6,115.0,16.3,30.8,0.9,0.257,0.448,102.0,146.14,455.45,12.0,3.0,9.0,0.25,-9.0,12.0,0.45454545454545453
2025,Air Force,Mountain West,0.286935598221958,0.47630619684082626,1.2013665208389686,0.09,3.2709828393135725,0.11856474258970359,0.4016443170135715,0.4943181818181818,1.3668087243470741,0.107,3.270058139534884,0.13953488372093023,-0.11470871879161348,-0.018011984977355566,0.017,-3.2,80.0,28.3,31.7,0.2,0.63,0.556,129.0,80.06,,12.0,4.0,8.0,0.3333333333333333,-0.5,12.0,0.4166666666666667
2025,Akron,Mid-American,0.07016411537606243,0.39504716981132076,1.180533368002093,0.179,2.83875,0.2,0.14564764166308092,0.40328697850821743,1.3124423153582485,0.173,2.90609756097561,0.2097560975609756,-0.07548352628701849,-0.008239808696896667,-0.006000000000000005,-13.9,117.0,17.2,29.3,-1.9,0.371,0.531,128.0,87.44,537.21,12.0,5.0,7.0,0.4166666666666667,-5.166666666666667,12.0,0.5
2025,Alabama,SEC,0.2078138240519543,0.4325674325674326,1.2715618020794475,0.135,2.8059360730593608,0.1917808219178082,0.07113282923354833,0.37418655097613884,1.2445468486002595,0.177,2.728099173553719,0.19834710743801653,0.13668099481840598,0.05838088159129373,0.04199999999999998,14.8,20.0,32.2,16.1,-1.3,0.433,0.395,3.0,298.4,993.55,15.0,11.0,4.0,0.7333333333333333,10.333333333333334,15.0,0.6
2025,App State,Sun Belt,0.09735439948897917,0.40860215053763443,1.193943687398339,0.167,2.9789203084832905,0.16709511568123395,0.180265414804654,0.44831223628691985,1.1912131882223336,0.165,2.8704954954954953,0.18018018018018017,-0.08291101531567482,-0.03971008574928542,-0.0020000000000000018,-11.4,111.0,23.0,35.2,0.9,0.141,0.127,116.0,125.92,611.31,13.0,5.0,8.0,0.38461538461538464,-5.615384615384615,13.0,0.38461538461538464
2025,Arizona,Big 12,0.16714291297309816,0.4258849557522124,1.2623351862176737,0.147,3.116783216783217,0.1888111888111888,0.06947976795071124,0.378596087456847,1.1946956868073886,0.202,2.8591928251121077,0.18385650224215247,0.09766314502238692,0.04728886829536544,0.05500000000000002,12.0,28.0,33.0,19.5,-1.5,0.561,0.675,50.0,200.65,651.62,13.0,9.0,4.0,0.6923076923076923,12.23076923076923,13.0,0.6153846153846154
2025,Arizona State,Big 12,0.13183268269453016,0.39809926082365366,1.2684509535455217,0.168,2.882983193277311,0.1953781512605042,0.10258399765269097,0.40809628008752735,1.2202719043822856,0.188,2.7553956834532376,0.21103117505995203,0.029248685041839195,-0.009997019263873697,0.01999999999999999,3.9,60.0,28.3,22.7,-1.7,0.646,0.612,44.0,203.39,738.52,13.0,8.0,5.0,0.6153846153846154,1.3076923076923077,13.0,0.5384615384615384
2025,Arkansas,SEC,0.3022057534021279,0.4866920152091255,1.3339673249825164,0.169,3.38005249343832,0.1994750656167979,0.24770852666491325,0.45975609756097563,1.2808714500124447,0.154,2.9322295805739516,0.20088300220750552,0.05449722673721466,0.026935917648149843,-0.015000000000000013,5.1,53.0,35.8,31.4,0.8,0.361,0.553,32.0,219.73,772.64,12.0,2.0,10.0,0.16666666666666666,-0.9166666666666666,12.0,0.3333333333333333
2025,Arkansas State,Sun Belt,0.0901898093470351,0.41896024464831805,1.1540939632826877,0.178,2.573239436619718,0.2136150234741784,0.1924242209574594,0.43564356435643564,1.2934923165278946,0.155,2.7472222222222222,0.19444444444444445,-0.10223441161042429,-0.016683319708117594,-0.022999999999999993,-8.8,100.0,24.4,33.5,0.3,0.586,0.701,75.0,173.32,591.27,13.0,7.0,6.0,0.5384615384615384,-2.230769230769231,13.0,0.6923076923076923
2025,Army,American Athletic,0.185317294132274,0.4223245109321059,1.1436446804043374,0.083,3.0404924760601917,0.13132694938440492,0.17500555471181142,0.4484924623115578,1.1171959218518557,0.127,3.1470308788598573,0.16152019002375298,0.010311739420462568,-0.026167951379451937,0.044,0.8,74.0,24.7,24.1,0.3,0.252,0.297,130.0,77.24,23.66,13.0,7.0,6.0,0.5384615384615384,2.230769230769231,13.0,0.5384615384615384
2025,Auburn,SEC,0.17270669968790353,0.43530834340991537,1.1538124656962565,0.168,3.1270334928229664,0.16267942583732056,0.05992073442142166,0.37376237623762376,1.289063361185499,0.166,2.2258974358974357,0.26666666666666666,0.11278596526648188,0.061545967172291605,-0.0020000000000000018,11.6,29.0,28.3,17.4,0.7,0.218,0.19,8.0,286.89,891.84,12.0,5.0,7.0,0.4166666666666667,6.083333333333333,12.0,0.3333333333333333
2025,BYU,Big 12,0.22040866155284525,0.45951629863301785,1.1789955201212814,0.136,3.0238003838771594,0.16314779270633398,0.06330119145649367,0.3852013057671382,1.2033551666661662,0.158,2.7397228637413393,0.23094688221709006,0.15710747009635156,0.07431499286587967,0.021999999999999992,15.9,18.0,33.9,18.8,0.8,0.375,0.278,55.0,197.17,649.36,14.0,12.0,2.0,0.8571428571428571,12.285714285714286,14.0,0.7142857142857143
2025,Ball State,Mid-American,-0.0013145718180808924,0.32472826086956524,1.3220886424544018,0.21,2.509677419354839,0.21588089330024815,0.18267727584845916,0.4465174129353234,1.2620016125428282,0.14,2.947887323943662,0.2112676056338028,-0.18399184766654006,-0.12178915206575813,-0.06999999999999998,-23.0,132.0,13.4,34.4,-2.0,0.082,0.097,119.0,118.63,495.35,12.0,4.0,8.0,0.3333333333333333,-14.0,12.0,0.5833333333333334
2025,Baylor,Big 12,0.19259008921929108,0.447453954496208,1.2824738934675488,0.146,3.0920424403183024,0.16180371352785147,0.17292090448017072,0.4368932038834951,1.1615201737311243,0.123,3.1293991416309015,0.148068669527897,0.019669184739120354,0.010560750612712888,-0.022999999999999993,1.4,71.0,32.8,33.3,1.9,0.825,0.782,36.0,210.4,726.3,12.0,5.0,7.0,0.4166666666666667,-1.5,12.0,0.16666666666666666
2025,Boise State,Mountain West,0.17472811643997255,0.40891472868217055,1.3017116184224686,0.141,3.0174573055028464,0.17077798861480076,0.09960824961592626,0.3530751708428246,1.4278725600403508,0.166,2.9703370786516854,0.2,0.07511986682404628,0.055839557839345966,0.025000000000000022,3.1,64.0,29.1,25.1,-0.8,0.579,0.545,62.0,189.06,610.65,14.0,9.0,5.0,0.6428571428571429,5.785714285714286,14.0,0.6428571428571429
2025,Boston College,ACC,0.16076229245658427,0.4299175500588928,1.2142141528093513,0.165,2.7376068376068377,0.1737891737891738,0.23461324920618376,0.42857142857142855,1.3664418769661706,0.123,2.882451923076923,0.19230769230769232,-0.07385095674959949,0.001346121487464269,-0.04200000000000001,-8.5,97.0,23.3,33.1,1.3,0.62,0.448,59.0,195.09,650.12,12.0,2.0,10.0,0.16666666666666666,-7.333333333333333,12.0,0.5
2025,Bowling Green,Mid-American,0.026925857290145887,0.35947712418300654,1.239440602332424,0.16,2.8851015801354403,0.1873589164785553,0.14619604363674982,0.4051841746248295,1.3037200650228402,0.19,2.7089285714285714,0.25510204081632654,-0.11927018634660393,-0.04570705044182294,0.03,-12.6,113.0,15.4,28.8,0.8,0.079,0.056,94.0,154.51,527.31,12.0,4.0,8.0,0.3333333333333333,-3.75,12.0,0.4166666666666667
2025,Buffalo,Mid-American,0.08090932517599016,0.3964071856287425,1.166606358223376,0.161,2.798469387755102,0.17857142857142858,0.10675915489384574,0.3879003558718861,1.2388781887932676,0.153,2.9169934640522874,0.1786492374727669,-0.025849829717855585,0.008506829756856404,-0.008000000000000007,-7.5,95.0,18.2,27.4,1.6,0.659,0.684,92.0,155.63,513.33,12.0,5.0,7.0,0.4166666666666667,0.5,12.0,0.3333333333333333
2025,California,ACC,0.12452820179507103,0.40736728060671723,1.2434240061034068,0.164,2.6427397260273975,0.1780821917808219,0.16232195632713534,0.42020665901262916,1.1833616695751636,0.151,3.2563106796116505,0.1383495145631068,-0.03779375453206431,-0.012839378405911928,-0.013000000000000012,-3.2,80.0,25.6,27.9,-0.9,0.063,0.073,69.0,180.41,726.21,13.0,7.0,6.0,0.5384615384615384,-1.8461538461538463,13.0,0.38461538461538464
2025,Central Michigan,Mid-American,0.13662267510224702,0.40644361833952913,1.160793562763299,0.155,2.795201535508637,0.19193857965451055,0.08440986038321178,0.40301974448315914,1.168095206827063,0.169,2.93054892601432,0.20047732696897375,0.05221281471903523,0.0034238738563699966,0.014000000000000012,-8.8,100.0,17.6,25.7,-0.7,0.103,0.342,113.0,128.41,481.16,13.0,7.0,6.0,0.5384615384615384,-1.0,13.0,0.6153846153846154
2025,Charlotte,American Athletic,-0.007104810590896243,0.35302197802197804,1.2256028189341959,0.185,2.2842592592592594,0.22839506172839505,0.22613885842865245,0.522439585730725,1.0723251906405644,0.106,3.2420131291028444,0.1400437636761488,-0.23324366901954868,-0.16941760770874698,-0.079,-26.7,134.0,14.5,39.8,-1.4,0.238,0.095,144.0,38.64,526.3,12.0,1.0,11.0,0.08333333333333333,-22.0,12.0,0.45454545454545453
2025,Cincinnati,Big 12,0.29865085888215204,0.46811224489795916,1.3186827152228258,0.12,3.478282828282828,0.1590909090909091,0.18975517295610111,0.43918191603875134,1.155142861558626,0.122,3.2035087719298247,0.15009746588693956,0.10889568592605092,0.02893032885920782,0.0020000000000000018,4.5,56.0,30.2,26.4,0.8,0.497,0.636,61.0,189.52,644.1,13.0,7.0,6.0,0.5384615384615384,4.6923076923076925,13.0,0.46153846153846156
2025,Clemson,ACC,0.17776800458888534,0.4272930648769575,1.2190159853773506,0.151,3.0466836734693876,0.17346938775510204,0.0946164493607697,0.37299771167048057,1.3405098244587415,0.196,2.7242339832869082,0.22284122562674094,0.08315155522811564,0.05429535320647694,0.04500000000000001,9.5,34.0,27.5,18.9,0.8,0.826,0.753,26.0,227.23,918.43,13.0,7.0,6.0,0.5384615384615384,6.6923076923076925,13.0,0.38461538461538464
2025,Coastal Carolina,Sun Belt,0.06227765273329708,0.3613348676639816,1.2558276579035337,0.185,2.6271523178807947,0.2141280353200883,0.2026085631387571,0.4416403785488959,1.2673082375501656,0.153,3.083984375,0.17578125,-0.14033091040546003,-0.08030551088491428,-0.032,-15.1,121.0,23.4,37.0,-1.4,0.364,0.161,91.0,156.66,610.88,13.0,6.0,7.0,0.46153846153846156,-10.923076923076923,13.0,0.46153846153846156
2025,Colorado,Big 12,0.08393895856260469,0.3492462311557789,1.377200998144305,0.197,2.679539641943734,0.22506393861892582,0.18991923958982254,0.42326139088729015,1.3335212412285267,0.151,2.984168336673347,0.19438877755511022,-0.10598028102721785,-0.07401515973151124,-0.04600000000000001,-8.3,96.0,22.6,29.5,-1.4,0.075,0.196,37.0,209.08,755.2,12.0,3.0,9.0,0.25,-9.583333333333334,12.0,0.4166666666666667
2025,Colorado State,Mountain West,0.12235478439222522,0.39816031537450725,1.2108394722778117,0.188,2.964864864864865,0.19519519519519518,0.23706264459780627,0.4492753623188406,1.2873401960206898,0.132,3.2669456066945606,0.1589958158995816,-0.11470786020558105,-0.05111504694433333,-0.055999999999999994,-15.6,124.0,17.6,32.9,-0.3,0.504,0.649,106.0,140.19,583.71,12.0,2.0,10.0,0.16666666666666666,-12.333333333333334,12.0,0.3333333333333333
2025,Delaware,Conference USA,0.19264520483608463,0.43260188087774293,1.2835560377621755,0.154,2.8616797900262467,0.2047244094488189,0.20756775467282987,0.4127708095781072,1.423136678797417,0.158,2.8109263657957246,0.21852731591448932,-0.014922549836745236,0.01983107129963574,0.0040000000000000036,-10.9,109.0,26.2,36.2,-0.9,,,137.0,51.97,242.85,13.0,7.0,6.0,0.5384615384615384,-2.0,13.0,0.38461538461538464
2025,Duke,ACC,0.24500530237120868,0.4575569358178054,1.3280890990301717,0.154,2.831264367816092,0.21839080459770116,0.22378737939436394,0.4354166666666667,1.3374823788367576,0.172,2.581425485961123,0.23758099352051837,0.021217922976844744,0.022140269151138703,0.017999999999999988,6.6,44.0,34.8,29.2,1.1,0.179,0.267,30.0,220.94,669.18,14.0,9.0,5.0,0.6428571428571429,5.142857142857143,14.0,0.5
2025,East Carolina,American Athletic,0.19266233799539045,0.4578790882061447,1.1613650270185143,0.129,3.068681318681319,0.14285714285714285,0.050073574447603894,0.3762597984322508,1.2482054564003053,0.191,2.3486486486486484,0.2972972972972973,0.14258876354778655,0.08161928977389388,0.062,8.0,38.0,32.6,24.0,-0.5,0.506,0.453,77.0,172.8,611.55,13.0,9.0,4.0,0.6923076923076923,12.615384615384615,13.0,0.6153846153846154
2025,Eastern Michigan,Mid-American,0.19933353087688185,0.4268292682926829,1.2337662670856517,0.129,3.056555269922879,0.17994858611825193,0.2501840988227435,0.44019138755980863,1.2943076074991982,0.106,3.170611439842209,0.16962524654832348,-0.05085056794586165,-0.013362119267125716,-0.023000000000000007,-14.7,119.0,19.4,34.1,0.1,0.249,0.124,97.0,151.82,572.9,12.0,4.0,8.0,0.3333333333333333,-5.666666666666667,12.0,0.5833333333333334
2025,Florida,SEC,0.1384801718290703,0.42857142857142855,1.1021389204701,0.152,3.2744505494505494,0.14835164835164835,0.1715527508333777,0.4292929292929293,1.24785095228146,0.145,2.7749419953596286,0.1740139211136891,-0.033072579004307406,-0.0007215007215007341,-0.007000000000000006,3.5,63.0,24.5,22.6,1.5,0.537,0.639,7.0,287.77,898.58,12.0,4.0,8.0,0.3333333333333333,-2.4166666666666665,12.0,0.4166666666666667
2025,Florida Atlantic,American Athletic,0.15956511784403885,0.4028384279475983,1.3988681825818627,0.178,2.805810397553517,0.17737003058103976,0.22410489488488325,0.4372801875732708,1.2913274634832959,0.139,2.983974358974359,0.1623931623931624,-0.0645397770408444,-0.03444175962567253,-0.03899999999999998,-8.7,98.0,27.8,38.1,1.5,0.208,0.179,85.0,163.23,605.22,12.0,4.0,8.0,0.3333333333333333,-6.833333333333333,12.0,0.5833333333333334
2025,Florida International,Conference USA,0.15773049660882485,0.40676117775354415,1.3068324152897386,0.169,2.774617067833698,0.22538293216630198,0.14993484118282963,0.41893362350380847,1.2703417681925178,0.164,3.182938388625592,0.16350710900473933,0.007795655425995224,-0.012172445750264327,-0.0050000000000000044,-10.5,107.0,26.1,35.8,-0.8,0.42,0.613,90.0,157.7,562.61,13.0,7.0,6.0,0.5384615384615384,-1.4615384615384615,13.0,0.6153846153846154
2025,Florida State,ACC,0.3006862851121974,0.471563981042654,1.355618306047776,0.145,3.4735416666666667,0.12916666666666668,0.14750195778327227,0.4053708439897698,1.186272663961983,0.155,3.0147196261682243,0.16355140186915887,0.15318432732892515,0.06619313705288421,0.010000000000000009,7.2,41.0,29.3,21.2,-0.8,0.131,0.34,19.0,244.11,828.45,12.0,5.0,7.0,0.4166666666666667,11.0,12.0,0.4166666666666667
2025,Fresno State,Mountain West,0.10281835906378448,0.39655172413793105,1.2095583689390217,0.153,2.8535181236673774,0.19829424307036247,0.08290831176170121,0.38118214716525933,1.169277359443657,0.174,2.909855769230769,0.21394230769230768,0.01991004730208326,0.015369576972671717,0.02099999999999999,1.8,66.0,23.0,21.1,-0.1,0.172,0.3,103.0,142.63,586.84,13.0,9.0,4.0,0.6923076923076923,7.0,13.0,0.5384615384615384
2025,Georgia,SEC,0.24478665397599692,0.47070506454816285,1.14675699481001,0.134,3.0390374331550802,0.19964349376114082,0.09309242357694263,0.3866822429906542,1.1503959648044095,0.151,2.547554347826087,0.21195652173913043,0.15169423039905428,0.08402282155750868,0.016999999999999987,24.1,6.0,37.0,14.8,1.9,0.372,0.351,2.0,304.64,1002.98,14.0,12.0,2.0,0.8571428571428571,14.5,14.0,0.42857142857142855
2025,Georgia Southern,Sun Belt,0.20070826731269603,0.4411111111111111,1.2293782122619472,0.136,3.2164733178654292,0.16241299303944315,0.2665698733918613,0.4875406283856988,1.2444500658785667,0.15,3.35173116089613,0.164969450101833,-0.06586160607916525,-0.04642951727458766,0.013999999999999985,-9.4,103.0,28.3,37.7,0.1,0.656,0.684,80.0,165.34,574.48,13.0,7.0,6.0,0.5384615384615384,-4.384615384615385,13.0,0.5384615384615384
2025,Georgia State,Sun Belt,0.13040684873003408,0.40373395565927656,1.2480235135280904,0.16,2.8969187675070027,0.19607843137254902,0.2752868149094944,0.46217494089834515,1.261920062212295,0.127,3.1576519916142556,0.1509433962264151,-0.14487996617946033,-0.0584409852390686,-0.033,-24.5,133.0,18.6,41.1,-2.0,0.449,0.377,67.0,184.18,611.97,12.0,1.0,11.0,0.08333333333333333,-18.083333333333332,12.0,0.16666666666666666
2025,Georgia Tech,ACC,0.27210683484071746,0.49065420560747663,1.1652081993148538,0.118,3.3621076233183858,0.16143497757847533,0.1939730451453747,0.43934040047114253,1.244314171917572,0.137,2.9816229116945108,0.18615751789976134,0.07813378969534276,0.0513138051363341,0.019000000000000017,9.3,35.0,32.5,24.9,1.7,0.669,0.736,21.0,240.77,715.56,13.0,9.0,4.0,0.6923076923076923,7.153846153846154,13.0,0.5384615384615384
2025,Hawai'i,Mountain West,0.1674201707393385,0.4104803493449782,1.324750488582025,0.122,2.8355685131195334,0.20408163265306123,0.16330252767811196,0.4188351920693928,1.2710958220950899,0.16,3.2147668393782385,0.16062176165803108,0.004117643061226528,-0.008354842724414613,0.038000000000000006,1.7,68.0,27.3,27.3,1.7,0.459,0.349,124.0,101.95,481.2,13.0,9.0,4.0,0.6923076923076923,4.923076923076923,13.0,0.6923076923076923
2025,Houston,Big 12,0.10637794986538861,0.41458333333333336,1.2199246820166039,0.134,2.619672131147541,0.2040072859744991,0.10585169098323663,0.41189931350114417,1.1189829754936844,0.162,2.713073394495413,0.19954128440366972,0.0005262588821519781,0.0026840198321891884,0.027999999999999997,7.4,40.0,31.5,23.0,-1.1,0.68,0.669,52.0,198.73,656.74,13.0,10.0,3.0,0.7692307692307693,6.230769230769231,13.0,0.6923076923076923
2025,Illinois,Big Ten,0.20681263151212478,0.4754491017964072,1.1620713288880047,0.155,3.003512880562061,0.20374707259953162,0.19243356089259836,0.4497663551401869,1.1801962172555276,0.153,3.008607594936709,0.17721518987341772,0.014379070619526424,0.02568274665622028,-0.0020000000000000018,12.9,24.0,33.3,21.7,1.3,0.525,0.74,45.0,202.76,662.13,13.0,9.0,4.0,0.6923076923076923,5.769230769230769,13.0,0.6153846153846154
2025,Indiana,Big Ten,0.34229394441434813,0.5133887349953832,1.2228140900166817,0.114,3.353301886792453,0.139937106918239,0.014358680659736238,0.3436123348017621,1.3393523894671289,0.232,2.2830188679245285,0.2884097035040431,0.3279352637546119,0.16977640019362106,0.11800000000000001,32.4,1.0,40.8,9.9,1.5,0.251,0.148,47.0,201.75,645.34,16.0,16.0,0.0,1.0,29.9375,16.0,0.625
2025,Iowa,Big Ten,0.15310139195185732,0.4409937888198758,1.099352031630837,0.112,3.245061728395062,0.14814814814814814,0.054506213887864245,0.386277001270648,1.0759254662120317,0.169,2.8219895287958114,0.19109947643979058,0.09859517806399307,0.05471678754922776,0.05700000000000001,19.7,12.0,32.1,14.2,1.7,0.488,0.357,38.0,208.27,710.0,13.0,9.0,4.0,0.6923076923076923,13.23076923076923,13.0,0.6923076923076923
2025,Iowa State,Big 12,0.19141251379712307,0.44957472660996356,1.2087348770708186,0.145,3.037333333333333,0.17555555555555555,0.09021500108382555,0.3912483912483912,1.208629432158159,0.167,2.8079452054794523,0.20821917808219179,0.10119751271329752,0.058326335361572335,0.02200000000000002,9.9,33.0,28.1,19.5,1.3,0.6,0.755,54.0,197.45,648.93,12.0,8.0,4.0,0.6666666666666666,7.25,12.0,0.5
2025,Jacksonville State,Conference USA,0.18687772977241676,0.43917525773195876,1.2517163200712607,0.14,3.1939739413680783,0.18078175895765472,0.1543186811659392,0.42021276595744683,1.295380842921947,0.17,2.7043933054393303,0.20292887029288703,0.03255904860647757,0.018962491774511925,0.03,-6.7,92.0,27.2,32.4,-1.6,0.12,0.079,110.0,134.66,519.93,14.0,9.0,5.0,0.6428571428571429,2.9285714285714284,14.0,0.5
2025,James Madison,Sun Belt,0.22528729201919037,0.45226130653266333,1.301125868383387,0.132,3.2354561101549053,0.18588640275387264,0.0017963543083685468,0.30083234244946494,1.4181166903119042,0.199,2.280779220779221,0.2571428571428571,0.22349093771082182,0.1514289640831984,0.067,12.3,27.0,34.9,21.4,-1.1,0.5,0.762,108.0,138.48,459.53,14.0,12.0,2.0,0.8571428571428571,18.714285714285715,14.0,0.6428571428571429
2025,Kansas,Big 12,0.21369350938525983,0.47903430749682335,1.1358632225330807,0.144,3.5118072289156625,0.13975903614457832,0.2360851756729302,0.41228070175438597,1.3853292628062912,0.177,2.875721153846154,0.2091346153846154,-0.022391666287670364,0.06675360574243738,0.033,4.1,58.0,30.9,28.5,1.7,0.41,0.512,72.0,178.35,705.32,12.0,5.0,7.0,0.4166666666666667,1.3333333333333333,12.0,0.4166666666666667
2025,Kansas State,Big 12,0.20790395539142706,0.40629095674967236,1.406304050398157,0.175,2.7962121212121214,0.22474747474747475,0.11925612241568531,0.3942857142857143,1.3279512185842433,0.167,2.719205298013245,0.20088300220750552,0.08864783297574175,0.012005242463958066,-0.00799999999999998,7.0,42.0,31.3,25.0,0.7,0.69,0.691,35.0,213.85,705.85,12.0,6.0,6.0,0.5,2.75,12.0,0.4166666666666667
2025,Kennesaw State,Conference USA,0.15355523925443149,0.41122448979591836,1.333803710657784,0.152,2.8669245647969053,0.19922630560928434,0.1657518285116354,0.4226069246435845,1.2250389077349964,0.168,2.9796153846153848,0.19038461538461537,-0.012196589257203905,-0.011382434847666156,0.016000000000000014,-5.4,89.0,26.4,30.2,-1.7,0.458,0.511,154.0,28.05,338.87,14.0,10.0,4.0,0.7142857142857143,1.2142857142857142,14.0,0.6428571428571429
2025,Kent State,Mid-American,0.06640060961837553,0.3468208092485549,1.3592390800327712,0.182,2.4315363881401617,0.23180592991913745,0.19929457706213718,0.4429378531073446,1.248791336925026,0.138,3.0052854122621566,0.1839323467230444,-0.13289396744376164,-0.09611704385878972,-0.043999999999999984,-19.3,130.0,17.0,34.9,-1.5,0.113,0.299,93.0,155.36,456.24,12.0,5.0,7.0,0.4166666666666667,-12.333333333333334,12.0,0.5454545454545454
2025,Kentucky,SEC,0.09302832618752829,0.4312267657992565,1.1393383606170628,0.177,3.1110294117647057,0.1715686274509804,0.16990818425492812,0.43564356435643564,1.220459042830268,0.147,2.8540865384615386,0.21394230769230768,-0.07687985806739983,-0.004416798557179136,-0.03,1.8,66.0,25.5,23.7,0.0,0.27,0.253,29.0,224.01,763.18,12.0,5.0,7.0,0.4166666666666667,-3.4166666666666665,12.0,0.4166666666666667
2025,LSU,SEC,0.08697881314828318,0.39903846153846156,1.2222145682465233,0.179,2.506837606837607,0.24216524216524216,0.08392973566420263,0.3854289071680376,1.2484717397284528,0.17,2.6308823529411764,0.2426470588235294,0.0030490774840805507,0.013609554370423937,-0.00899999999999998,10.3,32.0,25.8,16.1,0.7,0.66,0.711,10.0,281.53,920.05,13.0,7.0,6.0,0.5384615384615384,3.0,13.0,0.3076923076923077
2025,Liberty,Conference USA,0.16721795984089338,0.43510506798516685,1.2065728074327609,0.159,2.879872881355932,0.1716101694915254,0.20393439137120084,0.41475826972010177,1.2998034221139554,0.132,3.143735224586288,0.1773049645390071,-0.03671643153030746,0.02034679826506508,-0.026999999999999996,-9.0,102.0,24.6,32.8,-0.7,0.301,0.216,86.0,160.79,599.12,12.0,4.0,8.0,0.3333333333333333,-0.9166666666666666,12.0,0.25
2025,Louisiana,Sun Belt,0.1130540749281123,0.38498212157330153,1.2038642539843878,0.16,2.895578947368421,0.20842105263157895,0.19554706604238004,0.46206896551724136,1.1899627814681422,0.135,3.298109243697479,0.15966386554621848,-0.08249299111426774,-0.07708684394393983,-0.024999999999999994,-10.1,105.0,25.3,34.0,-1.4,0.145,0.347,81.0,165.34,585.82,13.0,6.0,7.0,0.46153846153846156,-3.230769230769231,13.0,0.46153846153846156
2025,Louisiana Tech,Conference USA,0.1412376051561671,0.4043778801843318,1.2272531161111364,0.147,2.9905405405405405,0.17953667953667954,0.045350937095519565,0.3706992230854606,1.3591949110110741,0.195,2.6560606060606062,0.23484848484848486,0.09588666806064752,0.03367865709887119,0.048000000000000015,-1.3,77.0,25.6,27.0,0.1,0.434,0.627,111.0,131.97,493.5,13.0,8.0,5.0,0.6153846153846154,6.538461538461538,13.0,0.6153846153846154
2025,Louisville,ACC,0.1526065220667497,0.45052386495925495,1.2021105727566097,0.166,2.8115869017632242,0.22670025188916876,0.059925218249857706,0.3643867924528302,1.1887754398921364,0.173,2.7687657430730477,0.19395465994962216,0.092681303816892,0.08613707250642477,0.0069999999999999785,12.4,25.0,31.6,19.8,0.6,0.349,0.376,68.0,183.1,700.77,13.0,9.0,4.0,0.6923076923076923,8.76923076923077,13.0,0.3076923076923077
2025,Marshall,Sun Belt,0.16098551382653806,0.4385150812064965,1.1342219061287628,0.13,2.960990099009901,0.18415841584158416,0.16035640558658262,0.3864406779661017,1.4014801975660929,0.157,2.629268292682927,0.2106430155210643,0.0006291082399554337,0.052074403240394807,0.026999999999999996,-4.5,86.0,29.6,34.8,0.7,0.069,0.024,120.0,118.44,590.64,12.0,5.0,7.0,0.4166666666666667,0.5,12.0,0.5833333333333334
2025,Maryland,Big Ten,0.1135694323024665,0.3867334167709637,1.2935943416574829,0.142,2.7932659932659933,0.18855218855218855,0.11222867776240228,0.43202764976958524,1.2135687081968074,0.141,3.0753333333333335,0.1688888888888889,0.0013407545400642151,-0.045294232998621564,-0.0010000000000000009,0.6,75.0,24.4,24.7,0.9,0.128,0.119,25.0,228.43,699.31,12.0,4.0,8.0,0.3333333333333333,-3.0,12.0,0.4166666666666667
2025,Massachusetts,Mid-American,-0.031023112312181675,0.33584905660377357,1.1779448686966616,0.199,2.1217261904761906,0.2619047619047619,0.26204413401436216,0.48014018691588783,1.1374799202803199,0.085,3.4025291828793773,0.14007782101167315,-0.29306724632654385,-0.14429113031211427,-0.114,-36.6,136.0,7.8,42.8,-1.5,0.234,0.17,145.0,36.99,488.73,12.0,0.0,12.0,0.0,-27.5,12.0,0.25
2025,Memphis,American Athletic,0.24518682232728423,0.44938820912124583,1.3094554601288195,0.141,3.3164383561643835,0.2009132420091324,0.16927961159101623,0.408675799086758,1.287916850755471,0.174,2.519205298013245,0.22075055187637968,0.075907210736268,0.040712410034487834,0.033,7.6,39.0,34.3,28.3,1.5,0.119,0.078,60.0,194.42,668.63,13.0,8.0,5.0,0.6153846153846154,9.307692307692308,13.0,0.6153846153846154
2025,Miami,ACC,0.22253070851840445,0.4684014869888476,1.1556325196744335,0.121,3.1266423357664235,0.14963503649635038,0.033814780592996904,0.3586744639376218,1.2637126268558088,0.189,2.4778280542986426,0.2149321266968326,0.18871592792540753,0.10972702305122578,0.068,20.7,9.0,34.2,14.3,0.8,0.125,0.189,13.0,257.66,874.57,16.0,13.0,3.0,0.8125,16.125,16.0,0.6875
2025,Miami (OH),Mid-American,0.10172379616064092,0.3943990665110852,1.2061748099219114,0.133,3.136043956043956,0.18021978021978022,0.08766356176020931,0.3926247288503254,1.1935788811857633,0.178,2.7074398249452956,0.2013129102844639,0.01406023440043161,0.001774337660759795,0.044999999999999984,-3.4,82.0,19.3,24.2,1.5,0.079,0.104,83.0,164.23,592.1,14.0,7.0,7.0,0.5,1.7857142857142858,14.0,0.5714285714285714
2025,Michigan,Big Ten,0.1984732610310352,0.45497076023391814,1.1353954226920973,0.121,3.3189189189189188,0.13721413721413722,0.11293167998117018,0.41782407407407407,1.1299118131105723,0.167,2.6422885572139303,0.18159203980099503,0.085541581049865,0.03714668615984407,0.04600000000000001,12.4,25.0,30.9,17.0,-1.4,0.41,0.36,6.0,290.87,907.22,13.0,9.0,4.0,0.6923076923076923,7.153846153846154,13.0,0.3076923076923077
2025,Michigan State,Big Ten,0.13056714532668925,0.42071611253196933,1.2011125777422473,0.18,2.5804407713498625,0.24793388429752067,0.19797163755115943,0.44587628865979384,1.1820725589240715,0.135,2.871240105540897,0.16886543535620052,-0.06740449222447017,-0.025160176127824507,-0.044999999999999984,-3.4,82.0,26.6,28.7,-1.3,0.662,0.653,57.0,196.1,717.42,12.0,4.0,8.0,0.3333333333333333,-5.333333333333333,12.0,0.5833333333333334
2025,Middle Tennessee,Conference USA,0.14239913346756347,0.4224343675417661,1.2197878025914684,0.18,2.886754966887417,0.2251655629139073,0.20987361171244995,0.4409937888198758,1.2793407461983874,0.157,2.575615763546798,0.23645320197044334,-0.06747447824488648,-0.018559421278109667,-0.022999999999999993,-16.0,127.0,20.4,37.0,0.5,0.505,0.65,98.0,151.49,520.55,12.0,3.0,9.0,0.25,-8.5,12.0,0.5
2025,Minnesota,Big Ten,0.10131251656807866,0.3987341772151899,1.1443028376600488,0.158,2.7289772727272728,0.20170454545454544,0.15391065019549058,0.4248447204968944,1.2380971622076886,0.176,2.827272727272727,0.21298701298701297,-0.05259813362741192,-0.026110543281704535,0.017999999999999988,1.5,70.0,23.8,20.8,-1.6,0.276,0.302,49.0,200.95,711.04,13.0,8.0,5.0,0.6153846153846154,0.07692307692307693,13.0,0.38461538461538464
2025,Mississippi State,SEC,0.15302877905393428,0.4197662061636557,1.2800712854532403,0.182,2.917948717948718,0.1893491124260355,0.20482519083767894,0.4328523862375139,1.2602083906472383,0.135,3.358490566037736,0.14255765199161424,-0.05179641178374467,-0.0130861800738582,-0.046999999999999986,4.1,58.0,31.6,29.0,1.5,0.416,0.495,28.0,224.62,770.48,13.0,5.0,8.0,0.38461538461538464,0.15384615384615385,13.0,0.6153846153846154
2025,Missouri,SEC,0.21078305150038218,0.45376344086021503,1.2217736681054943,0.128,3.132514177693762,0.17013232514177692,0.02560765587359973,0.34880803011292344,1.234187505889377,0.198,2.687862796833773,0.21372031662269128,0.18517539562678245,0.10495541074729159,0.07,14.4,21.0,31.2,15.4,-1.4,0.201,0.131,20.0,243.48,804.77,13.0,8.0,5.0,0.6153846153846154,11.307692307692308,13.0,0.5384615384615384
2025,Missouri State,Conference USA,0.17137450421398107,0.39348079161816063,1.4870634431469738,0.239,2.4721621621621623,0.27297297297297296,0.24396043593363137,0.42638398115429915,1.318978342884161,0.15,2.7518248175182483,0.19464720194647203,-0.0725859317196503,-0.03290318953613852,-0.089,-10.7,108.0,25.6,34.8,-1.5,,,136.0,52.92,426.1,13.0,7.0,6.0,0.5384615384615384,-3.1538461538461537,13.0,0.5384615384615384
2025,NC State,ACC,0.24426060026519758,0.4238095238095238,1.3749613289679712,0.158,2.8496240601503757,0.21804511278195488,0.18904277524403224,0.39844617092119866,1.385051332432344,0.149,2.928463476070529,0.1964735516372796,0.055217825021165345,0.02536335288832514,-0.009000000000000008,4.8,55.0,31.4,25.5,-1.2,0.726,0.625,34.0,214.25,707.51,13.0,8.0,5.0,0.6153846153846154,3.076923076923077,13.0,0.5384615384615384
2025,Navy,American Athletic,0.29898280770772995,0.4904076738609113,1.2427716741634425,0.092,3.4558359621451102,0.1167192429022082,0.20936860765097792,0.4035928143712575,1.3566905676837697,0.125,2.8601851851851854,0.18287037037037038,0.08961420005675202,0.08681485948965378,0.033,6.2,46.0,33.6,27.9,0.5,0.973,0.909,132.0,64.76,,13.0,11.0,2.0,0.8461538461538461,6.461538461538462,13.0,0.38461538461538464
2025,Nebraska,Big Ten,0.1819223832010384,0.4691211401425178,1.1076693450156565,0.128,3.187799043062201,0.14354066985645933,0.19013758992223426,0.42641509433962266,1.2702819224539716,0.144,3.1529017857142856,0.16071428571428573,-0.008215206721195856,0.042706045802895165,0.015999999999999986,6.2,46.0,28.8,22.7,0.1,0.472,0.651,22.0,237.53,821.39,13.0,7.0,6.0,0.5384615384615384,4.076923076923077,13.0,0.3076923076923077
2025,Nevada,Mountain West,0.033659666283222485,0.3708791208791209,1.2077255183963855,0.174,2.909,0.1775,0.18714142234994896,0.42585551330798477,1.192289980734605,0.144,3.037283950617284,0.17777777777777778,-0.15348175606672648,-0.054976392428863874,-0.03,-13.4,116.0,14.2,28.7,1.0,0.218,0.178,88.0,159.31,488.69,12.0,3.0,9.0,0.25,-9.916666666666666,12.0,0.4166666666666667
2025,New Mexico,Mountain West,0.16045559996301254,0.4082352941176471,1.2532292608570763,0.138,3.168552036199095,0.13800904977375567,0.10480401658889173,0.39476678043230945,1.2276092994659407,0.172,2.621549636803874,0.22760290556900725,0.05565158337412081,0.013468513685337635,0.033999999999999975,0.9,73.0,25.4,26.1,1.6,0.028,0.009,194.0,10.33,378.8,13.0,9.0,4.0,0.6923076923076923,4.769230769230769,13.0,0.5384615384615384
2025,New Mexico State,Conference USA,0.03114145093483888,0.3642611683848797,1.2514322390097883,0.203,2.1958944281524926,0.25513196480938416,0.09932326333987775,0.4185267857142857,1.1911149393215805,0.156,2.98980044345898,0.1973392461197339,-0.06818181240503887,-0.05426561732940599,-0.047000000000000014,-15.5,123.0,19.7,34.9,-0.3,0.555,0.339,126.0,97.17,402.9,12.0,4.0,8.0,0.3333333333333333,-6.0,12.0,0.5
2025,North Carolina,ACC,0.0614440100327634,0.38787023977433005,1.162312718059842,0.167,2.766869300911854,0.18541033434650456,0.1487263012476934,0.41383495145631066,1.1973477864238817,0.148,2.789108910891089,0.16831683168316833,-0.08728229121493,-0.025964711681980612,-0.019000000000000017,-6.6,91.0,17.2,25.0,1.2,0.159,0.173,41.0,207.81,753.2,12.0,4.0,8.0,0.3333333333333333,-5.25,12.0,0.4166666666666667
2025,North Texas,American Athletic,0.35141873351424385,0.516256157635468,1.309303061789616,0.115,3.4698224852071005,0.14595660749506903,0.16155104026169276,0.4197651663405088,1.2213322860294071,0.137,3.1953255425709517,0.1419031719532554,0.1898676932525511,0.09649099129495914,0.022000000000000006,13.8,22.0,43.1,28.6,-0.7,0.237,0.26,112.0,130.14,569.15,14.0,12.0,2.0,0.8571428571428571,18.571428571428573,14.0,0.7142857142857143
2025,Northern Illinois,Mid-American,0.046892373039206556,0.34718498659517427,1.2426733750711718,0.13,2.8760416666666666,0.18125,0.18612730803949915,0.4436183395291202,1.175857744056401,0.112,3.205982905982906,0.1517094017094017,-0.1392349350002926,-0.09643335293394595,-0.018000000000000002,-16.7,128.0,12.0,28.1,-0.6,0.18,0.315,84.0,164.05,471.01,12.0,3.0,9.0,0.25,-7.25,12.0,0.25
2025,Northwestern,Big Ten,0.14608479485180909,0.4302600472813239,1.1744744403257863,0.167,2.982004555808656,0.17995444191343962,0.17064217499988213,0.4509043927648579,1.1594001432387702,0.15,3.1695431472081217,0.16243654822335024,-0.024557380148073044,-0.020644345483534,-0.017000000000000015,5.8,51.0,24.4,20.0,1.3,0.202,0.315,66.0,187.75,677.97,13.0,7.0,6.0,0.5384615384615384,3.5384615384615383,13.0,0.6923076923076923
2025,Notre Dame,FBS Independents,0.3326133668503096,0.46284224250325945,1.4966707032772126,0.134,2.867303102625298,0.22911694510739858,0.023057955487705492,0.36341463414634145,1.244048209976295,0.184,2.799457994579946,0.1897018970189702,0.3095554113626041,0.099427608356918,0.04999999999999999,24.4,5.0,40.0,16.3,0.8,0.367,0.382,12.0,270.22,912.11,12.0,10.0,2.0,0.8333333333333334,24.416666666666668,12.0,0.5
2025,Ohio,Mid-American,0.20672625539692327,0.4490950226244344,1.2196935974342082,0.123,3.322346368715084,0.1303538175046555,0.12499875934956184,0.4116915422885572,1.2703682306157051,0.149,2.997037037037037,0.18271604938271604,0.08172749604736143,0.037403480335877204,0.025999999999999995,-4.0,84.0,23.2,25.2,-1.9,0.648,0.606,121.0,115.37,469.99,13.0,9.0,4.0,0.6923076923076923,5.846153846153846,13.0,0.5384615384615384
2025,Ohio State,Big Ten,0.32714628341039154,0.5316027088036117,1.145078801856062,0.112,3.122566371681416,0.18141592920353983,-0.013622983378507264,0.35751295336787564,1.0433599807294047,0.163,2.690051020408163,0.21173469387755103,0.3407692667888988,0.17408975543573607,0.051000000000000004,30.1,2.0,37.6,7.7,0.2,0.308,0.195,4.0,297.72,973.69,14.0,12.0,2.0,0.8571428571428571,24.142857142857142,14.0,0.7142857142857143
2025,Oklahoma,SEC,0.10676333563471226,0.40364880273660203,1.2431631647993813,0.167,2.74987714987715,0.21621621621621623,-0.015765056433670845,0.3069544364508393,1.334856934275995,0.227,1.9776315789473684,0.29473684210526313,0.1225283920683831,0.09669436628576272,0.06,18.3,14.0,30.1,12.9,1.1,0.528,0.489,17.0,248.6,882.59,13.0,10.0,3.0,0.7692307692307693,10.76923076923077,13.0,0.5384615384615384
2025,Oklahoma State,Big 12,-0.011579570577841982,0.3418043202033037,1.1689667177663838,0.188,2.6002570694087406,0.19794344473007713,0.2610796905220884,0.4422360248447205,1.356967229391825,0.149,2.8782909930715936,0.20785219399538107,-0.2726592610999304,-0.10043170464141682,-0.03900000000000001,-15.1,121.0,15.2,31.6,1.3,0.132,0.151,53.0,198.62,702.74,12.0,1.0,11.0,0.08333333333333333,-19.166666666666668,12.0,0.4166666666666667
2025,Old Dominion,Sun Belt,0.23649502622904495,0.45424107142857145,1.2751828210448173,0.138,3.2182156133828994,0.15427509293680297,0.018271414240957767,0.37840785169029445,1.0884191976155404,0.186,2.861822125813449,0.21475054229934923,0.21822361198808718,0.075833219738277,0.04799999999999999,5.9,49.0,31.6,23.7,-2.0,0.412,0.443,102.0,144.31,477.45,13.0,10.0,3.0,0.7692307692307693,13.461538461538462,13.0,0.6153846153846154
2025,Ole Miss,SEC,0.30729580195077905,0.4846014492753623,1.279290255398204,0.133,2.87068345323741,0.20323741007194246,0.10989144021194328,0.3884462151394422,1.2901358056184036,0.167,3.0120553359683795,0.1976284584980237,0.19740436173883577,0.09615523413592009,0.034,24.0,7.0,40.4,18.3,1.9,0.175,0.146,16.0,251.63,813.11,15.0,13.0,2.0,0.8666666666666667,15.866666666666667,15.0,0.6
2025,Oregon,Big Ten,0.302712336905911,0.474059003051882,1.3434496445135193,0.109,3.0789980732177264,0.17341040462427745,0.040779484428623926,0.3639274279615795,1.226067901187474,0.182,2.7785714285714285,0.1638655462184874,0.26193285247728704,0.11013157509030247,0.073,25.9,4.0,38.7,13.5,0.7,0.187,0.246,5.0,296.1,941.22,15.0,13.0,2.0,0.8666666666666667,19.066666666666666,15.0,0.5714285714285714
2025,Oregon State,Pac-12,0.06180496222659319,0.42374854481955765,1.0750875841639929,0.163,2.8308673469387755,0.16071428571428573,0.18347520755392782,0.3884514435695538,1.4053070946347241,0.172,2.629367088607595,0.23291139240506328,-0.12167024532733464,0.03529710125000385,0.00899999999999998,-15.9,126.0,17.0,30.8,-2.0,0.522,0.498,64.0,188.93,667.99,12.0,2.0,10.0,0.16666666666666666,-11.25,12.0,0.2727272727272727
2025,Penn State,Big Ten,0.2278989780216406,0.4623921085080148,1.1977254678865308,0.135,3.1246666666666667,0.16444444444444445,0.10486961944818493,0.40852130325814534,1.18468648643655,0.159,2.9341523341523343,0.18427518427518427,0.12302935857345568,0.05387080524986948,0.023999999999999994,18.1,15.0,35.1,18.8,1.8,0.564,0.767,15.0,255.36,910.42,13.0,7.0,6.0,0.5384615384615384,10.461538461538462,13.0,0.38461538461538464
2025,Pittsburgh,ACC,0.17346155205017802,0.40268456375838924,1.3437456227209852,0.184,2.7520725388601037,0.22020725388601037,0.06995982484389222,0.3563348416289593,1.3296663168877347,0.189,2.3295673076923076,0.25721153846153844,0.1035017272062858,0.04634972212942995,0.0050000000000000044,8.4,36.0,31.6,23.5,0.4,0.592,0.674,51.0,199.28,681.21,13.0,8.0,5.0,0.6153846153846154,8.923076923076923,13.0,0.6153846153846154
2025,Purdue,Big Ten,0.09736854305396307,0.42038216560509556,1.2211090193064076,0.16,2.9030555555555555,0.19722222222222222,0.26971186666421465,0.4776315789473684,1.243491437238665,0.152,3.2131147540983607,0.18969555035128804,-0.17234332361025156,-0.05724941334227285,-0.008000000000000007,-6.1,90.0,21.9,29.9,1.8,0.199,0.367,99.0,147.08,687.74,12.0,2.0,10.0,0.16666666666666666,-13.083333333333334,12.0,0.4166666666666667
2025,Rice,American Athletic,0.037404553987040894,0.3557919621749409,1.2078437754652411,0.176,2.6689482470784642,0.21035058430717862,0.2397962757639153,0.4135514018691589,1.4829721623468684,0.135,2.983295711060948,0.19187358916478556,-0.2023917217768744,-0.057759439694217984,-0.04099999999999998,-14.8,120.0,17.7,33.9,1.3,0.107,0.146,100.0,146.64,530.06,13.0,5.0,8.0,0.38461538461538464,-13.846153846153847,13.0,0.38461538461538464
2025,Rutgers,Big Ten,0.2101593656849761,0.4616265750286369,1.219662438875453,0.159,3.034474885844749,0.1552511415525114,0.3087261764274837,0.47331460674157305,1.3446387128952884,0.124,3.1752717391304346,0.1983695652173913,-0.09856681074250759,-0.011688031712936142,-0.035,1.0,72.0,31.6,30.7,0.2,0.672,0.663,33.0,218.6,689.22,12.0,5.0,7.0,0.4166666666666667,-3.1666666666666665,12.0,0.5
2025,SMU,ACC,0.24860677278346288,0.4332171893147503,1.3702337795446156,0.168,2.954617414248021,0.19525065963060687,0.032547696032911244,0.395748987854251,1.2104438194285914,0.188,2.7908653846153846,0.21153846153846154,0.21605907675055164,0.037468201460499284,0.01999999999999999,13.4,23.0,34.2,19.5,-1.2,0.501,0.498,31.0,220.85,766.67,13.0,9.0,4.0,0.6923076923076923,11.692307692307692,13.0,0.46153846153846156
2025,Sam Houston,Conference USA,0.0011071597079431732,0.3629242819843342,1.2521680152939463,0.2,2.585498489425982,0.256797583081571,0.23677531069171706,0.4785801713586291,1.26620788594672,0.144,2.911111111111111,0.17257683215130024,-0.2356681509837739,-0.11565588937429494,-0.05600000000000002,-27.8,135.0,15.3,41.8,-1.3,0.519,0.439,122.0,108.47,477.35,12.0,2.0,10.0,0.16666666666666666,-20.083333333333332,12.0,0.25
2025,San Diego State,Mountain West,0.11806558536910854,0.41203703703703703,1.1785367241526745,0.129,3.258955223880597,0.15485074626865672,-0.01787315778646291,0.35444444444444445,1.1504700328816888,0.152,2.997004608294931,0.16589861751152074,0.13593874315557145,0.057592592592592584,0.022999999999999993,6.7,43.0,24.4,19.6,1.8,0.109,0.065,78.0,171.52,594.27,13.0,9.0,4.0,0.6923076923076923,11.0,13.0,0.7692307692307693
2025,San José State,Mountain West,0.1717992412693814,0.43243243243243246,1.2457629728413482,0.155,3.1060897435897434,0.19230769230769232,0.20358613139235948,0.4244256348246675,1.278241060029053,0.121,3.045374449339207,0.13656387665198239,-0.031786890122978084,0.00800679760776496,-0.034,-14.3,118.0,21.6,34.4,-1.5,0.33,0.591,117.0,123.98,522.91,12.0,3.0,9.0,0.25,-11.083333333333334,12.0,0.3333333333333333
2025,South Alabama,Sun Belt,0.16018110087559367,0.4183082271147161,1.2010030169124435,0.13,3.073938223938224,0.15444015444015444,0.24042252143125234,0.4330413016270338,1.2669742434316216,0.146,3.1530612244897958,0.17006802721088435,-0.08024142055565867,-0.014733074512317701,0.015999999999999986,-12.7,114.0,25.4,36.0,-2.0,0.254,0.332,118.0,120.71,544.87,12.0,4.0,8.0,0.3333333333333333,-3.9166666666666665,12.0,0.4166666666666667
2025,South Carolina,SEC,0.10486033170423975,0.3819628647214854,1.3240551351201209,0.198,2.878975741239892,0.1752021563342318,0.07866317874395508,0.41800246609124536,1.1746479216692405,0.16,2.633012048192771,0.2289156626506024,0.026197152960284673,-0.03603960136975998,-0.038000000000000006,5.9,49.0,24.6,20.2,1.5,0.625,0.634,18.0,244.27,833.26,12.0,4.0,8.0,0.3333333333333333,0.5833333333333334,12.0,0.5
2025,South Florida,American Athletic,0.2977139297492593,0.466955579631636,1.2980925243257622,0.138,3.2660531697341515,0.1554192229038855,0.08009939788898472,0.37945066124109866,1.3269082302017938,0.161,2.653404255319149,0.2170212765957447,0.21761453186027457,0.08750491839053731,0.022999999999999993,11.6,29.0,37.7,25.3,-0.8,0.296,0.231,65.0,188.76,666.89,13.0,9.0,4.0,0.6923076923076923,17.076923076923077,13.0,0.6666666666666666
2025,Southern Miss,Sun Belt,0.16253635234745775,0.3947078280044101,1.3330207056638514,0.163,3.011212814645309,0.1853546910755149,0.11577920101324025,0.4152892561983471,1.2150230924450436,0.174,3.042011834319527,0.1834319526627219,0.0467571513342175,-0.02058142819393699,0.010999999999999982,-7.1,94.0,27.0,32.8,-1.3,0.167,0.085,105.0,140.71,602.53,13.0,7.0,6.0,0.5384615384615384,1.3846153846153846,13.0,0.46153846153846156
2025,Stanford,ACC,0.06326659640678137,0.36477987421383645,1.2175617331092952,0.172,2.6154929577464787,0.18591549295774648,0.17838996843614255,0.42478941034897716,1.3029911242431251,0.146,2.801939058171745,0.18559556786703602,-0.11512337202936118,-0.060009536135140706,-0.025999999999999995,-11.8,112.0,18.4,28.6,-1.7,0.189,0.321,56.0,196.58,707.27,12.0,4.0,8.0,0.3333333333333333,-10.333333333333334,12.0,0.4166666666666667
2025,Syracuse,ACC,0.0523191814174319,0.3902728351126928,1.176959794153113,0.188,2.728217821782178,0.18811881188118812,0.26630545118557536,0.44923857868020306,1.3048982346233613,0.134,2.8997354497354495,0.21164021164021163,-0.21398626976814344,-0.058965743567510276,-0.05399999999999999,-13.1,115.0,18.8,33.0,1.1,0.131,0.124,42.0,206.41,727.83,12.0,3.0,9.0,0.25,-14.75,12.0,0.3333333333333333
2025,TCU,Big 12,0.19702443389722762,0.44505494505494503,1.2644847127697607,0.153,2.7404761904761905,0.21428571428571427,0.1410219790563551,0.40288568257491675,1.280142611133806,0.149,2.7958997722095673,0.17539863325740318,0.05600245484087252,0.04216926248002828,-0.0040000000000000036,8.3,37.0,32.9,23.9,-0.7,0.574,0.595,24.0,229.8,745.01,13.0,9.0,4.0,0.6923076923076923,5.384615384615385,13.0,0.5384615384615384
2025,Temple,American Athletic,0.17994183811575606,0.4277699859747546,1.196683439669801,0.144,2.6994520547945204,0.20821917808219179,0.2580934809988838,0.44952893674293404,1.2524140675503102,0.146,3.3080459770114943,0.15172413793103448,-0.07815164288312773,-0.021758950768179464,0.0020000000000000018,-5.1,88.0,27.1,33.2,1.0,0.409,0.585,123.0,101.99,507.91,12.0,5.0,7.0,0.4166666666666667,-1.8333333333333333,12.0,0.5833333333333334
2025,Tennessee,SEC,0.316398361528945,0.5037194473963869,1.2494687867779888,0.124,3.0509513742071883,0.13953488372093023,0.14607113384230117,0.44623655913978494,1.1472701734172175,0.184,2.891540130151844,0.19956616052060738,0.17032722768664385,0.057482888256601916,0.06,15.0,19.0,39.3,25.4,1.1,0.221,0.225,11.0,277.93,866.57,13.0,8.0,5.0,0.6153846153846154,10.923076923076923,13.0,0.38461538461538464
2025,Texas,SEC,0.17862800909592644,0.4045077105575326,1.3656398169382211,0.159,2.825,0.22193877551020408,0.09827453865912573,0.3923766816143498,1.1784471802687413,0.179,2.6361323155216283,0.21628498727735368,0.0803534704368007,0.012131028943182798,0.01999999999999999,16.2,17.0,32.9,17.9,1.2,0.283,0.395,1.0,312.27,973.54,13.0,10.0,3.0,0.7692307692307693,10.153846153846153,13.0,0.38461538461538464
2025,Texas A&M,SEC,0.23309832329527108,0.4553472987872106,1.2295473067236227,0.111,3.098128898128898,0.16424116424116425,0.11766561034942259,0.33753148614609574,1.4397300547824206,0.214,2.603252032520325,0.21951219512195122,0.11543271294584849,0.11781581264111485,0.103,20.7,9.0,38.0,16.4,-1.0,0.532,0.695,9.0,282.42,917.29,13.0,11.0,2.0,0.8461538461538461,12.76923076923077,13.0,0.38461538461538464
2025,Texas State,Sun Belt,0.3106730912577706,0.4581178903826267,1.345988722429389,0.122,3.103405017921147,0.16845878136200718,0.1578628140771757,0.41077085533262936,1.3019507797565275,0.157,2.706813627254509,0.24048096192384769,0.1528102771805949,0.04734703504999732,0.035,2.3,65.0,36.6,34.6,0.4,0.22,0.234,101.0,144.43,612.16,13.0,7.0,6.0,0.5384615384615384,7.461538461538462,13.0,0.38461538461538464
2025,Texas Tech,Big 12,0.24595442682440602,0.43707973102785785,1.318683456555812,0.152,2.8180265654648955,0.21062618595825428,-0.06516664678418396,0.3147153598281418,1.1668683078953273,0.233,2.1113022113022115,0.2285012285012285,0.31112107360859,0.12236437119971605,0.08100000000000002,27.6,3.0,39.3,12.3,0.6,0.589,0.622,48.0,201.51,757.49,14.0,12.0,2.0,0.8571428571428571,27.642857142857142,14.0,0.8461538461538461
2025,Toledo,Mid-American,0.20372315119480264,0.44571428571428573,1.2101891319223619,0.127,3.05054704595186,0.1925601750547046,-0.07767455541809376,0.3313180169286578,1.1466146939852253,0.202,2.3764568764568765,0.2097902097902098,0.2813977066128964,0.11439626878562792,0.07500000000000001,6.0,48.0,25.8,18.5,-1.3,0.685,0.756,73.0,175.56,620.13,13.0,8.0,5.0,0.6153846153846154,17.53846153846154,13.0,0.6923076923076923
2025,Troy,Sun Belt,0.08090793211208469,0.37872340425531914,1.2963916729299307,0.196,2.796629213483146,0.23820224719101124,0.11243265456757903,0.39638682252922425,1.287190962972268,0.164,3.007976653696498,0.1926070038910506,-0.03152472245549434,-0.017663418273905107,-0.032,-4.8,87.0,23.6,29.0,0.7,0.239,0.267,82.0,164.69,561.87,14.0,8.0,6.0,0.5714285714285714,-0.42857142857142855,14.0,0.6923076923076923
2025,Tulane,American Athletic,0.20496160289685944,0.4472573839662447,1.2046506504034908,0.125,3.1022044088176353,0.17835671342685372,0.1500720244819019,0.4455852156057495,1.183245404842699,0.165,2.9623608017817373,0.1759465478841871,0.054889578414957535,0.0016721683604952187,0.04000000000000001,6.3,45.0,32.4,27.6,1.6,0.146,0.203,74.0,175.32,650.87,14.0,11.0,3.0,0.7857142857142857,3.7857142857142856,14.0,0.5
2025,Tulsa,American Athletic,0.11230453929669147,0.4046610169491525,1.2582906266787413,0.17,2.862345679012346,0.23251028806584362,0.15143604504599784,0.42524916943521596,1.2066196511462495,0.127,2.9328685258964144,0.1852589641434263,-0.039131505749306364,-0.020588152486063438,-0.04300000000000001,-10.0,104.0,21.7,33.1,1.4,0.235,0.296,109.0,137.85,594.78,12.0,4.0,8.0,0.3333333333333333,-5.75,12.0,0.5
2025,UAB,American Athletic,0.17782476363440705,0.4322033898305085,1.2969159419230583,0.153,3.1060941828254847,0.18005540166204986,0.32318644160850035,0.4884979702300406,1.2711638615286236,0.12,3.35,0.14,-0.1453616779740933,-0.05629458039953211,-0.033,-15.8,125.0,25.5,39.8,-1.5,0.332,0.438,125.0,98.28,540.93,12.0,4.0,8.0,0.3333333333333333,-11.833333333333334,12.0,0.3333333333333333
2025,UCF,Big 12,0.1493862028226858,0.3992443324937028,1.368496709003802,0.173,2.6628032345013475,0.2371967654986523,0.11338707697629882,0.42341220423412207,1.1303716122804865,0.164,2.9386363636363635,0.17045454545454544,0.03599912584638698,-0.02416787174041929,-0.00899999999999998,-1.2,76.0,23.2,24.0,-0.5,0.101,0.175,79.0,171.17,709.99,12.0,5.0,7.0,0.4166666666666667,0.75,12.0,0.3333333333333333
2025,UCLA,Big Ten,0.11732535828659123,0.412483039348711,1.1675659193316492,0.159,3.0387755102040814,0.1924198250728863,0.2609263578302964,0.4980793854033291,1.1485230641968105,0.12,3.324367816091954,0.135632183908046,-0.14360099954370514,-0.08559634605461808,-0.03900000000000001,-8.7,98.0,21.7,30.4,0.1,0.219,0.213,46.0,202.28,766.62,12.0,3.0,9.0,0.25,-15.25,12.0,0.3333333333333333
2025,UConn,FBS Independents,0.31223396952056165,0.45876887340301975,1.3418907622077614,0.119,2.975064267352185,0.16966580976863754,0.20804438403324135,0.4624338624338624,1.1835617306770285,0.148,3.349901768172888,0.12180746561886051,0.1041895854873203,-0.003664989030842669,0.028999999999999998,5.1,53.0,32.0,28.5,1.6,0.68,0.757,114.0,127.8,568.12,13.0,9.0,4.0,0.6923076923076923,8.307692307692308,13.0,0.6153846153846154
2025,UL Monroe,Sun Belt,0.0798483710369998,0.3699186991869919,1.3684888149032042,0.205,2.7419117647058826,0.24509803921568626,0.18700671671737684,0.40682095006090135,1.3507880920044062,0.144,2.863157894736842,0.16933638443935928,-0.10715834568037705,-0.03690225087390947,-0.061,-21.6,131.0,16.1,35.7,-2.1,0.594,0.393,115.0,127.14,473.34,12.0,3.0,9.0,0.25,-15.333333333333334,12.0,0.3333333333333333
2025,UNLV,Mountain West,0.2978672891337787,0.46601941747572817,1.359364405593744,0.16,3.202972399150743,0.18683651804670912,0.21010100064270779,0.440552016985138,1.3248441074499364,0.149,3.148888888888889,0.1688888888888889,0.0877662884910709,0.025467400490590153,-0.01100000000000001,4.3,57.0,33.8,29.8,0.2,0.152,0.195,95.0,154.36,700.54,14.0,10.0,4.0,0.7142857142857143,6.071428571428571,14.0,0.5
2025,USC,Big Ten,0.3441590623995078,0.49049881235154397,1.3420075991857778,0.132,3.154744525547445,0.1654501216545012,0.14879131370609774,0.4484029484029484,1.1617150729526586,0.159,3.2879895561357704,0.16971279373368145,0.19536774869341003,0.04209586394859555,0.026999999999999996,16.9,16.0,38.9,21.0,-1.0,0.368,0.29,14.0,257.02,847.53,13.0,9.0,4.0,0.6923076923076923,12.76923076923077,13.0,0.38461538461538464
2025,UTEP,Conference USA,0.0127842137907675,0.3282636248415716,1.4523360910170722,0.186,2.1551020408163266,0.22740524781341107,0.10077633192941217,0.3893905191873589,1.2126006665658196,0.157,2.577589852008457,0.23255813953488372,-0.08799211813864467,-0.061126894345787275,-0.028999999999999998,-17.5,129.0,20.2,36.3,-1.4,0.715,0.537,70.0,179.54,551.88,12.0,2.0,10.0,0.16666666666666666,-7.083333333333333,12.0,0.25
2025,UTSA,American Athletic,0.20402370612222354,0.4391353811149033,1.319247238668742,0.16,2.786810551558753,0.21342925659472423,0.13585830031826518,0.38044758539458184,1.391218062534005,0.185,2.7458139534883723,0.19767441860465115,0.06816540580395836,0.058687795720321456,0.024999999999999994,3.7,62.0,33.3,30.0,0.4,0.842,0.749,107.0,138.78,662.09,13.0,7.0,6.0,0.5384615384615384,6.6923076923076925,13.0,0.5384615384615384
2025,Utah,Big 12,0.34661561406387875,0.4952681388012618,1.2489990066575745,0.124,3.5402527075812276,0.13357400722021662,0.06753504530199514,0.3814317673378076,1.3441660557738826,0.169,2.963676148796499,0.19693654266958424,0.2790805687618836,0.11383637146345421,0.04500000000000001,22.2,8.0,39.7,17.5,0.0,0.14,0.303,40.0,207.85,707.86,13.0,11.0,2.0,0.8461538461538461,22.384615384615383,13.0,0.6923076923076923
2025,Utah State,Mountain West,0.2046902115577904,0.410958904109589,1.3481837456970784,0.161,2.8839328537170266,0.2014388489208633,0.1977361270713912,0.4271255060728745,1.2648313091110948,0.135,3.203030303030303,0.15800865800865802,0.006954084486399198,-0.016166601963285454,-0.025999999999999995,-3.1,79.0,29.5,31.2,-1.4,0.246,0.23,87.0,159.33,503.59,13.0,6.0,7.0,0.46153846153846156,2.230769230769231,13.0,0.7692307692307693
2025,Vanderbilt,SEC,0.41276301774507734,0.5030826140567201,1.415498352421852,0.129,3.244270833333333,0.17708333333333334,0.1909919190811946,0.4186320754716981,1.3064940926425983,0.171,2.6268156424581006,0.2206703910614525,0.22177109866388275,0.08445053858502194,0.04200000000000001,20.3,11.0,39.9,21.4,1.8,0.859,0.924,76.0,173.04,685.42,13.0,10.0,3.0,0.7692307692307693,15.615384615384615,13.0,0.7692307692307693
2025,Virginia,ACC,0.17346493372712524,0.41372735938989513,1.2765934340799885,0.135,3.0170731707317073,0.1651031894934334,0.06366002033610989,0.3694915254237288,1.2022195552879607,0.181,2.834246575342466,0.18036529680365296,0.10980491339101535,0.044235833966166316,0.045999999999999985,11.1,31.0,28.8,18.1,0.5,0.28,0.202,58.0,195.76,666.74,14.0,11.0,3.0,0.7857142857142857,11.214285714285714,14.0,0.6428571428571429
2025,Virginia Tech,ACC,0.17179932772101925,0.41796875,1.2443464231225405,0.167,3.3410501193317423,0.15035799522673032,0.26824703851759973,0.44675324675324674,1.2622214963111194,0.132,3.009558823529412,0.1642156862745098,-0.09644771079658049,-0.028784496753246736,-0.035,-10.1,105.0,21.4,30.8,-0.7,0.403,0.52,39.0,208.19,712.19,12.0,3.0,9.0,0.25,-8.75,12.0,0.25
2025,Wake Forest,ACC,0.1590098397289416,0.3802325581395349,1.477694702727151,0.155,2.762929061784897,0.18993135011441648,0.04078555897534403,0.3545258620689655,1.2140084095173425,0.182,2.5273563218390804,0.25287356321839083,0.11822428075359756,0.025706696070569357,0.026999999999999996,5.7,52.0,26.6,20.9,0.0,0.262,0.359,63.0,189.05,627.16,13.0,9.0,4.0,0.6923076923076923,6.0,13.0,0.6923076923076923
2025,Washington,Big Ten,0.2900075913193489,0.4891041162227603,1.2573780714523055,0.135,3.2240654205607475,0.17523364485981308,0.05743225883708803,0.38011695906432746,1.2123948985204114,0.146,2.793548387096774,0.16666666666666666,0.23257533248226087,0.10898715715843282,0.010999999999999982,18.4,13.0,34.5,15.3,-0.9,0.424,0.491,23.0,235.26,720.56,13.0,9.0,4.0,0.6923076923076923,15.384615384615385,13.0,0.5384615384615384
2025,Washington State,Pac-12,0.12597624017935016,0.41627906976744183,1.1144114869383805,0.157,2.7670644391408117,0.20763723150357996,0.09197785428279828,0.41919191919191917,1.0801112641026867,0.145,2.991959798994975,0.18090452261306533,0.03399838589655188,-0.0029128494244773373,-0.01200000000000001,3.8,61.0,24.6,20.5,-0.3,0.182,0.178,71.0,178.96,569.46,13.0,7.0,6.0,0.5384615384615384,2.3076923076923075,13.0,0.6923076923076923
2025,West Virginia,Big 12,0.07109862144954428,0.3729411764705882,1.2166866398719773,0.16,2.7773469387755103,0.19795918367346937,0.1585261256126159,0.39931350114416475,1.392286259487451,0.177,2.4114285714285715,0.23516483516483516,-0.08742750416307161,-0.02637232467357653,0.016999999999999987,-6.8,93.0,22.8,30.0,0.3,0.176,0.291,43.0,205.16,662.33,12.0,4.0,8.0,0.3333333333333333,-9.083333333333334,12.0,0.5833333333333334
2025,Western Kentucky,Conference USA,0.16571122953898376,0.4344978165938865,1.2042882440718339,0.151,3.009113924050633,0.19240506329113924,0.0961728888260361,0.3644957983193277,1.3362216006331387,0.161,2.8787946428571427,0.20535714285714285,0.06953834071294766,0.07000201827455876,0.010000000000000009,1.6,69.0,28.8,28.6,1.4,0.13,0.098,96.0,152.76,561.36,13.0,9.0,4.0,0.6923076923076923,6.6923076923076925,13.0,0.7692307692307693
2025,Western Michigan,Mid-American,0.1004441600388964,0.42275574112734865,1.0534751868334846,0.124,3.090032154340836,0.16559485530546625,0.052670362279603374,0.3752808988764045,1.2280896663079395,0.173,2.789908256880734,0.1720183486238532,0.04777379775929303,0.04747484225094417,0.04899999999999999,-1.4,78.0,21.7,21.8,-1.3,0.319,0.235,104.0,141.86,534.35,14.0,10.0,4.0,0.7142857142857143,7.5,14.0,0.7857142857142857
2025,Wisconsin,Big Ten,0.022417673990462666,0.3660968660968661,1.196672845018536,0.183,2.872658227848101,0.1848101265822785,0.17256179943489638,0.4477211796246649,1.133456890541878,0.129,2.7389204545454544,0.2159090909090909,-0.15014412544443373,-0.08162431352779881,-0.05399999999999999,-4.4,85.0,17.4,20.9,-0.9,0.402,0.248,27.0,227.22,763.17,12.0,4.0,8.0,0.3333333333333333,-8.75,12.0,0.5
2025,Wyoming,Mountain West,0.04868411996031556,0.3785450061652281,1.1682773038477816,0.187,2.7766839378238344,0.22279792746113988,0.06891172319885128,0.37758830694275275,1.211696640421808,0.13,2.9760722347629796,0.17155756207674944,-0.020227603238535716,0.0009566992224753768,-0.056999999999999995,-11.3,110.0,15.3,24.7,-1.8,0.749,0.689,89.0,159.12,489.33,12.0,4.0,8.0,0.3333333333333333,-4.5,12.0,0.4166666666666667
