season,gid,home,away,n_books,margin,consensus,best_home,best_away,book_spread_range,home_consensus_result,home_best_result,away_consensus_result,away_best_result
2022,401426553,Army,UTSA,4,-3,1.875,2.0,-1.5,0.5,-1.125,-1.0,1.125,1.5
2022,401411101,Georgia Tech,Clemson,4,-31,24.375,24.5,-24.0,0.5,-6.625,-6.5,6.625,7.0
2022,401423155,St. Thomas (MN),Drake,2,12,-16.5,-16.5,16.5,0.0,-4.5,-4.5,4.5,4.5
2022,401418832,Illinois State,South Dakota,2,2,1.5,1.5,-1.5,0.0,3.5,3.5,-3.5,-3.5
2022,401418840,Youngstown State,Indiana State,2,6,-12.25,-12.0,12.5,0.5,-6.25,-6.0,6.25,6.5
2022,401420834,North Dakota State,South Dakota State,2,-2,-4.0,-4.0,4.0,0.0,-6.0,-6.0,6.0,6.0
2022,401421113,Valparaiso,Butler,2,-1,-10.5,-10.5,10.5,0.0,-11.5,-11.5,11.5,11.5
2022,401421160,Furman,Western Carolina,2,7,-9.5,-9.5,9.5,0.0,-2.5,-2.5,2.5,2.5
2022,401404081,Oklahoma,Kansas State,4,-7,-13.625,-13.5,14.0,0.5,-20.625,-20.5,20.625,21.0
2022,401403893,Texas A&M,Arkansas,4,2,-1.5,-1.0,2.0,1.0,0.5,1.0,-0.5,0.0
2022,401404080,Iowa State,Baylor,4,-7,-2.5,-2.5,2.5,0.0,-9.5,-9.5,9.5,9.5
2022,401404082,Texas Tech,Texas,4,3,7.0,7.0,-7.0,0.0,10.0,10.0,-10.0,-10.0
2022,401404079,Kansas,Duke,4,8,-7.125,-7.0,7.5,0.5,0.875,1.0,-0.875,-0.5
2022,401415642,East Carolina,UCF,4,21,5.5,6.0,-5.0,1.0,26.5,27.0,-26.5,-26.0
2022,401416625,Ohio,Northern Illinois,4,7,2.5,2.5,-2.5,0.0,9.5,9.5,-9.5,-9.5
2022,401426355,James Madison,Marshall,4,-14,-10.25,-9.5,12.5,3.0,-24.25,-23.5,24.25,26.5
2022,401426357,Louisiana,Arkansas State,4,20,-6.25,-6.0,6.5,0.5,13.75,14.0,-13.75,-13.5
2022,401426358,Texas State,Southern Miss,4,-6,2.5,2.5,-2.5,0.0,-3.5,-3.5,3.5,3.5
2022,401416633,Ohio,Buffalo,4,21,2.5,2.5,-2.5,0.0,23.5,23.5,-23.5,-23.5
2022,401403920,Ole Miss,Auburn,4,14,-15.375,-15.0,15.5,0.5,-1.375,-1.0,1.375,1.5
2022,401403917,Florida,LSU,4,-10,-2.0,-2.0,2.0,0.0,-12.0,-12.0,12.0,12.0
2022,401404140,Army,UL Monroe,4,24,-6.5,-6.5,6.5,0.0,17.5,17.5,-17.5,-17.5
2022,401416628,Kent State,Akron,4,6,-15.625,-15.0,16.0,1.0,-9.625,-9.0,9.625,10.0
2022,401416634,Northern Illinois,Central Michigan,4,-13,-4.875,-4.5,6.0,1.5,-17.875,-17.5,17.875,19.0
2022,401416626,Buffalo,Toledo,4,7,7.125,7.5,-7.0,0.5,14.125,14.5,-14.125,-14.0
2022,401416629,Central Michigan,Bowling Green,4,-16,-6.0,-5.5,6.5,1.0,-22.0,-21.5,22.0,22.5
2022,401416624,Ball State,Eastern Michigan,4,-4,-2.5,-2.5,2.5,0.0,-6.5,-6.5,6.5,6.5
2022,401462224,Nicholls,McNeese,2,5,-2.5,-2.5,2.5,0.0,2.5,2.5,-2.5,-2.5
2022,401426604,Florida International,Florida Atlantic,4,-45,15.25,15.5,-15.0,0.5,-29.75,-29.5,29.75,30.0
2022,401415217,Wyoming,Air Force,4,3,16.625,17.0,-16.5,0.5,19.625,20.0,-19.625,-19.5
2022,401405088,Ohio State,Toledo,4,56,-32.125,-31.0,34.5,3.5,23.875,25.0,-23.875,-21.5
2022,401426556,Clemson,Louisiana Tech,4,28,-33.5,-33.5,33.5,0.0,-5.5,-5.5,5.5,5.5
2022,401411115,Western Michigan,Pittsburgh,4,-21,10.125,10.5,-10.0,0.5,-10.875,-10.5,10.875,11.0
2022,401416601,Coastal Carolina,Buffalo,4,12,-11.875,-11.5,12.0,0.5,0.125,0.5,-0.125,0.0
2022,401405089,Temple,Rutgers,4,-2,18.0,18.0,-18.0,0.0,16.0,16.0,-16.0,-16.0
2022,401411113,Virginia,Old Dominion,4,2,-8.25,-8.0,8.5,0.5,-6.25,-6.0,6.25,6.5
2022,401403987,Notre Dame,California,4,7,-13.5,-13.5,13.5,0.0,-6.5,-6.5,6.5,6.5
2022,401426558,UNLV,North Texas,4,31,-2.5,-2.5,2.5,0.0,28.5,28.5,-28.5,-28.5
2022,401403988,Minnesota,Colorado,4,42,-28.0,-28.0,28.0,0.0,14.0,14.0,-14.0,-14.0
2022,401426333,App State,Troy,4,4,-14.0,-14.0,14.0,0.0,-10.0,-10.0,10.0,10.0
2022,401426560,UAB,Georgia Southern,4,14,-11.5,-11.5,11.5,0.0,2.5,2.5,-2.5,-2.5
2022,401415029,Bowling Green,Marshall,4,3,17.0,17.0,-17.0,0.0,20.0,20.0,-20.0,-20.0
2022,401426554,Georgia State,Charlotte,4,-1,-19.5,-19.5,19.5,0.0,-20.5,-20.5,20.5,20.5
2022,401426555,Florida Atlantic,UCF,4,-26,7.5,7.5,-7.5,0.0,-18.5,-18.5,18.5,18.5
2022,401403986,Arizona State,Eastern Michigan,4,-9,-20.5,-20.5,20.5,0.0,-29.5,-29.5,29.5,29.5
2022,401426366,Old Dominion,Marshall,4,-12,3.5,3.5,-3.5,0.0,-8.5,-8.5,8.5,8.5
2022,401426369,Southern Miss,Georgia State,4,-28,-2.125,-2.0,2.5,0.5,-30.125,-30.0,30.125,30.5
2022,401426365,Georgia Southern,South Alabama,4,-7,3.5,3.5,-3.5,0.0,-3.5,-3.5,3.5,3.5
2022,401426367,Louisiana,Troy,4,-6,3.5,3.5,-3.5,0.0,-2.5,-2.5,2.5,2.5
2022,401426368,UL Monroe,Texas State,4,1,-2.625,-2.5,3.0,0.5,-1.625,-1.5,1.625,2.0
2022,401415622,Memphis,Arkansas State,4,12,-14.5,-14.5,14.5,0.0,-2.5,-2.5,2.5,2.5
2022,401426559,Rice,Louisiana,4,12,11.625,12.0,-11.5,0.5,23.625,24.0,-23.625,-23.5
2022,401420816,Southern Illinois,North Dakota,2,17,-4.0,-4.0,4.0,0.0,13.0,13.0,-13.0,-13.0
2022,401424366,William & Mary,Elon,2,-4,-6.5,-6.5,6.5,0.0,-10.5,-10.5,10.5,10.5
2022,401424955,Jackson State,Mississippi Valley State,2,42,-40.0,-40.0,40.0,0.0,2.0,2.0,-2.0,-2.0
2022,401424429,UAlbany,Central Connecticut,2,19,-17.0,-17.0,17.0,0.0,2.0,2.0,-2.0,-2.0
2022,401435075,Delaware State,Merrimack,2,-13,6.0,6.0,-6.0,0.0,-7.0,-7.0,7.0,7.0
2022,401422992,Lafayette,Georgetown,2,-10,-10.25,-10.0,10.5,0.5,-20.25,-20.0,20.25,20.5
2022,401423141,Butler,Morehead State,2,36,-8.5,-8.5,8.5,0.0,27.5,27.5,-27.5,-27.5
2022,401420835,Northern Iowa,South Dakota State,2,-3,10.5,10.5,-10.5,0.0,7.5,7.5,-7.5,-7.5
2022,401420838,Western Illinois,North Dakota State,2,-39,29.5,29.5,-29.5,0.0,-9.5,-9.5,9.5,9.5
2022,401403978,Oregon,Eastern Washington,2,56,-27.0,-26.5,27.5,1.0,29.0,29.5,-29.0,-28.5
2022,401403914,Mississippi State,Arkansas,4,23,-8.375,-8.0,8.5,0.5,14.625,15.0,-14.625,-14.5
2022,401411114,Virginia Tech,Wofford,3,20,-39.166666666666664,-38.5,40.0,1.5,-19.166666666666664,-18.5,19.166666666666664,20.0
2022,401411163,Virginia,Pittsburgh,4,-30,5.5,5.5,-5.5,0.0,-24.5,-24.5,24.5,24.5
2022,401424400,Elon,UAlbany,2,24,-11.0,-11.0,11.0,0.0,13.0,13.0,-13.0,-13.0
2022,401418609,Austin Peay,Presbyterian,2,63,-36.0,-36.0,36.0,0.0,27.0,27.0,-27.0,-27.0
2022,401420822,Youngstown State,Duquesne,2,17,-16.5,-16.5,16.5,0.0,0.5,0.5,-0.5,-0.5
2022,401420836,North Dakota State,Drake,2,42,-48.0,-48.0,48.0,0.0,-6.0,-6.0,6.0,6.0
2022,401420846,Incarnate Word,Southern Illinois,2,35,4.75,5.0,-4.5,0.5,39.75,40.0,-39.75,-39.5
2022,401424417,Hampton,Howard,2,3,-9.0,-9.0,9.0,0.0,-6.0,-6.0,6.0,6.0
2022,401422975,Charleston Southern,Western Carolina,2,-14,3.0,3.0,-3.0,0.0,-11.0,-11.0,11.0,11.0
2022,401422987,Lafayette,Sacred Heart,2,6,6.5,6.5,-6.5,0.0,12.5,12.5,-12.5,-12.5
2022,401413203,Chattanooga,Wofford,2,31,-18.75,-18.5,19.0,0.5,12.25,12.5,-12.25,-12.0
2022,401416645,Central Michigan,Western Michigan,4,-2,-10.0,-10.0,10.0,0.0,-12.0,-12.0,12.0,12.0
2022,401425090,Valparaiso,San Diego,2,7,7.5,7.5,-7.5,0.0,14.5,14.5,-14.5,-14.5
2022,401423413,Stetson,Princeton,2,-25,33.5,33.5,-33.5,0.0,8.5,8.5,-8.5,-8.5
2022,401421098,San Diego,Presbyterian,2,25,-27.75,-27.5,28.0,0.5,-2.75,-2.5,2.75,3.0
2022,401424424,Rhode Island,Delaware,3,-21,-3.0,-3.0,3.0,0.0,-24.0,-24.0,24.0,24.0
2022,401424404,Monmouth,Georgetown,2,39,-17.5,-17.5,17.5,0.0,21.5,21.5,-21.5,-21.5
2022,401424425,Fordham,UAlbany,2,3,-8.0,-7.5,8.5,1.0,-5.0,-4.5,5.0,5.5
2022,401425456,Northern Iowa,Sacramento State,2,-16,-2.25,-2.0,2.5,0.5,-18.25,-18.0,18.25,18.5
2022,401413335,Indiana State,Montana,3,-35,24.666666666666668,25.0,-24.5,0.5,-10.333333333333332,-10.0,10.333333333333332,10.5
2022,401415404,VMI,Cornell,3,-6,-14.5,-14.5,14.5,0.0,-20.5,-20.5,20.5,20.5
2022,401424954,Jackson State,Grambling,2,42,-28.5,-28.5,28.5,0.0,13.5,13.5,-13.5,-13.5
2022,401425413,Holy Cross,Yale,2,24,-8.5,-8.5,8.5,0.0,15.5,15.5,-15.5,-15.5
2022,401404131,Navy,Notre Dame,4,-3,16.875,17.0,-16.5,0.5,13.875,14.0,-13.875,-13.5
2022,401424395,Elon,Richmond,2,3,2.0,2.0,-2.0,0.0,5.0,5.0,-5.0,-5.0
2022,401421159,Furman,Samford,2,-7,-2.0,-2.0,2.0,0.0,-9.0,-9.0,9.0,9.0
2022,401420833,South Dakota State,Western Illinois,2,24,-34.5,-34.5,34.5,0.0,-10.5,-10.5,10.5,10.5
2022,401422973,Western Carolina,VMI,2,21,-7.5,-7.5,7.5,0.0,13.5,13.5,-13.5,-13.5
2022,401424430,Delaware,Towson,2,14,-26.25,-26.0,26.5,0.5,-12.25,-12.0,12.25,12.5
2022,401423441,Alabama A&M,Bethune-Cookman,2,8,-6.5,-6.5,6.5,0.0,1.5,1.5,-1.5,-1.5
2022,401428478,UT Martin,Tennessee Tech,2,17,-21.5,-21.5,21.5,0.0,-4.5,-4.5,4.5,4.5
2022,401404146,Utah State,UConn,4,11,-23.75,-23.0,24.0,1.0,-12.75,-12.0,12.75,13.0
2022,401405058,Illinois,Wyoming,4,32,-14.0,-14.0,14.0,0.0,18.0,18.0,-18.0,-18.0
2022,401403853,Hawai'i,Vanderbilt,4,-53,9.25,9.5,-9.0,0.5,-43.75,-43.5,43.75,44.0
2022,401421139,Mercer,The Citadel,2,17,-18.5,-18.5,18.5,0.0,-1.5,-1.5,1.5,1.5
2022,401403958,Florida State,Florida,4,7,-9.875,-9.5,10.0,0.5,-2.875,-2.5,2.875,3.0
2022,401404046,California,UCLA,4,-7,11.375,11.5,-11.0,0.5,4.375,4.5,-4.375,-4.0
2022,401437036,Georgia,LSU,4,20,-17.125,-17.0,17.5,0.5,2.875,3.0,-2.875,-2.5
2022,401437009,North Carolina,Clemson,4,-29,7.25,7.5,-7.0,0.5,-21.75,-21.5,21.75,22.0
2022,401413227,Cal Poly,Sacramento State,2,-28,25.0,25.0,-25.0,0.0,-3.0,-3.0,3.0,3.0
2022,401413248,Idaho,Northern Colorado,2,20,-15.5,-15.5,15.5,0.0,4.5,4.5,-4.5,-4.5
2022,401423158,Stetson,Morehead State,2,12,2.5,2.5,-2.5,0.0,14.5,14.5,-14.5,-14.5
2022,401422999,Princeton,Lehigh,2,12,-24.0,-24.0,24.0,0.0,-12.0,-12.0,12.0,12.0
2022,401423146,Presbyterian,Davidson,2,-32,28.25,30.0,-26.5,3.5,-3.75,-2.0,3.75,5.5
2022,401424930,Alcorn State,Arkansas-Pine Bluff,2,17,-18.25,-18.0,18.5,0.5,-1.25,-1.0,1.25,1.5
2022,401424427,Towson,New Hampshire,2,-23,6.0,6.0,-6.0,0.0,-17.0,-17.0,17.0,17.0
2022,401418605,Dartmouth,Pennsylvania,2,-6,-13.75,-13.5,14.0,0.5,-19.75,-19.5,19.75,20.0
2022,401405059,Northwestern,Nebraska,4,3,12.375,13.0,-12.0,1.0,15.375,16.0,-15.375,-15.0
2022,401415197,Georgetown,Columbia,2,-36,10.25,10.5,-10.0,0.5,-25.75,-25.5,25.75,26.0
2022,401435080,Marist,Dayton,2,-17,4.0,4.0,-4.0,0.0,-13.0,-13.0,13.0,13.0
2022,401423148,Davidson,Morehead State,2,2,-22.5,-22.5,22.5,0.0,-20.5,-20.5,20.5,20.5
2022,401424397,Rhode Island,Elon,2,7,-4.0,-4.0,4.0,0.0,3.0,3.0,-3.0,-3.0
2022,401422981,Yale,Bucknell,2,20,-29.0,-29.0,29.0,0.0,-9.0,-9.0,9.0,9.0
2022,401424407,Maine,Monmouth,2,10,11.0,11.5,-10.5,1.0,21.0,21.5,-21.0,-20.5
2022,401428192,Campbell,Robert Morris,2,31,-27.25,-27.0,27.5,0.5,3.75,4.0,-3.75,-3.5
2022,401422990,Lafayette,Princeton,2,-21,16.0,16.0,-16.0,0.0,-5.0,-5.0,5.0,5.0
2022,401423139,Butler,Dayton,2,31,9.5,9.5,-9.5,0.0,40.5,40.5,-40.5,-40.5
2022,401418603,Dartmouth,Valparaiso,2,22,-31.75,-31.0,32.5,1.5,-9.75,-9.0,9.75,10.5
2022,401418637,Eastern Kentucky,Charleston Southern,2,23,-18.0,-18.0,18.0,0.0,5.0,5.0,-5.0,-5.0
2022,401415186,Brown,Bryant,3,6,4.166666666666667,4.5,-3.5,1.0,10.166666666666668,10.5,-10.166666666666668,-9.5
2022,401415196,Marist,Columbia,2,-35,20.0,20.0,-20.0,0.0,-15.0,-15.0,15.0,15.0
2022,401420779,Morgan State,Sacred Heart,3,15,14.666666666666666,15.0,-14.5,0.5,29.666666666666664,30.0,-29.666666666666664,-29.5
2022,401422979,Bucknell,Lafayette,2,-10,3.0,3.0,-3.0,0.0,-7.0,-7.0,7.0,7.0
2022,401423138,Davidson,Butler,2,31,-21.5,-21.5,21.5,0.0,9.5,9.5,-9.5,-9.5
2022,401423000,Lehigh,Monmouth,2,-28,17.0,17.0,-17.0,0.0,-11.0,-11.0,11.0,11.0
2022,401423154,Dayton,Drake,2,13,-16.0,-16.0,16.0,0.0,-3.0,-3.0,3.0,3.0
2022,401424956,Jackson State,Campbell,2,8,-17.0,-17.0,17.0,0.0,-9.0,-9.0,9.0,9.0
2022,401423159,Morehead State,Presbyterian,2,4,-17.5,-17.5,17.5,0.0,-13.5,-13.5,13.5,13.5
2022,401423451,Texas Southern,Alabama State,2,-3,-5.5,-5.5,5.5,0.0,-8.5,-8.5,8.5,8.5
2022,401426253,Yale,Howard,2,8,-21.5,-21.5,21.5,0.0,-13.5,-13.5,13.5,13.5
2022,401415198,Columbia,Princeton,2,-18,4.0,4.0,-4.0,0.0,-14.0,-14.0,14.0,14.0
2022,401424431,Maine,Villanova,2,-25,8.5,8.5,-8.5,0.0,-16.5,-16.5,16.5,16.5
2022,401418597,Harvard,Holy Cross,2,-9,6.5,6.5,-6.5,0.0,-2.5,-2.5,2.5,2.5
2022,401420809,North Dakota,Missouri State,2,17,5.5,5.5,-5.5,0.0,22.5,22.5,-22.5,-22.5
2022,401421130,East Tennessee State,Chattanooga,2,-8,6.5,6.5,-6.5,0.0,-1.5,-1.5,1.5,1.5
2022,401424931,Mississippi Valley State,Alcorn State,2,-23,15.5,15.5,-15.5,0.0,-7.5,-7.5,7.5,7.5
2022,401455633,Princeton,Brown,2,16,-22.0,-21.5,22.5,1.0,-6.0,-5.5,6.0,6.5
2022,401418833,Indiana State,Illinois State,2,-6,4.5,4.5,-4.5,0.0,-1.5,-1.5,1.5,1.5
2022,401423140,Butler,Marist,2,21,-7.0,-7.0,7.0,0.0,14.0,14.0,-14.0,-14.0
2022,401413338,Weber State,Montana,2,3,-3.5,-3.5,3.5,0.0,-0.5,-0.5,0.5,0.5
2022,401415192,Brown,Pennsylvania,2,3,13.0,13.0,-13.0,0.0,16.0,16.0,-16.0,-16.0
2022,401431404,Colgate,Georgetown,2,10,-13.0,-13.0,13.0,0.0,-3.0,-3.0,3.0,3.0
2022,401425516,Howard,Delaware State,2,18,-7.5,-7.5,7.5,0.0,10.5,10.5,-10.5,-10.5
2022,401425424,Tennessee State,Eastern Illinois,2,20,-7.5,-7.5,7.5,0.0,12.5,12.5,-12.5,-12.5
2022,401428459,Robert Morris,North Carolina A&T,2,-24,16.5,16.5,-16.5,0.0,-7.5,-7.5,7.5,7.5
2022,401418798,Houston Christian,UT Martin,2,-24,24.0,24.0,-24.0,0.0,0.0,0.0,0.0,0.0
2022,401420784,Morgan State,South Carolina State,2,27,10.5,10.5,-10.5,0.0,37.5,37.5,-37.5,-37.5
2022,401422922,Mercer,Morehead State,3,50,-28.833333333333332,-27.5,29.5,2.0,21.166666666666668,22.5,-21.166666666666668,-20.5
2022,401413213,Jacksonville State,Stephen F. Austin,3,25,7.666666666666667,8.0,-7.5,0.5,32.666666666666664,33.0,-32.666666666666664,-32.5
2022,401423448,Alabama State,Howard,3,10,-0.6666666666666666,1.0,2.0,3.0,9.333333333333334,11.0,-9.333333333333334,-8.0
2022,401415264,New Mexico,San Diego State,4,-24,14.625,15.0,-14.5,0.5,-9.375,-9.0,9.375,9.5
2022,401409235,New Mexico State,Nevada,4,-11,7.125,7.5,-7.0,0.5,-3.875,-3.5,3.875,4.0
2022,401426531,UTEP,North Texas,4,-18,1.375,1.5,-1.0,0.5,-16.625,-16.5,16.625,17.0
2022,401422977,East Tennessee State,Western Carolina,2,-3,-5.5,-5.0,6.0,1.0,-8.5,-8.0,8.5,9.0
2022,401405095,Ohio State,Wisconsin,4,31,-18.875,-18.5,19.0,0.5,12.125,12.5,-12.125,-12.0
2022,401411121,Pittsburgh,Rhode Island,2,21,-32.5,-32.5,32.5,0.0,-11.5,-11.5,11.5,11.5
2022,401416606,Ohio,Fordham,2,7,-16.5,-16.5,16.5,0.0,-9.5,-9.5,9.5,9.5
2022,401418793,Texas State,Houston Christian,2,34,-26.5,-26.5,26.5,0.0,7.5,7.5,-7.5,-7.5
2022,401405093,Northwestern,Miami (OH),4,-3,-7.5,-7.5,7.5,0.0,-10.5,-10.5,10.5,10.5
2022,401411130,Syracuse,Wagner,2,59,-54.0,-54.0,54.0,0.0,5.0,5.0,-5.0,-5.0
2022,401416612,Western Michigan,New Hampshire,2,37,-15.0,-15.0,15.0,0.0,22.0,22.0,-22.0,-22.0
2022,401415649,Tulsa,Tulane,4,-14,6.625,7.0,-6.5,0.5,-7.375,-7.0,7.375,7.5
2022,401415648,Temple,South Florida,4,26,3.5,3.5,-3.5,0.0,29.5,29.5,-29.5,-29.5
2022,401415254,San Diego State,UNLV,4,4,-5.0,-5.0,5.0,0.0,-1.0,-1.0,1.0,1.0
2022,401404113,Texas,TCU,4,-7,-7.5,-7.5,7.5,0.0,-14.5,-14.5,14.5,14.5
2022,401423415,Dayton,Stetson,2,3,-13.5,-13.5,13.5,0.0,-10.5,-10.5,10.5,10.5
2022,401404109,Baylor,Kansas State,4,-28,-2.625,-2.5,3.0,0.5,-30.625,-30.5,30.625,31.0
2022,401424437,Villanova,UAlbany,2,2,-16.25,-16.0,16.5,0.5,-14.25,-14.0,14.25,14.5
2022,401404112,West Virginia,Oklahoma,4,3,8.5,8.5,-8.5,0.0,11.5,11.5,-11.5,-11.5
2022,401404110,Oklahoma State,Iowa State,4,6,2.75,3.0,-2.5,0.5,8.75,9.0,-8.75,-8.5
2022,401404024,California,Oregon,4,-18,16.75,17.0,-16.5,0.5,-1.25,-1.0,1.25,1.5
2022,401405097,Michigan,Maryland,4,7,-17.0,-17.0,17.0,0.0,-10.0,-10.0,10.0,10.0
2022,401404000,Oregon State,USC,4,-3,5.625,6.0,-5.5,0.5,2.625,3.0,-2.625,-2.5
2022,401403901,Tennessee,Florida,4,5,-11.125,-11.0,11.5,0.5,-6.125,-6.0,6.125,6.5
2022,401403997,Arizona State,Utah,4,-21,16.75,17.0,-16.5,0.5,-4.25,-4.0,4.25,4.5
2022,401405098,Penn State,Central Michigan,4,19,-28.0,-28.0,28.0,0.0,-9.0,-9.0,9.0,9.0
2022,401403999,Washington State,Oregon,4,-3,6.375,6.5,-6.0,0.5,3.375,3.5,-3.375,-3.0
2022,401404001,Washington,Stanford,4,18,-14.0,-14.0,14.0,0.0,4.0,4.0,-4.0,-4.0
2022,401403899,Mississippi State,Bowling Green,4,31,-31.0,-31.0,31.0,0.0,0.0,0.0,0.0,0.0
2022,401403998,Colorado,UCLA,4,-28,22.125,22.5,-22.0,0.5,-5.875,-5.5,5.875,6.0
2022,401405096,Cincinnati,Indiana,4,21,-16.5,-16.5,16.5,0.0,4.5,4.5,-4.5,-4.5
2022,401403996,California,Arizona,4,18,-3.5,-3.5,3.5,0.0,14.5,14.5,-14.5,-14.5
2022,401411118,Florida State,Boston College,4,30,-18.5,-18.5,18.5,0.0,11.5,11.5,-11.5,-11.5
2022,401409237,New Mexico State,Hawai'i,4,19,-4.5,-4.5,4.5,0.0,14.5,14.5,-14.5,-14.5
2022,401462216,Lamar,Houston Christian,2,-3,-1.5,-1.5,1.5,0.0,-4.5,-4.5,4.5,4.5
2022,401462219,Houston Christian,Nicholls,2,-2,7.0,7.0,-7.0,0.0,5.0,5.0,-5.0,-5.0
2022,401462217,Incarnate Word,McNeese,2,28,-24.5,-24.5,24.5,0.0,3.5,3.5,-3.5,-3.5
2022,401462517,Stephen F. Austin,Abilene Christian,2,3,-3.75,-3.5,4.0,0.5,-0.75,-0.5,0.75,1.0
2022,401462218,Northwestern State,Nicholls,2,3,8.0,8.0,-8.0,0.0,11.0,11.0,-11.0,-11.0
2022,401418778,Chattanooga,North Alabama,2,27,-20.75,-20.5,21.0,0.5,6.25,6.5,-6.25,-6.0
2022,401420799,New Hampshire,North Carolina Central,2,-18,-13.25,-13.0,13.5,0.5,-31.25,-31.0,31.25,31.5
2022,401421118,Southeast Missouri State,Nicholls,2,26,-5.5,-5.5,5.5,0.0,20.5,20.5,-20.5,-20.5
2022,401422988,Lafayette,William & Mary,2,-27,21.0,21.0,-21.0,0.0,-6.0,-6.0,6.0,6.0
2022,401422976,Western Carolina,Presbyterian,2,56,-39.0,-39.0,39.0,0.0,17.0,17.0,-17.0,-17.0
2022,401426532,Western Kentucky,Austin Peay,3,11,-32.5,-32.5,32.5,0.0,-21.5,-21.5,21.5,21.5
2022,401413256,UNLV,Idaho State,3,31,-22.666666666666668,-22.5,23.0,0.5,8.333333333333332,8.5,-8.333333333333332,-8.0
2022,401411090,Florida State,Duquesne,3,40,-41.833333333333336,-41.5,42.0,0.5,-1.8333333333333357,-1.5,1.8333333333333357,2.0
2022,401411091,North Carolina,Florida A&M,3,32,-45.166666666666664,-45.0,45.5,0.5,-13.166666666666664,-13.0,13.166666666666664,13.5
2022,401426334,Georgia State,Coastal Carolina,4,-17,2.5,2.5,-2.5,0.0,-14.5,-14.5,14.5,14.5
2022,401415645,BYU,East Carolina,4,-3,-3.125,-3.0,3.5,0.5,-6.125,-6.0,6.125,6.5
2022,401415644,UCF,Cincinnati,4,4,-1.5,-1.5,1.5,0.0,2.5,2.5,-2.5,-2.5
2022,401415643,Houston,South Florida,4,15,-17.375,-17.0,17.5,0.5,-2.375,-2.0,2.375,2.5
2022,401415646,Navy,Temple,4,7,-14.5,-14.5,14.5,0.0,-7.5,-7.5,7.5,7.5
2022,401415215,Utah State,Weber State,2,-28,-6.5,-6.5,6.5,0.0,-34.5,-34.5,34.5,34.5
2022,401411110,Boston College,Maine,2,21,-31.0,-31.0,31.0,0.0,-10.0,-10.0,10.0,10.0
2022,401424390,William & Mary,Rhode Island,2,1,-6.5,-6.5,6.5,0.0,-5.5,-5.5,5.5,5.5
2022,401421108,Dayton,Valparaiso,2,7,-3.0,-3.0,3.0,0.0,4.0,4.0,-4.0,-4.0
2022,401415211,Wyoming,Tulsa,4,3,6.5,6.5,-6.5,0.0,9.5,9.5,-9.5,-9.5
2022,401426541,Oklahoma,UTEP,4,32,-31.0,-31.0,31.0,0.0,1.0,1.0,-1.0,-1.0
2022,401415612,South Florida,BYU,4,-29,11.625,12.5,-11.0,1.5,-17.375,-16.5,17.375,18.0
2022,401426542,UTSA,Houston,4,-2,3.625,4.0,-3.5,0.5,1.625,2.0,-1.625,-1.5
2022,401403855,Arkansas,Cincinnati,4,7,-6.625,-6.5,7.0,0.5,0.375,0.5,-0.375,0.0
2022,401403860,Ole Miss,Troy,4,18,-21.375,-21.0,21.5,0.5,-3.375,-3.0,3.375,3.5
2022,401404134,Coastal Carolina,Army,4,10,-1.5,-1.5,1.5,0.0,8.5,8.5,-8.5,-8.5
2022,401405064,Purdue,Penn State,4,-4,3.5,3.5,-3.5,0.0,-0.5,-0.5,0.5,0.5
2022,401416591,Michigan State,Western Michigan,4,22,-21.75,-21.5,22.0,0.5,0.25,0.5,-0.25,0.0
2022,401426330,Old Dominion,Virginia Tech,4,3,6.0,6.0,-6.0,0.0,9.0,9.0,-9.0,-9.0
2022,401403864,Tennessee,Ball State,4,49,-36.25,-35.5,37.0,1.5,12.75,13.5,-12.75,-12.0
2022,401426537,Missouri,Louisiana Tech,4,28,-20.375,-20.0,20.5,0.5,7.625,8.0,-7.625,-7.5
2022,401403967,San Diego State,Arizona,4,-18,-6.25,-6.0,6.5,0.5,-24.25,-24.0,24.25,24.5
2022,401405066,Maryland,Buffalo,4,21,-24.0,-24.0,24.0,0.0,-3.0,-3.0,3.0,3.0
2022,401405067,Michigan,Colorado State,4,44,-31.0,-31.0,31.0,0.0,13.0,13.0,-13.0,-13.0
2022,401426540,USC,Rice,4,52,-32.875,-32.5,33.0,0.5,19.125,19.5,-19.125,-19.0
2022,401411095,App State,North Carolina,4,-2,-3.0,-3.0,3.0,0.0,-5.0,-5.0,5.0,5.0
2022,401411096,East Carolina,NC State,4,-1,12.5,12.5,-12.5,0.0,11.5,11.5,-11.5,-11.5
2022,401405069,Boston College,Rutgers,4,-1,-9.0,-8.5,9.5,1.0,-10.0,-9.5,10.0,10.5
2022,401415212,Nevada,Texas State,4,24,2.0,2.0,-2.0,0.0,26.0,26.0,-26.0,-26.0
2022,401426536,Ohio,Florida Atlantic,4,3,6.0,6.0,-6.0,0.0,9.0,9.0,-9.0,-9.0
2022,401403858,Georgia,Oregon,4,46,-16.0,-16.0,16.0,0.0,30.0,30.0,-30.0,-30.0
2022,401414778,Tulane,Massachusetts,4,32,-28.5,-28.5,28.5,0.0,3.5,3.5,-3.5,-3.5
2022,401411094,Duke,Temple,4,30,-9.5,-9.5,9.5,0.0,20.5,20.5,-20.5,-20.5
2022,401404157,Southern Miss,Liberty,4,-2,3.5,3.5,-3.5,0.0,1.5,1.5,-1.5,-1.5
2022,401403966,Colorado,TCU,4,-25,13.625,14.0,-13.5,0.5,-11.375,-11.0,11.375,11.5
2022,401405061,Indiana,Illinois,4,3,-0.75,0.0,1.0,1.0,2.25,3.0,-2.25,-2.0
2022,401405060,Minnesota,New Mexico State,4,38,-36.0,-36.0,36.0,0.0,2.0,2.0,-2.0,-2.0
2022,401426538,James Madison,Middle Tennessee,4,37,-4.5,-4.5,4.5,0.0,32.5,32.5,-32.5,-32.5
2022,401403971,UCLA,Bowling Green,4,28,-24.0,-24.0,24.0,0.0,4.0,4.0,-4.0,-4.0
2022,401416569,Oklahoma State,Central Michigan,4,14,-20.75,-20.5,21.5,1.0,-6.75,-6.5,6.75,7.5
2022,401411092,Pittsburgh,West Virginia,4,7,-7.5,-7.5,7.5,0.0,-0.5,-0.5,0.5,0.5
2022,401403861,Mississippi State,Memphis,4,26,-17.0,-17.0,17.0,0.0,9.0,9.0,-9.0,-9.0
2022,401403863,South Carolina,Georgia State,4,21,-12.5,-12.5,12.5,0.0,8.5,8.5,-8.5,-8.5
2022,401441990,Toledo,Long Island University,3,37,-47.166666666666664,-47.0,47.5,0.5,-10.166666666666664,-10.0,10.166666666666664,10.5
2022,401403973,Washington,Kent State,4,25,-23.625,-23.5,24.0,0.5,1.375,1.5,-1.375,-1.0
2022,401411093,Wake Forest,VMI,3,34,-33.333333333333336,-33.0,33.5,0.5,0.6666666666666643,1.0,-0.6666666666666643,-0.5
2022,401426543,Hawai'i,Western Kentucky,4,-32,16.5,16.5,-16.5,0.0,-15.5,-15.5,15.5,15.5
2022,401416592,Northern Illinois,Eastern Illinois,3,7,-35.0,-35.0,35.0,0.0,-28.0,-28.0,28.0,28.0
2022,401403854,Alabama,Utah State,4,55,-42.125,-42.0,42.5,0.5,12.875,13.0,-12.875,-12.5
2022,401426534,UAB,Alabama A&M,3,59,-40.666666666666664,-40.5,41.0,0.5,18.333333333333336,18.5,-18.333333333333336,-18.0
2022,401428480,Wagner,Fordham,3,-17,27.833333333333332,28.5,-27.5,1.0,10.833333333333332,11.5,-10.833333333333332,-10.5
2022,401403859,Kentucky,Miami (OH),4,24,-15.5,-15.0,16.0,1.0,8.5,9.0,-8.5,-8.0
2022,401403857,Florida,Utah,4,3,2.5,2.5,-2.5,0.0,5.5,5.5,-5.5,-5.5
2022,401418782,Abilene Christian,Lamar,3,14,-16.5,-16.0,17.0,1.0,-2.5,-2.0,2.5,3.0
2022,401403965,Arizona State,Northern Arizona,3,37,-25.5,-25.5,25.5,0.0,11.5,11.5,-11.5,-11.5
2022,401421137,Campbell,The Citadel,3,19,-9.666666666666666,-9.5,10.0,0.5,9.333333333333334,9.5,-9.333333333333334,-9.0
2022,401426533,Florida International,Bryant,3,1,-10.333333333333334,-10.0,10.5,0.5,-9.333333333333334,-9.0,9.333333333333334,9.5
2022,401424402,New Hampshire,Monmouth,3,10,1.5,1.5,-1.5,0.0,11.5,11.5,-11.5,-11.5
2022,401404124,Ohio State,Notre Dame,4,11,-17.0,-17.0,17.0,0.0,-6.0,-6.0,6.0,6.0
2022,401426539,North Texas,SMU,4,-38,9.25,9.5,-8.5,1.0,-28.75,-28.5,28.75,29.5
2022,401424414,Stony Brook,Rhode Island,3,-21,0.0,0.0,0.0,0.0,-21.0,-21.0,21.0,21.0
2022,401418776,Indiana State,North Alabama,3,3,-3.5,-3.5,3.5,0.0,-0.5,-0.5,0.5,0.5
2022,401420806,Central Arkansas,Missouri State,3,-13,16.166666666666668,16.5,-16.0,0.5,3.166666666666668,3.5,-3.166666666666668,-3.0
2022,401415610,UCF,South Carolina State,3,46,-43.5,-43.5,43.5,0.0,2.5,2.5,-2.5,-2.5
2022,401415213,San José State,Portland State,3,4,-22.0,-22.0,22.0,0.0,-18.0,-18.0,18.0,18.0
2022,401404059,Texas,UL Monroe,4,42,-37.375,-37.0,37.5,0.5,4.625,5.0,-4.625,-4.5
2022,401413224,Fresno State,Cal Poly,3,28,-42.5,-42.0,43.0,1.0,-14.5,-14.0,14.5,15.0
2022,401404056,Kansas State,South Dakota,3,34,-27.0,-27.0,27.0,0.0,7.0,7.0,-7.0,-7.0
2022,401403970,Stanford,Colgate,3,31,-39.666666666666664,-39.0,40.0,1.0,-8.666666666666664,-8.0,8.666666666666664,9.0
2022,401404147,UConn,Central Connecticut,3,25,-20.666666666666668,-20.5,21.0,0.5,4.333333333333332,4.5,-4.333333333333332,-4.0
2022,401415209,Air Force,Northern Iowa,3,31,-15.166666666666666,-14.5,16.0,1.5,15.833333333333334,16.5,-15.833333333333334,-15.0
2022,401403974,Washington State,Idaho,3,7,-28.666666666666668,-28.5,29.0,0.5,-21.666666666666668,-21.5,21.666666666666668,22.0
2022,401405062,Iowa,South Dakota State,3,4,-10.666666666666666,-10.5,11.0,0.5,-6.666666666666666,-6.5,6.666666666666666,7.0
2022,401411100,Virginia,Richmond,3,17,-21.666666666666668,-21.0,22.5,1.5,-4.666666666666668,-4.0,4.666666666666668,5.5
2022,401415015,Marshall,Norfolk State,3,52,-40.5,-40.5,40.5,0.0,11.5,11.5,-11.5,-11.5
2022,401415611,Navy,Delaware,3,-7,-12.666666666666666,-12.0,13.0,1.0,-19.666666666666664,-19.0,19.666666666666664,20.0
2022,401421116,South Alabama,Nicholls,3,41,-13.5,-13.5,13.5,0.0,27.5,27.5,-27.5,-27.5
2022,401435072,Merrimack,Holy Cross,3,-14,23.5,23.5,-23.5,0.0,9.5,9.5,-9.5,-9.5
2022,401424415,Villanova,Lehigh,3,28,-27.5,-27.5,27.5,0.0,0.5,0.5,-0.5,-0.5
2022,401403865,Texas A&M,Sam Houston,3,31,-36.333333333333336,-34.5,38.0,3.5,-5.333333333333336,-3.5,5.333333333333336,7.0
2022,401416590,Eastern Michigan,Eastern Kentucky,3,8,-10.833333333333334,-10.5,11.5,1.0,-2.833333333333334,-2.5,2.833333333333334,3.5
2022,401403968,California,UC Davis,3,21,-14.0,-14.0,14.0,0.0,7.0,7.0,-7.0,-7.0
2022,401404052,Kansas,Tennessee Tech,3,46,-30.333333333333332,-30.0,30.5,0.5,15.666666666666668,16.0,-15.666666666666668,-15.5
2022,401426535,Charlotte,William & Mary,3,-17,-4.5,-4.5,4.5,0.0,-21.5,-21.5,21.5,21.5
2022,401405065,Wisconsin,Illinois State,3,38,-36.333333333333336,-36.0,36.5,0.5,1.6666666666666643,2.0,-1.6666666666666643,-1.5
2022,401425418,Arkansas State,Grambling,3,55,-25.333333333333332,-25.0,25.5,0.5,29.666666666666668,30.0,-29.666666666666668,-29.5
2022,401403856,Auburn,Mercer,3,26,-30.0,-30.0,30.0,0.0,-4.0,-4.0,4.0,4.0
2022,401421121,Louisiana,SE Louisiana,3,17,-13.166666666666666,-13.0,13.5,0.5,3.833333333333334,4.0,-3.833333333333334,-3.5
2022,401420777,Georgia Southern,Morgan State,3,52,-39.833333333333336,-39.5,40.5,1.0,12.166666666666664,12.5,-12.166666666666664,-11.5
2022,401403969,Oregon State,Boise State,4,17,-1.625,-1.5,2.0,0.5,15.375,15.5,-15.375,-15.0
2022,401405063,Nebraska,North Dakota,3,21,-28.333333333333332,-28.0,28.5,0.5,-7.333333333333332,-7.0,7.333333333333332,7.5
2022,401424416,Baylor,UAlbany,3,59,-42.666666666666664,-42.5,43.0,0.5,16.333333333333336,16.5,-16.333333333333336,-16.0
2022,401415210,New Mexico,Maine,3,41,-6.166666666666667,-6.0,6.5,0.5,34.833333333333336,35.0,-34.833333333333336,-34.5
2022,401403866,Vanderbilt,Elon,3,11,-19.0,-18.5,20.0,1.5,-8.0,-7.5,8.0,9.0
2022,401404055,Texas Tech,Murray State,3,53,-38.333333333333336,-38.0,39.0,1.0,14.666666666666664,15.0,-14.666666666666664,-14.0
2022,401403984,Wisconsin,Washington State,4,-3,-17.5,-17.5,17.5,0.0,-20.5,-20.5,20.5,20.5
2022,401404064,Iowa,Iowa State,4,-3,-3.5,-3.5,3.5,0.0,-6.5,-6.5,6.5,6.5
2022,401415617,Navy,Memphis,4,-24,4.5,4.5,-4.5,0.0,-19.5,-19.5,19.5,19.5
2022,401404063,Texas Tech,Houston,4,3,-3.875,-3.5,4.0,0.5,-0.875,-0.5,0.875,1.0
2022,401404062,BYU,Baylor,4,6,-2.5,-2.5,2.5,0.0,3.5,3.5,-3.5,-3.5
2022,401411108,Virginia Tech,Boston College,4,17,-2.875,-2.5,3.0,0.5,14.125,14.5,-14.125,-14.0
2022,401403877,Pittsburgh,Tennessee,4,-7,6.0,6.0,-6.0,0.0,-1.0,-1.0,1.0,1.0
2022,401426545,Charlotte,Maryland,4,-35,28.0,28.0,-28.0,0.0,-7.0,-7.0,7.0,7.0
2022,401404148,UConn,Syracuse,4,-34,23.625,24.0,-23.5,0.5,-10.375,-10.0,10.375,10.5
2022,401403871,Florida,Kentucky,4,-10,-6.0,-6.0,6.0,0.0,-16.0,-16.0,16.0,16.0
2022,401426548,Colorado State,Middle Tennessee,4,-15,-13.625,-13.5,14.0,0.5,-28.625,-28.5,28.625,29.0
2022,401426551,Liberty,UAB,4,7,6.0,6.0,-6.0,0.0,13.0,13.0,-13.0,-13.0
2022,401405073,Northwestern,Duke,4,-8,-10.0,-10.0,10.0,0.0,-18.0,-18.0,18.0,18.0
2022,401426544,Texas State,Florida International,4,29,-13.625,-13.5,14.0,0.5,15.375,15.5,-15.375,-15.0
2022,401403975,Oklahoma State,Arizona State,4,17,-11.75,-11.5,12.0,0.5,5.25,5.5,-5.25,-5.0
2022,401415613,UCF,Louisville,4,-6,-5.625,-5.5,6.0,0.5,-11.625,-11.5,11.625,12.0
2022,401404066,Oklahoma,Kent State,4,30,-33.25,-33.0,33.5,0.5,-3.25,-3.0,3.25,3.5
2022,401415620,Tulsa,Northern Illinois,4,3,-6.5,-6.5,6.5,0.0,-3.5,-3.5,3.5,3.5
2022,401403976,California,UNLV,4,6,-12.375,-12.0,12.5,0.5,-6.375,-6.0,6.375,6.5
2022,401415024,East Carolina,Old Dominion,4,18,-13.125,-13.0,13.5,0.5,4.875,5.0,-4.875,-4.5
2022,401403980,Stanford,USC,4,-13,9.5,9.5,-9.5,0.0,-3.5,-3.5,3.5,3.5
2022,401405080,Penn State,Ohio,4,36,-28.0,-28.0,28.0,0.0,8.0,8.0,-8.0,-8.0
2022,401411105,Miami,Southern Miss,4,23,-27.375,-27.0,27.5,0.5,-4.375,-4.0,4.375,4.5
2022,401403878,Texas A&M,App State,4,-3,-18.0,-18.0,18.0,0.0,-21.0,-21.0,21.0,21.0
2022,401411103,Georgia State,North Carolina,4,-7,7.0,7.0,-7.0,0.0,0.0,0.0,0.0,0.0
2022,401405072,Nebraska,Georgia Southern,4,-3,-23.5,-23.5,23.5,0.0,-26.5,-26.5,26.5,26.5
2022,401403868,Texas,Alabama,4,-1,21.25,21.5,-21.0,0.5,20.25,20.5,-20.25,-20.0
2022,401403869,Arkansas,South Carolina,4,14,-9.0,-8.5,9.5,1.0,5.0,5.5,-5.0,-4.5
2022,401415214,New Mexico,Boise State,4,-17,17.0,17.0,-17.0,0.0,0.0,0.0,0.0,0.0
2022,401426552,UTEP,New Mexico State,4,7,-17.125,-17.0,17.5,0.5,-10.125,-10.0,10.125,10.5
2022,401403977,Air Force,Colorado,4,31,-17.5,-17.5,17.5,0.0,13.5,13.5,-13.5,-13.5
2022,401403979,Fresno State,Oregon State,4,-3,-1.0,-1.0,1.0,0.0,-4.0,-4.0,4.0,4.0
2022,401403875,Arizona,Mississippi State,4,-22,12.375,13.0,-11.5,1.5,-9.625,-9.0,9.625,10.5
2022,401405077,Michigan,Hawai'i,4,46,-52.75,-52.5,53.0,0.5,-6.75,-6.5,6.75,7.0
2022,401403879,Vanderbilt,Wake Forest,4,-20,13.625,14.0,-13.5,0.5,-6.375,-6.0,6.375,6.5
2022,401403876,Kansas State,Missouri,4,28,-7.125,-7.0,7.5,0.5,20.875,21.0,-20.875,-20.5
2022,401404065,West Virginia,Kansas,4,-13,-14.0,-14.0,14.0,0.0,-27.0,-27.0,27.0,27.0
2022,401416594,Ball State,Western Michigan,4,-7,6.5,6.5,-6.5,0.0,-0.5,-0.5,0.5,0.5
2022,401405078,Michigan State,Akron,4,52,-34.5,-34.5,34.5,0.0,17.5,17.5,-17.5,-17.5
2022,401416598,Louisiana,Eastern Michigan,4,28,-11.0,-11.0,11.0,0.0,17.0,17.0,-17.0,-17.0
2022,401405070,Illinois,Virginia,4,21,-3.875,-3.5,4.0,0.5,17.125,17.5,-17.125,-17.0
2022,401416597,Central Michigan,South Alabama,4,-14,-6.0,-6.0,6.0,0.0,-20.0,-20.0,20.0,20.0
2022,401403870,Auburn,San José State,4,8,-24.0,-24.0,24.0,0.0,-16.0,-16.0,16.0,16.0
2022,401404125,Notre Dame,Marshall,4,-5,-20.625,-20.5,21.0,0.5,-25.625,-25.5,25.625,26.0
2022,401405079,Ohio State,Arkansas State,4,33,-44.5,-44.5,44.5,0.0,-11.5,-11.5,11.5,11.5
2022,401414779,Toledo,Massachusetts,4,45,-28.125,-28.0,28.5,0.5,16.875,17.0,-16.875,-16.5
2022,401404068,Houston,Kansas,4,-18,-8.5,-8.5,8.5,0.0,-26.5,-26.5,26.5,26.5
2022,401405084,Syracuse,Purdue,4,3,-1.5,-1.5,1.5,0.0,1.5,1.5,-1.5,-1.5
2022,401415623,Miami (OH),Cincinnati,4,-21,24.0,24.0,-24.0,0.0,3.0,3.0,-3.0,-3.0
2022,401403891,Northern Illinois,Vanderbilt,4,-10,-2.5,-2.5,2.5,0.0,-12.5,-12.5,12.5,12.5
2022,401403882,Auburn,Penn State,4,-29,2.375,2.5,-2.0,0.5,-26.625,-26.5,26.625,27.0
2022,401403880,Alabama,UL Monroe,4,56,-49.5,-49.5,49.5,0.0,6.5,6.5,-6.5,-6.5
2022,401405082,Iowa,Nevada,4,27,-23.875,-23.5,24.0,0.5,3.125,3.5,-3.125,-3.0
2022,401403991,UCLA,South Alabama,4,1,-15.5,-15.5,15.5,0.0,-14.5,-14.5,14.5,14.5
2022,401426562,Texas,UTSA,4,21,-13.125,-13.0,13.5,0.5,7.875,8.0,-7.875,-7.5
2022,401404069,Iowa State,Ohio,4,33,-19.875,-19.5,20.0,0.5,13.125,13.5,-13.125,-13.0
2022,401404074,Kansas State,Tulane,4,-7,-13.625,-13.5,14.0,0.5,-20.625,-20.5,20.625,21.0
2022,401404159,Wake Forest,Liberty,4,1,-17.625,-17.5,18.0,0.5,-16.625,-16.5,16.625,17.0
2022,401403886,Georgia Tech,Ole Miss,4,-42,17.125,17.5,-17.0,0.5,-24.875,-24.5,24.875,25.0
2022,401426563,Indiana,Western Kentucky,4,3,-7.0,-7.0,7.0,0.0,-4.0,-4.0,4.0,4.0
2022,401403989,Oregon,BYU,4,21,-3.625,-3.5,4.0,0.5,17.375,17.5,-17.375,-17.0
2022,401403890,Texas A&M,Miami,4,8,-6.5,-6.5,6.5,0.0,1.5,1.5,-1.5,-1.5
2022,401404072,NC State,Texas Tech,4,13,-10.375,-10.0,10.5,0.5,2.625,3.0,-2.625,-2.5
2022,401411109,Louisville,Florida State,4,-4,2.625,3.0,-2.5,0.5,-1.375,-1.0,1.375,1.5
2022,401404149,Michigan,UConn,4,59,-47.5,-47.5,47.5,0.0,11.5,11.5,-11.5,-11.5
2022,401404071,Baylor,Texas State,4,35,-30.0,-30.0,30.0,0.0,5.0,5.0,-5.0,-5.0
2022,401405087,Maryland,SMU,4,7,-2.875,-2.5,3.0,0.5,4.125,4.5,-4.125,-4.0
2022,401426561,New Mexico,UTEP,4,17,2.0,2.0,-2.0,0.0,19.0,19.0,-19.0,-19.0
2022,401403888,South Carolina,Georgia,4,-41,25.5,25.5,-25.5,0.0,-15.5,-15.5,15.5,15.5
2022,401403993,Utah,San Diego State,4,28,-22.25,-21.5,22.5,1.0,5.75,6.5,-5.75,-5.5
2022,401403992,USC,Fresno State,4,28,-11.625,-11.0,12.0,1.0,16.375,17.0,-16.375,-16.0
2022,401403994,Washington,Michigan State,4,11,-3.5,-3.5,3.5,0.0,7.5,7.5,-7.5,-7.5
2022,401403889,Tennessee,Akron,4,57,-47.5,-47.5,47.5,0.0,9.5,9.5,-9.5,-9.5
2022,401403883,Florida,South Florida,4,3,-23.5,-23.5,23.5,0.0,-20.5,-20.5,20.5,20.5
2022,401435074,Harvard,Merrimack,3,7,-28.5,-28.5,28.5,0.0,-21.5,-21.5,21.5,21.5
2022,401403995,Washington State,Colorado State,4,31,-17.0,-17.0,17.0,0.0,14.0,14.0,-14.0,-14.0
2022,401416603,Kent State,Long Island University,3,53,-40.0,-40.0,40.0,0.0,13.0,13.0,-13.0,-13.0
2022,401403885,LSU,Mississippi State,4,15,3.0,3.0,-3.0,0.0,18.0,18.0,-18.0,-18.0
2022,401403887,Missouri,Abilene Christian,3,17,-31.5,-31.5,31.5,0.0,-14.5,-14.5,14.5,14.5
2022,401416602,Central Michigan,Bucknell,3,41,-40.833333333333336,-40.5,41.0,0.5,0.1666666666666643,0.5,-0.1666666666666643,0.0
2022,401422998,Lehigh,Richmond,3,-24,16.333333333333332,17.0,-16.0,1.0,-7.666666666666668,-7.0,7.666666666666668,8.0
2022,401405083,Northwestern,Southern Illinois,3,-7,-13.666666666666666,-13.5,14.0,0.5,-20.666666666666664,-20.5,20.666666666666664,21.0
2022,401404136,Army,Villanova,3,39,-14.0,-13.5,14.5,1.0,25.0,25.5,-25.0,-24.5
2022,401403884,Kentucky,Youngstown State,3,31,-29.666666666666668,-29.0,30.0,1.0,1.3333333333333321,2.0,-1.3333333333333321,-1.0
2022,401423914,Pennsylvania,Colgate,3,11,-3.1666666666666665,-3.0,3.5,0.5,7.833333333333334,8.0,-7.833333333333334,-7.5
2022,401416600,Ball State,Murray State,3,31,-21.0,-21.0,21.0,0.0,10.0,10.0,-10.0,-10.0
2022,401414780,Massachusetts,Stony Brook,3,17,-1.0,-1.0,1.0,0.0,16.0,16.0,-16.0,-16.0
2022,401404073,West Virginia,Towson,3,58,-41.0,-41.0,41.0,0.0,17.0,17.0,-17.0,-17.0
2022,401404070,Nebraska,Oklahoma,4,-35,10.5,10.5,-10.5,0.0,-24.5,-24.5,24.5,24.5
2022,401405085,Wisconsin,New Mexico State,4,59,-37.625,-37.5,38.0,0.5,21.375,21.5,-21.375,-21.0
2022,401411123,Wake Forest,Clemson,4,-6,7.625,8.0,-7.5,0.5,1.625,2.0,-1.625,-1.5
2022,401411119,Louisville,South Florida,4,38,-15.5,-15.5,15.5,0.0,22.5,22.5,-22.5,-22.5
2022,401416604,Eastern Michigan,Buffalo,4,-19,-6.625,-6.5,7.0,0.5,-25.625,-25.5,25.625,26.0
2022,401403894,Auburn,Missouri,4,3,-7.5,-7.5,7.5,0.0,-4.5,-4.5,4.5,4.5
2022,401415220,Air Force,Nevada,4,28,-24.0,-24.0,24.0,0.0,4.0,4.0,-4.0,-4.0
2022,401426570,Houston,Rice,4,7,-17.5,-17.5,17.5,0.0,-10.5,-10.5,10.5,10.5
2022,401404160,Liberty,Akron,4,9,-26.5,-26.5,26.5,0.0,-17.5,-17.5,17.5,17.5
2022,401415222,Utah State,UNLV,4,-10,3.0,3.0,-3.0,0.0,-7.0,-7.0,7.0,7.0
2022,401415224,San Diego State,Toledo,4,3,2.875,3.0,-2.5,0.5,5.875,6.0,-5.875,-5.5
2022,401415037,App State,James Madison,4,-4,-6.25,-6.0,6.5,0.5,-10.25,-10.0,10.25,10.5
2022,401426568,Miami,Middle Tennessee,4,-14,-25.5,-25.5,25.5,0.0,-39.5,-39.5,39.5,39.5
2022,401415040,Tulane,Southern Miss,4,-3,-11.75,-11.5,12.0,0.5,-14.75,-14.5,14.75,15.0
2022,401404078,SMU,TCU,4,-8,2.5,2.5,-2.5,0.0,-5.5,-5.5,5.5,5.5
2022,401426565,Western Kentucky,Florida International,4,73,-31.125,-31.0,31.5,0.5,41.875,42.0,-41.875,-41.5
2022,401403895,Georgia,Kent State,4,17,-45.25,-45.0,46.0,1.0,-28.25,-28.0,28.25,29.0
2022,401414781,Temple,Massachusetts,4,28,-10.125,-10.0,10.5,0.5,17.875,18.0,-17.875,-17.5
2022,401426336,UL Monroe,Louisiana,4,4,9.5,9.5,-9.5,0.0,13.5,13.5,-13.5,-13.5
2022,401404126,North Carolina,Notre Dame,4,-13,-2.625,-2.5,3.0,0.5,-15.625,-15.5,15.625,16.0
2022,401426566,Purdue,Florida Atlantic,4,2,-16.25,-16.0,16.5,0.5,-14.25,-14.0,14.25,14.5
2022,401411117,Syracuse,Virginia,4,2,-9.625,-9.5,10.0,0.5,-7.625,-7.5,7.625,8.0
2022,401415225,San José State,Western Michigan,4,28,-6.5,-6.5,6.5,0.0,21.5,21.5,-21.5,-21.5
2022,401411116,Virginia Tech,West Virginia,4,-23,2.125,2.5,-2.0,0.5,-20.875,-20.5,20.875,21.0
2022,401403892,Alabama,Vanderbilt,4,52,-40.5,-40.5,40.5,0.0,11.5,11.5,-11.5,-11.5
2022,401426569,Memphis,North Texas,4,10,-12.75,-12.5,13.0,0.5,-2.75,-2.5,2.75,3.0
2022,401403897,LSU,New Mexico,4,38,-31.5,-31.5,31.5,0.0,6.5,6.5,-6.5,-6.5
2022,401403898,Ole Miss,Tulsa,4,8,-21.0,-21.0,21.0,0.0,-13.0,-13.0,13.0,13.0
2022,401426571,UTEP,Boise State,4,17,16.25,16.5,-16.0,0.5,33.25,33.5,-33.25,-33.0
2022,401411122,UCF,Georgia Tech,4,17,-21.125,-21.0,21.5,0.5,-4.125,-4.0,4.125,4.5
2022,401415223,BYU,Wyoming,4,14,-21.25,-21.0,21.5,0.5,-7.25,-7.0,7.25,7.5
2022,401405092,Michigan State,Minnesota,4,-27,3.0,3.0,-3.0,0.0,-24.0,-24.0,24.0,24.0
2022,401416605,Georgia Southern,Ball State,4,11,-9.5,-9.5,9.5,0.0,1.5,1.5,-1.5,-1.5
2022,401426393,Troy,Marshall,4,9,3.25,3.5,-3.0,0.5,12.25,12.5,-12.25,-12.0
2022,401404150,NC State,UConn,4,31,-38.5,-38.5,38.5,0.0,-7.5,-7.5,7.5,7.5
2022,401426567,South Alabama,Louisiana Tech,4,24,-13.125,-13.0,13.5,0.5,10.875,11.0,-10.875,-10.5
2022,401426335,Old Dominion,Arkansas State,4,3,-4.875,-4.5,5.0,0.5,-1.875,-1.5,1.875,2.0
2022,401426564,South Carolina,Charlotte,4,36,-23.5,-23.5,23.5,0.0,12.5,12.5,-12.5,-12.5
2022,401415624,East Carolina,Navy,4,-3,-16.5,-16.5,16.5,0.0,-19.5,-19.5,19.5,19.5
2022,401403896,Kentucky,Northern Illinois,4,8,-26.875,-26.5,27.5,1.0,-18.875,-18.5,18.875,19.5
2022,401405091,Rutgers,Iowa,4,-17,7.625,8.0,-7.5,0.5,-9.375,-9.0,9.375,9.5
2022,401405099,Wisconsin,Illinois,4,-24,-6.5,-6.5,6.5,0.0,-30.5,-30.5,30.5,30.5
2022,401415229,UNLV,New Mexico,4,11,-14.0,-14.0,14.0,0.0,-3.0,-3.0,3.0,3.0
2022,401404002,Arizona,Colorado,4,23,-17.75,-17.5,18.0,0.5,5.25,5.5,-5.25,-5.0
2022,401416609,Akron,Bowling Green,4,-3,9.0,9.5,-8.5,1.0,6.0,6.5,-6.0,-5.5
2022,401411124,Boston College,Louisville,4,1,13.375,13.5,-13.0,0.5,14.375,14.5,-14.375,-14.0
2022,401405105,Penn State,Northwestern,4,10,-25.375,-25.0,25.5,0.5,-15.375,-15.0,15.375,15.5
2022,401403906,Mississippi State,Texas A&M,4,18,-4.0,-4.0,4.0,0.0,14.0,14.0,-14.0,-14.0
2022,401416611,Kent State,Ohio,4,7,-12.875,-12.5,13.0,0.5,-5.875,-5.5,5.875,6.0
2022,401404006,Utah,Oregon State,4,26,-10.5,-10.5,10.5,0.0,15.5,15.5,-15.5,-15.5
2022,401404084,Kansas,Iowa State,4,3,3.625,4.0,-3.5,0.5,6.625,7.0,-6.625,-6.5
2022,401415627,Tulsa,Cincinnati,4,-10,10.0,10.0,-10.0,0.0,0.0,0.0,0.0,0.0
2022,401416608,Ball State,Northern Illinois,4,6,3.25,3.5,-3.0,0.5,9.25,9.5,-9.25,-9.0
2022,401426577,Rice,UAB,4,4,10.5,10.5,-10.5,0.0,14.5,14.5,-14.5,-14.5
2022,401415625,Houston,Tulane,4,-3,-5.375,-5.0,5.5,0.5,-8.375,-8.0,8.375,8.5
2022,401426573,Charlotte,UTEP,4,-6,3.5,3.5,-3.5,0.0,-2.5,-2.5,2.5,2.5
2022,401403902,Arkansas,Alabama,4,-23,17.0,17.0,-17.0,0.0,-6.0,-6.0,6.0,6.0
2022,401416607,Toledo,Central Michigan,4,21,-6.5,-6.5,6.5,0.0,14.5,14.5,-14.5,-14.5
2022,401415629,UCF,SMU,4,22,-3.0,-3.0,3.0,0.0,19.0,19.0,-19.0,-19.0
2022,401426341,Louisiana,South Alabama,4,-3,8.5,8.5,-8.5,0.0,5.5,5.5,-5.5,-5.5
2022,401404083,Baylor,Oklahoma State,4,-11,-2.375,-2.0,2.5,0.5,-13.375,-13.0,13.375,13.5
2022,401415230,Wyoming,San José State,4,-17,2.5,2.5,-2.5,0.0,-14.5,-14.5,14.5,14.5
2022,401404086,TCU,Oklahoma,4,31,5.0,5.0,-5.0,0.0,36.0,36.0,-36.0,-36.0
2022,401404151,UConn,Fresno State,4,5,23.25,23.5,-23.0,0.5,28.25,28.5,-28.25,-28.0
2022,401404003,USC,Arizona State,4,17,-24.5,-24.5,24.5,0.0,-7.5,-7.5,7.5,7.5
2022,401415228,Boise State,San Diego State,4,22,-6.0,-6.0,6.0,0.0,16.0,16.0,-16.0,-16.0
2022,401405103,Maryland,Michigan State,4,14,-7.5,-7.5,7.5,0.0,6.5,6.5,-6.5,-6.5
2022,401404085,Kansas State,Texas Tech,4,9,-7.5,-7.5,7.5,0.0,1.5,1.5,-1.5,-1.5
2022,401404087,Texas,West Virginia,4,18,-7.5,-7.5,7.5,0.0,10.5,10.5,-10.5,-10.5
2022,401415226,BYU,Utah State,4,12,-26.0,-26.0,26.0,0.0,-14.0,-14.0,14.0,14.0
2022,401415628,Memphis,Temple,4,21,-18.375,-18.0,18.5,0.5,2.625,3.0,-2.625,-2.5
2022,401404005,Oregon,Stanford,4,18,-17.5,-17.0,18.0,1.0,0.5,1.0,-0.5,0.0
2022,401405100,Iowa,Michigan,4,-13,10.625,11.0,-10.5,0.5,-2.375,-2.0,2.375,2.5
2022,401426576,Middle Tennessee,UTSA,4,-15,4.5,4.5,-4.5,0.0,-10.5,-10.5,10.5,10.5
2022,401404137,Army,Georgia State,4,-17,-8.625,-8.5,9.0,0.5,-25.625,-25.5,25.625,26.0
2022,401403905,Ole Miss,Kentucky,4,3,-6.375,-6.0,6.5,0.5,-3.375,-3.0,3.375,3.5
2022,401426337,Coastal Carolina,Georgia Southern,4,4,-9.875,-9.5,10.0,0.5,-5.875,-5.5,5.875,6.0
2022,401415227,Air Force,Navy,4,3,-13.875,-13.5,14.0,0.5,-10.875,-10.5,10.875,11.0
2022,401404161,Old Dominion,Liberty,4,-14,3.5,3.5,-3.5,0.0,-10.5,-10.5,10.5,10.5
2022,401411125,Clemson,NC State,4,10,-6.5,-6.5,6.5,0.0,3.5,3.5,-3.5,-3.5
2022,401403903,Auburn,LSU,4,-4,8.0,8.0,-8.0,0.0,4.0,4.0,-4.0,-4.0
2022,401405102,Nebraska,Indiana,4,14,-6.625,-6.5,7.0,0.5,7.375,7.5,-7.375,-7.0
2022,401426575,North Texas,Florida Atlantic,4,17,3.0,3.0,-3.0,0.0,20.0,20.0,-20.0,-20.0
2022,401411129,Pittsburgh,Georgia Tech,4,-5,-21.5,-21.5,21.5,0.0,-26.5,-26.5,26.5,26.5
2022,401426578,Western Kentucky,Troy,4,-7,-5.125,-5.0,5.5,0.5,-12.125,-12.0,12.125,12.5
2022,401404007,UCLA,Washington,4,8,2.5,2.5,-2.5,0.0,10.5,10.5,-10.5,-10.5
2022,401426338,James Madison,Texas State,4,27,-21.75,-21.5,22.0,0.5,5.25,5.5,-5.25,-5.0
2022,401416610,Buffalo,Miami (OH),4,4,-3.0,-3.0,3.0,0.0,1.0,1.0,-1.0,-1.0
2022,401411126,Duke,Virginia,4,21,-2.0,-2.0,2.0,0.0,19.0,19.0,-19.0,-19.0
2022,401405101,Minnesota,Purdue,4,-10,-9.125,-9.0,9.5,0.5,-19.125,-19.0,19.125,19.5
2022,401414782,Eastern Michigan,Massachusetts,4,7,-19.75,-19.0,20.0,1.0,-12.75,-12.0,12.75,13.0
2022,401415626,South Florida,East Carolina,4,-20,9.625,10.0,-9.5,0.5,-10.375,-10.0,10.375,10.5
2022,401411128,North Carolina,Virginia Tech,4,31,-9.5,-9.5,9.5,0.0,21.5,21.5,-21.5,-21.5
2022,401411127,Florida State,Wake Forest,4,-10,-5.875,-5.5,6.0,0.5,-15.875,-15.5,15.875,16.0
2022,401404004,Washington State,California,4,19,-4.0,-4.0,4.0,0.0,15.0,15.0,-15.0,-15.0
2022,401426340,Arkansas State,UL Monroe,4,17,-7.375,-7.0,7.5,0.5,9.625,10.0,-9.625,-9.5
2022,401403907,Missouri,Georgia,4,-4,30.875,31.5,-30.5,1.0,26.875,27.5,-26.875,-26.5
2022,401426574,New Mexico State,Florida International,4,-14,-15.75,-15.0,16.0,1.0,-29.75,-29.0,29.75,30.0
2022,401426581,UAB,Middle Tennessee,4,27,-10.0,-10.0,10.0,0.0,17.0,17.0,-17.0,-17.0
2022,401403904,Florida,Eastern Washington,3,35,-32.0,-32.0,32.0,0.0,3.0,3.0,-3.0,-3.0
2022,401416615,Northern Illinois,Toledo,4,-20,6.5,6.5,-6.5,0.0,-13.5,-13.5,13.5,13.5
2022,401405108,Indiana,Michigan,4,-21,23.5,23.5,-23.5,0.0,2.5,2.5,-2.5,-2.5
2022,401415632,Navy,Tulsa,4,32,4.5,4.5,-4.5,0.0,36.5,36.5,-36.5,-36.5
2022,401416617,Bowling Green,Buffalo,4,-31,2.0,2.0,-2.0,0.0,-29.0,-29.0,29.0,29.0
2022,401404009,Arizona State,Washington,4,7,13.5,13.5,-13.5,0.0,20.5,20.5,-20.5,-20.5
2022,401411134,NC State,Florida State,4,2,-3.5,-3.5,3.5,0.0,-1.5,-1.5,1.5,1.5
2022,401404010,Stanford,Oregon State,4,-1,4.375,4.5,-4.0,0.5,3.375,3.5,-3.375,-3.0
2022,401404127,Notre Dame,BYU,4,8,-3.625,-3.5,4.0,0.5,4.375,4.5,-4.375,-4.0
2022,401426342,Georgia State,Georgia Southern,4,8,-2.5,-2.5,2.5,0.0,5.5,5.5,-5.5,-5.5
2022,401426580,Louisiana Tech,UTEP,4,10,-1.75,-1.5,2.0,0.5,8.25,8.5,-8.25,-8.0
2022,401411132,Georgia Tech,Duke,4,3,3.5,3.5,-3.5,0.0,6.5,6.5,-6.5,-6.5
2022,401403915,Vanderbilt,Ole Miss,4,-24,17.0,17.0,-17.0,0.0,-7.0,-7.0,7.0,7.0
2022,401426343,Arkansas State,James Madison,4,-22,11.375,11.5,-11.0,0.5,-10.625,-10.5,10.625,11.0
2022,401416616,Ohio,Akron,4,21,-10.0,-10.0,10.0,0.0,11.0,11.0,-11.0,-11.0
2022,401403910,Florida,Missouri,4,7,-10.75,-10.5,11.0,0.5,-3.75,-3.5,3.75,4.0
2022,401415630,Memphis,Houston,4,-1,-1.375,-1.0,1.5,0.5,-2.375,-2.0,2.375,2.5
2022,401405109,Maryland,Purdue,4,-2,-3.0,-3.0,3.0,0.0,-5.0,-5.0,5.0,5.0
2022,401416614,Western Michigan,Eastern Michigan,4,-22,-4.375,-4.0,4.5,0.5,-26.375,-26.0,26.375,26.5
2022,401403912,Kentucky,South Carolina,4,-10,-4.375,-4.0,4.5,0.5,-14.375,-14.0,14.375,14.5
2022,401415231,Utah State,Air Force,4,7,11.5,11.5,-11.5,0.0,18.5,18.5,-18.5,-18.5
2022,401426346,Troy,Southern Miss,4,17,-7.0,-7.0,7.0,0.0,10.0,10.0,-10.0,-10.0
2022,401415633,Cincinnati,South Florida,4,4,-27.0,-27.0,27.0,0.0,-23.0,-23.0,23.0,23.0
2022,401405106,Illinois,Iowa,4,3,-3.625,-3.5,4.0,0.5,-0.625,-0.5,0.625,1.0
2022,401415235,San Diego State,Hawai'i,4,2,-23.75,-23.5,24.0,0.5,-21.75,-21.5,21.75,22.0
2022,401411136,Virginia,Louisville,4,-17,-1.5,-1.5,1.5,0.0,-18.5,-18.5,18.5,18.5
2022,401415232,Boise State,Fresno State,4,20,-10.125,-9.0,10.5,1.5,9.875,11.0,-9.875,-9.5
2022,401404012,USC,Washington State,4,16,-12.375,-12.0,12.5,0.5,3.625,4.0,-3.625,-3.5
2022,401426579,Florida International,UConn,4,-21,5.5,5.5,-5.5,0.0,-15.5,-15.5,15.5,15.5
2022,401403909,Alabama,Texas A&M,4,4,-24.125,-24.0,24.5,0.5,-20.125,-20.0,20.125,20.5
2022,401404011,UCLA,Utah,4,10,3.125,3.5,-3.0,0.5,13.125,13.5,-13.125,-13.0
2022,401426345,Texas State,App State,4,12,19.375,19.5,-19.0,0.5,31.375,31.5,-31.375,-31.0
2022,401405107,Northwestern,Wisconsin,4,-35,10.0,10.0,-10.0,0.0,-25.0,-25.0,25.0,25.0
2022,401405110,Michigan State,Ohio State,4,-29,27.125,27.5,-27.0,0.5,-1.875,-1.5,1.875,2.0
2022,401411133,Miami,North Carolina,4,-3,-4.0,-4.0,4.0,0.0,-7.0,-7.0,7.0,7.0
2022,401426582,UTSA,Western Kentucky,4,3,-6.5,-6.5,6.5,0.0,-3.5,-3.5,3.5,3.5
2022,401405111,Rutgers,Nebraska,4,-1,3.0,3.0,-3.0,0.0,2.0,2.0,-2.0,-2.0
2022,401404088,Iowa State,Kansas State,4,-1,1.125,1.5,-1.0,0.5,0.125,0.5,-0.125,0.0
2022,401415234,New Mexico,Wyoming,4,-13,3.0,3.0,-3.0,0.0,-10.0,-10.0,10.0,10.0
2022,401411135,Pittsburgh,Virginia Tech,4,16,-14.5,-14.5,14.5,0.0,1.5,1.5,-1.5,-1.5
2022,401426344,UL Monroe,Coastal Carolina,4,-7,12.5,12.5,-12.5,0.0,5.5,5.5,-5.5,-5.5
2022,401404089,Kansas,TCU,4,-7,7.0,7.0,-7.0,0.0,0.0,0.0,0.0,0.0
2022,401404138,Wake Forest,Army,4,35,-16.125,-16.0,16.5,0.5,18.875,19.0,-18.875,-18.5
2022,401404008,Arizona,Oregon,4,-27,13.5,13.5,-13.5,0.0,-13.5,-13.5,13.5,13.5
2022,401415233,Nevada,Colorado State,4,-3,-3.5,-3.5,3.5,0.0,-6.5,-6.5,6.5,6.5
2022,401411131,Boston College,Clemson,4,-28,21.0,21.0,-21.0,0.0,-7.0,-7.0,7.0,7.0
2022,401415236,San José State,UNLV,4,33,-6.5,-6.5,6.5,0.0,26.5,26.5,-26.5,-26.5
2022,401404091,Oklahoma State,Texas Tech,4,10,-11.375,-11.0,11.5,0.5,-1.375,-1.0,1.375,1.5
2022,401416613,Central Michigan,Ball State,4,-1,-7.5,-7.5,7.5,0.0,-8.5,-8.5,8.5,8.5
2022,401416618,Miami (OH),Kent State,4,3,5.125,5.5,-5.0,0.5,8.125,8.5,-8.125,-8.0
2022,401404090,Oklahoma,Texas,4,-49,7.5,7.5,-7.5,0.0,-41.5,-41.5,41.5,41.5
2022,401403913,LSU,Tennessee,4,-27,2.5,2.5,-2.5,0.0,-24.5,-24.5,24.5,24.5
2022,401403911,Georgia,Auburn,4,32,-27.625,-27.5,28.0,0.5,4.375,4.5,-4.375,-4.0
2022,401404164,Massachusetts,Liberty,4,-18,22.625,23.0,-22.5,0.5,4.625,5.0,-4.625,-4.5
2022,401415631,Tulane,East Carolina,4,15,-2.625,-2.5,3.0,0.5,12.375,12.5,-12.375,-12.0
2022,401416623,Western Michigan,Ohio,4,-19,-2.0,-2.0,2.0,0.0,-21.0,-21.0,21.0,21.0
2022,401415240,Hawai'i,Nevada,2,15,6.25,6.5,-6.0,0.5,21.25,21.5,-21.25,-21.0
2022,401411140,Virginia Tech,Miami,4,-6,8.875,9.0,-8.5,0.5,2.875,3.0,-2.875,-2.5
2022,401415634,UCF,Temple,4,57,-23.5,-23.5,23.5,0.0,33.5,33.5,-33.5,-33.5
2022,401426349,Georgia Southern,James Madison,4,7,13.0,13.0,-13.0,0.0,20.0,20.0,-20.0,-20.0
2022,401426347,Marshall,Louisiana,4,-10,-10.25,-9.5,10.5,1.0,-20.25,-19.5,20.25,20.5
2022,401415635,SMU,Navy,4,6,-12.375,-12.0,12.5,0.5,-6.375,-6.0,6.375,6.5
2022,401415238,Colorado State,Utah State,4,-4,14.0,14.0,-14.0,0.0,10.0,10.0,-10.0,-10.0
2022,401404015,Oregon State,Washington State,4,14,-3.0,-3.0,3.0,0.0,11.0,11.0,-11.0,-11.0
2022,401426348,Coastal Carolina,Old Dominion,4,-28,-11.25,-11.0,11.5,0.5,-39.25,-39.0,39.25,39.5
2022,401405114,Indiana,Maryland,4,-5,10.875,11.0,-10.5,0.5,5.875,6.0,-5.875,-5.5
2022,401411139,Syracuse,NC State,4,15,-3.0,-3.0,3.0,0.0,12.0,12.0,-12.0,-12.0
2022,401415637,East Carolina,Memphis,4,2,-5.5,-5.5,5.5,0.0,-3.5,-3.5,3.5,3.5
2022,401403918,Georgia,Vanderbilt,4,55,-37.5,-37.5,37.5,0.0,17.5,17.5,-17.5,-17.5
2022,401404094,Oklahoma,Kansas,4,10,-10.5,-10.5,10.5,0.0,-0.5,-0.5,0.5,0.5
2022,401416619,Akron,Central Michigan,4,-7,12.0,12.0,-12.0,0.0,5.0,5.0,-5.0,-5.0
2022,401405115,Michigan,Penn State,4,24,-7.0,-7.0,7.0,0.0,17.0,17.0,-17.0,-17.0
2022,401426585,Florida Atlantic,Rice,4,3,-4.875,-4.0,5.5,1.5,-1.875,-1.0,1.875,2.5
2022,401405116,Michigan State,Wisconsin,4,6,7.0,7.0,-7.0,0.0,13.0,13.0,-13.0,-13.0
2022,401416622,Bowling Green,Miami (OH),4,4,7.0,7.0,-7.0,0.0,11.0,11.0,-11.0,-11.0
2022,401426583,UAB,Charlotte,4,14,-22.125,-21.5,22.5,1.0,-8.125,-7.5,8.125,8.5
2022,401426350,South Alabama,UL Monroe,4,7,-17.0,-17.0,17.0,0.0,-10.0,-10.0,10.0,10.0
2022,401404013,Washington,Arizona,4,10,-14.5,-14.5,14.5,0.0,-4.5,-4.5,4.5,4.5
2022,401426584,Florida International,UTSA,4,-20,33.5,34.0,-33.0,1.0,13.5,14.0,-13.5,-13.0
2022,401426587,Middle Tennessee,Western Kentucky,4,-18,7.5,7.5,-7.5,0.0,-10.5,-10.5,10.5,10.5
2022,401426351,Southern Miss,Arkansas State,4,1,-4.5,-4.5,4.5,0.0,-3.5,-3.5,3.5,3.5
2022,401416620,Eastern Michigan,Northern Illinois,4,-29,-3.5,-3.5,3.5,0.0,-32.5,-32.5,32.5,32.5
2022,401404153,Ball State,UConn,4,4,-9.5,-9.5,9.5,0.0,-5.5,-5.5,5.5,5.5
2022,401403921,Tennessee,Alabama,4,3,9.0,9.0,-9.0,0.0,12.0,12.0,-12.0,-12.0
2022,401411137,Duke,North Carolina,4,-3,6.875,7.0,-6.5,0.5,3.875,4.0,-3.875,-3.5
2022,401404017,Utah,USC,4,1,-3.5,-3.5,3.5,0.0,-2.5,-2.5,2.5,2.5
2022,401426352,Troy,Texas State,4,3,-16.375,-16.0,16.5,0.5,-13.375,-13.0,13.375,13.5
2022,401415636,South Florida,Tulane,4,-14,11.875,12.0,-11.5,0.5,-2.125,-2.0,2.125,2.5
2022,401409239,New Mexico State,New Mexico,4,12,7.0,7.0,-7.0,0.0,19.0,19.0,-19.0,-19.0
2022,401404016,Notre Dame,Stanford,4,-2,-16.5,-16.5,16.5,0.0,-18.5,-18.5,18.5,18.5
2022,401403919,Kentucky,Mississippi State,4,10,3.5,3.5,-3.5,0.0,13.5,13.5,-13.5,-13.5
2022,401404014,Colorado,California,4,7,15.0,15.0,-15.0,0.0,22.0,22.0,-22.0,-22.0
2022,401404092,West Virginia,Baylor,4,3,3.0,3.0,-3.0,0.0,6.0,6.0,-6.0,-6.0
2022,401404095,TCU,Oklahoma State,4,3,-5.125,-5.0,5.5,0.5,-2.125,-2.0,2.125,2.5
2022,401405113,Purdue,Nebraska,4,6,-14.0,-14.0,14.0,0.0,-8.0,-8.0,8.0,8.0
2022,401414783,Massachusetts,Buffalo,4,-27,16.875,17.0,-16.5,0.5,-10.125,-10.0,10.125,10.5
2022,401415237,UNLV,Air Force,4,-35,10.125,10.5,-10.0,0.5,-24.875,-24.5,24.875,25.0
2022,401411138,Florida State,Clemson,4,-6,4.5,4.5,-4.5,0.0,-1.5,-1.5,1.5,1.5
2022,401416621,Toledo,Kent State,4,21,-7.125,-7.0,7.5,0.5,13.875,14.0,-13.875,-13.5
2022,401404093,Texas,Iowa State,4,3,-15.5,-15.5,15.5,0.0,-12.5,-12.5,12.5,12.5
2022,401405112,Illinois,Minnesota,4,12,4.5,4.5,-4.5,0.0,16.5,16.5,-16.5,-16.5
2022,401415239,Fresno State,San José State,4,7,7.0,7.0,-7.0,0.0,14.0,14.0,-14.0,-14.0
2022,401403916,BYU,Arkansas,4,-17,-0.75,0.0,1.0,1.0,-17.75,-17.0,17.75,18.0
2022,401426586,North Texas,Louisiana Tech,4,20,-6.5,-6.5,6.5,0.0,13.5,13.5,-13.5,-13.5
2022,401415243,New Mexico,Fresno State,4,-32,9.75,10.0,-9.5,0.5,-22.25,-22.0,22.25,22.5
2022,401404128,Notre Dame,UNLV,4,23,-26.0,-26.0,26.0,0.0,-3.0,-3.0,3.0,3.0
2022,401426356,Old Dominion,Georgia Southern,4,-5,-1.5,-1.5,1.5,0.0,-6.5,-6.5,6.5,6.5
2022,401404018,Stanford,Arizona State,4,1,-3.0,-3.0,3.0,0.0,-2.0,-2.0,2.0,2.0
2022,401403922,Alabama,Mississippi State,4,24,-21.25,-21.0,21.5,0.5,2.75,3.0,-2.75,-2.5
2022,401403925,South Carolina,Texas A&M,4,6,3.0,3.0,-3.0,0.0,9.0,9.0,-9.0,-9.0
2022,401404098,Oklahoma State,Texas,4,7,6.5,6.5,-6.5,0.0,13.5,13.5,-13.5,-13.5
2022,401426592,Western Kentucky,UAB,4,3,-1.25,-1.0,1.5,0.5,1.75,2.0,-1.75,-1.5
2022,401426591,UTSA,North Texas,4,4,-10.0,-10.0,10.0,0.0,-6.0,-6.0,6.0,6.0
2022,401404163,Liberty,BYU,4,27,7.0,7.0,-7.0,0.0,34.0,34.0,-34.0,-34.0
2022,401405119,Ohio State,Iowa,4,44,-29.75,-29.5,30.0,0.5,14.25,14.5,-14.25,-14.0
2022,401404019,California,Washington,4,-7,7.5,7.5,-7.5,0.0,0.5,0.5,-0.5,-0.5
2022,401404097,TCU,Kansas State,4,10,-3.375,-3.0,3.5,0.5,6.625,7.0,-6.625,-6.5
2022,401426353,App State,Georgia State,4,25,-9.375,-9.0,9.5,0.5,15.625,16.0,-15.625,-15.5
2022,401415242,Colorado State,Hawai'i,4,4,-6.0,-6.0,6.0,0.0,-2.0,-2.0,2.0,2.0
2022,401411144,Miami,Duke,4,-24,-10.0,-10.0,10.0,0.0,-34.0,-34.0,34.0,34.0
2022,401411145,Wake Forest,Boston College,4,28,-20.0,-20.0,20.0,0.0,8.0,8.0,-8.0,-8.0
2022,401415244,Wyoming,Utah State,4,14,-5.25,-5.0,5.5,0.5,8.75,9.0,-8.75,-8.5
2022,401426589,UTEP,Florida Atlantic,4,3,3.0,3.0,-3.0,0.0,6.0,6.0,-6.0,-6.0
2022,401415241,Air Force,Boise State,4,-5,-2.25,-2.0,2.5,0.5,-7.25,-7.0,7.25,7.5
2022,401426354,South Alabama,Troy,4,-4,-3.0,-3.0,3.0,0.0,-7.0,-7.0,7.0,7.0
2022,401415638,Temple,Tulsa,4,-11,13.625,14.0,-13.5,0.5,2.625,3.0,-2.625,-2.5
2022,401415641,SMU,Cincinnati,4,-2,3.625,4.0,-3.5,0.5,1.625,2.0,-1.625,-1.5
2022,401404099,Texas Tech,West Virginia,4,38,-4.875,-4.5,5.0,0.5,33.125,33.5,-33.125,-33.0
2022,401426588,Charlotte,Florida International,4,-19,-13.875,-13.5,14.0,0.5,-32.875,-32.5,32.875,33.0
2022,401404096,Baylor,Kansas,4,12,-10.5,-10.5,10.5,0.0,1.5,1.5,-1.5,-1.5
2022,401405118,Maryland,Northwestern,4,7,-14.25,-14.0,14.5,0.5,-7.25,-7.0,7.25,7.5
2022,401415245,Nevada,San Diego State,4,-16,7.25,7.5,-7.0,0.5,-8.75,-8.5,8.75,9.0
2022,401415639,Tulane,Memphis,4,10,-7.0,-7.0,7.0,0.0,3.0,3.0,-3.0,-3.0
2022,401405117,Wisconsin,Purdue,4,11,-1.5,-1.5,1.5,0.0,9.5,9.5,-9.5,-9.5
2022,401405121,Rutgers,Indiana,4,7,-3.0,-3.0,3.0,0.0,4.0,4.0,-4.0,-4.0
2022,401411142,Clemson,Syracuse,4,6,-14.0,-14.0,14.0,0.0,-8.0,-8.0,8.0,8.0
2022,401404021,Oregon,UCLA,4,15,-7.0,-7.0,7.0,0.0,8.0,8.0,-8.0,-8.0
2022,401411143,Louisville,Pittsburgh,4,14,-1.375,-1.0,1.5,0.5,12.625,13.0,-12.625,-12.5
2022,401415640,Navy,Houston,4,-18,3.0,3.0,-3.0,0.0,-15.0,-15.0,15.0,15.0
2022,401403923,LSU,Ole Miss,4,25,0.0,0.0,0.0,0.0,25.0,25.0,-25.0,-25.0
2022,401403924,Missouri,Vanderbilt,4,3,-14.0,-14.0,14.0,0.0,-11.0,-11.0,11.0,11.0
2022,401404020,Oregon State,Colorado,4,33,-22.875,-22.5,23.0,0.5,10.125,10.5,-10.125,-10.0
2022,401426359,Southern Miss,Louisiana,4,15,2.5,2.5,-2.5,0.0,17.5,17.5,-17.5,-17.5
2022,401409242,Massachusetts,New Mexico State,4,-10,1.0,1.0,-1.0,0.0,-9.0,-9.0,9.0,9.0
2022,401405125,Michigan,Michigan State,4,22,-22.375,-22.0,23.0,1.0,-0.375,0.0,0.375,1.0
2022,401411146,NC State,Virginia Tech,4,1,-13.25,-13.0,13.5,0.5,-12.25,-12.0,12.25,12.5
2022,401416630,Eastern Michigan,Toledo,4,-3,4.125,4.5,-4.0,0.5,1.125,1.5,-1.125,-1.0
2022,401426593,Rice,Charlotte,4,-33,-15.125,-15.0,15.5,0.5,-48.125,-48.0,48.125,48.5
2022,401426363,Arkansas State,South Alabama,4,-28,9.0,9.0,-9.0,0.0,-19.0,-19.0,19.0,19.0
2022,401404023,Colorado,Arizona State,4,-8,13.0,13.0,-13.0,0.0,5.0,5.0,-5.0,-5.0
2022,401415246,Boise State,Colorado State,4,39,-25.0,-25.0,25.0,0.0,14.0,14.0,-14.0,-14.0
2022,401404025,UCLA,Stanford,4,25,-16.5,-16.5,16.5,0.0,8.5,8.5,-8.5,-8.5
2022,401426597,Western Kentucky,North Texas,4,-27,-10.0,-10.0,10.0,0.0,-37.0,-37.0,37.0,37.0
2022,401404102,Kansas State,Oklahoma State,4,48,-2.375,-2.0,2.5,0.5,45.625,46.0,-45.625,-45.5
2022,401404022,Arizona,USC,4,-8,14.125,14.5,-14.0,0.5,6.125,6.5,-6.125,-6.0
2022,401403931,Texas A&M,Ole Miss,4,-3,3.0,3.0,-3.0,0.0,0.0,0.0,0.0,0.0
2022,401415249,San José State,Nevada,4,7,-24.375,-24.0,24.5,0.5,-17.375,-17.0,17.375,17.5
2022,401404129,Syracuse,Notre Dame,4,-17,0.25,1.0,1.0,2.0,-16.75,-16.0,16.75,18.0
2022,401405123,Minnesota,Rutgers,4,31,-14.125,-14.0,14.5,0.5,16.875,17.0,-16.875,-16.5
2022,401403928,Georgia,Florida,4,22,-23.0,-23.0,23.0,0.0,-1.0,-1.0,1.0,1.0
2022,401404101,Texas Tech,Baylor,4,-28,-1.5,-1.5,1.5,0.0,-29.5,-29.5,29.5,29.5
2022,401416631,Akron,Miami (OH),4,-18,9.125,9.5,-9.0,0.5,-8.875,-8.5,8.875,9.0
2022,401403927,Auburn,Arkansas,4,-14,4.0,4.0,-4.0,0.0,-10.0,-10.0,10.0,10.0
2022,401405124,Nebraska,Illinois,4,-17,7.5,7.5,-7.5,0.0,-9.5,-9.5,9.5,9.5
2022,401405126,Penn State,Ohio State,4,-13,15.625,16.0,-15.5,0.5,2.625,3.0,-2.625,-2.5
2022,401426594,Florida International,Louisiana Tech,4,8,6.375,6.5,-6.0,0.5,14.375,14.5,-14.375,-14.0
2022,401404100,Iowa State,Oklahoma,4,-14,1.625,2.0,-1.5,0.5,-12.375,-12.0,12.375,12.5
2022,401403929,South Carolina,Missouri,4,-13,-3.5,-3.5,3.5,0.0,-16.5,-16.5,16.5,16.5
2022,401411150,Virginia,Miami,4,-2,3.0,3.0,-3.0,0.0,1.0,1.0,-1.0,-1.0
2022,401411147,Florida State,Georgia Tech,4,25,-23.625,-23.5,24.0,0.5,1.375,1.5,-1.375,-1.0
2022,401405122,Iowa,Northwestern,4,20,-11.5,-11.5,11.5,0.0,8.5,8.5,-8.5,-8.5
2022,401426595,Florida Atlantic,UAB,4,7,4.75,5.0,-4.5,0.5,11.75,12.0,-11.75,-11.5
2022,401404154,UConn,Boston College,4,10,7.875,8.0,-7.5,0.5,17.875,18.0,-17.875,-17.5
2022,401404026,Washington State,Utah,4,-4,7.25,7.5,-7.0,0.5,3.25,3.5,-3.25,-3.0
2022,401404103,West Virginia,TCU,4,-10,7.0,7.0,-7.0,0.0,-3.0,-3.0,3.0,3.0
2022,401426361,Georgia State,Old Dominion,4,14,-3.625,-3.5,4.0,0.5,10.375,10.5,-10.375,-10.0
2022,401415647,Tulsa,SMU,4,-11,1.125,1.5,-1.0,0.5,-9.875,-9.5,9.875,10.0
2022,401415247,Hawai'i,Wyoming,4,-7,11.625,12.0,-11.5,0.5,4.625,5.0,-4.625,-4.5
2022,401411149,North Carolina,Pittsburgh,4,18,-2.625,-2.5,3.0,0.5,15.375,15.5,-15.375,-15.0
2022,401426596,UTEP,Middle Tennessee,4,-11,-2.5,-2.5,2.5,0.0,-13.5,-13.5,13.5,13.5
2022,401426362,Marshall,Coastal Carolina,4,-11,-2.5,-2.5,2.5,0.0,-13.5,-13.5,13.5,13.5
2022,401411148,Louisville,Wake Forest,4,27,3.0,3.0,-3.0,0.0,30.0,30.0,-30.0,-30.0
2022,401403930,Tennessee,Kentucky,4,38,-10.75,-10.5,11.5,1.0,27.25,27.5,-27.25,-26.5
2022,401415248,Fresno State,San Diego State,4,4,-10.625,-10.0,11.0,1.0,-6.625,-6.0,6.625,7.0
2022,401411156,Virginia,North Carolina,4,-3,7.25,7.5,-7.0,0.5,4.25,4.5,-4.25,-4.0
2022,401426601,Rice,UTEP,4,7,-3.5,-3.5,3.5,0.0,3.5,3.5,-3.5,-3.5
2022,401404104,Oklahoma,Baylor,4,-3,-3.0,-3.0,3.0,0.0,-6.0,-6.0,6.0,6.0
2022,401403937,Texas A&M,Florida,4,-17,-1.5,-1.5,1.5,0.0,-18.5,-18.5,18.5,18.5
2022,401405127,Illinois,Michigan State,4,-8,-16.125,-16.0,16.5,0.5,-24.125,-24.0,24.125,24.5
2022,401405131,Wisconsin,Maryland,4,13,-5.125,-5.0,5.5,0.5,7.875,8.0,-7.875,-7.5
2022,401404155,UConn,Massachusetts,4,17,-15.125,-15.0,15.5,0.5,1.875,2.0,-1.875,-1.5
2022,401411151,Boston College,Duke,4,-7,12.0,12.5,-11.5,1.0,5.0,5.5,-5.0,-4.5
2022,401415652,SMU,Houston,4,14,-3.5,-3.5,3.5,0.0,10.5,10.5,-10.5,-10.5
2022,401415252,Utah State,New Mexico,4,17,-14.5,-14.5,14.5,0.0,2.5,2.5,-2.5,-2.5
2022,401405128,Nebraska,Minnesota,4,-7,14.5,14.5,-14.5,0.0,7.5,7.5,-7.5,-7.5
2022,401411154,NC State,Wake Forest,4,9,3.0,3.0,-3.0,0.0,12.0,12.0,-12.0,-12.0
2022,401403936,Missouri,Kentucky,4,-4,-0.75,0.0,1.0,1.0,-4.75,-4.0,4.75,5.0
2022,401403932,Arkansas,Liberty,4,-2,-14.5,-14.5,14.5,0.0,-16.5,-16.5,16.5,16.5
2022,401405129,Northwestern,Ohio State,4,-14,37.625,38.0,-37.5,0.5,23.625,24.0,-23.625,-23.5
2022,401426364,Coastal Carolina,App State,4,7,3.0,3.0,-3.0,0.0,10.0,10.0,-10.0,-10.0
2022,401416635,Bowling Green,Western Michigan,4,4,-5.0,-5.0,5.0,0.0,-1.0,-1.0,1.0,1.0
2022,401426598,Charlotte,Western Kentucky,4,-52,14.5,14.5,-14.5,0.0,-37.5,-37.5,37.5,37.5
2022,401405130,Purdue,Iowa,4,-21,-3.5,-3.5,3.5,0.0,-24.5,-24.5,24.5,24.5
2022,401404141,Army,Air Force,4,-6,7.0,7.0,-7.0,0.0,1.0,1.0,-1.0,-1.0
2022,401411152,Louisville,James Madison,4,24,-6.5,-6.5,6.5,0.0,17.5,17.5,-17.5,-17.5
2022,401404031,Washington,Oregon State,4,3,-4.5,-4.5,4.5,0.0,-1.5,-1.5,1.5,1.5
2022,401411157,Virginia Tech,Georgia Tech,4,-1,-4.125,-4.0,4.5,0.5,-5.125,-5.0,5.125,5.5
2022,401404030,Colorado,Oregon,4,-39,31.0,31.0,-31.0,0.0,-8.0,-8.0,8.0,8.0
2022,401403935,Mississippi State,Auburn,4,6,-12.5,-12.5,12.5,0.0,-6.5,-6.5,6.5,6.5
2022,401415651,Memphis,UCF,4,-7,3.0,3.0,-3.0,0.0,-4.0,-4.0,4.0,4.0
2022,401404105,Iowa State,West Virginia,4,17,-6.5,-6.5,6.5,0.0,10.5,10.5,-10.5,-10.5
2022,401404032,Stanford,Washington State,4,-38,3.0,3.0,-3.0,0.0,-35.0,-35.0,35.0,35.0
2022,401403934,LSU,Alabama,4,1,13.5,13.5,-13.5,0.0,14.5,14.5,-14.5,-14.5
2022,401426599,North Texas,Florida International,4,38,-21.375,-21.0,21.5,0.5,16.625,17.0,-16.625,-16.5
2022,401415251,San José State,Colorado State,4,12,-23.875,-23.5,24.0,0.5,-11.875,-11.5,11.875,12.0
2022,401426600,Louisiana Tech,Middle Tennessee,4,16,2.5,2.5,-2.5,0.0,18.5,18.5,-18.5,-18.5
2022,401405133,Rutgers,Michigan,4,-35,26.375,26.5,-26.0,0.5,-8.625,-8.5,8.625,9.0
2022,401405132,Indiana,Penn State,4,-31,13.5,13.5,-13.5,0.0,-17.5,-17.5,17.5,17.5
2022,401415253,Fresno State,Hawai'i,4,42,-27.375,-27.0,27.5,0.5,14.625,15.0,-14.625,-14.5
2022,401403938,Vanderbilt,South Carolina,4,-11,6.5,6.5,-6.5,0.0,-4.5,-4.5,4.5,4.5
2022,401411155,Pittsburgh,Syracuse,4,10,-3.5,-3.5,3.5,0.0,6.5,6.5,-6.5,-6.5
2022,401404106,Kansas,Oklahoma State,4,21,-1.75,2.0,3.0,5.0,19.25,23.0,-19.25,-18.0
2022,401415650,Cincinnati,Navy,4,10,-18.5,-18.5,18.5,0.0,-8.5,-8.5,8.5,8.5
2022,401404028,Arizona State,UCLA,4,-14,11.0,11.0,-11.0,0.0,-3.0,-3.0,3.0,3.0
2022,401403933,Georgia,Tennessee,4,14,-9.625,-9.0,10.0,1.0,4.375,5.0,-4.375,-4.0
2022,401404130,Notre Dame,Clemson,4,21,3.625,4.0,-3.5,0.5,24.625,25.0,-24.625,-24.5
2022,401416632,Kent State,Ball State,4,-7,-7.0,-7.0,7.0,0.0,-14.0,-14.0,14.0,14.0
2022,401426602,UAB,UTSA,4,-6,2.5,2.5,-2.5,0.0,-3.5,-3.5,3.5,3.5
2022,401404108,TCU,Texas Tech,4,10,-8.625,-8.5,9.0,0.5,1.375,1.5,-1.375,-1.0
2022,401415250,Boise State,BYU,4,-3,-9.375,-9.0,9.5,0.5,-12.375,-12.0,12.375,12.5
2022,401404107,Kansas State,Texas,4,-7,3.0,3.0,-3.0,0.0,-4.0,-4.0,4.0,4.0
2022,401404027,Utah,Arizona,4,25,-17.75,-17.5,18.0,0.5,7.25,7.5,-7.25,-7.0
2022,401411153,Miami,Florida State,4,-42,6.5,6.5,-6.5,0.0,-35.5,-35.5,35.5,35.5
2022,401404029,USC,California,4,6,-21.125,-21.0,21.5,0.5,-15.125,-15.0,15.125,15.5
2022,401426370,Louisiana,Georgia Southern,4,19,-3.5,-3.5,3.5,0.0,15.5,15.5,-15.5,-15.5
2022,401405139,Ohio State,Indiana,4,42,-40.125,-40.0,40.5,0.5,1.875,2.0,-1.875,-1.5
2022,401415259,UNLV,Fresno State,4,-7,8.625,9.0,-8.5,0.5,1.625,2.0,-1.625,-1.5
2022,401416639,Western Michigan,Northern Illinois,4,-3,0.5,1.0,0.0,1.0,-2.5,-2.0,2.5,3.0
2022,401426605,UTSA,Louisiana Tech,4,44,-17.125,-17.0,17.5,0.5,26.875,27.0,-26.875,-26.5
2022,401415655,Houston,Temple,4,7,-20.0,-20.0,20.0,0.0,-13.0,-13.0,13.0,13.0
2022,401426603,Middle Tennessee,Charlotte,4,10,-9.875,-9.5,10.0,0.5,0.125,0.5,-0.125,0.0
2022,401426607,Western Kentucky,Rice,4,35,-13.375,-13.0,13.5,0.5,21.625,22.0,-21.625,-21.5
2022,401426606,UAB,North Texas,4,20,-6.5,-6.5,6.5,0.0,13.5,13.5,-13.5,-13.5
2022,401415256,Air Force,New Mexico,4,32,-21.0,-21.0,21.0,0.0,11.0,11.0,-11.0,-11.0
2022,401411164,Wake Forest,North Carolina,4,-2,-4.5,-4.5,4.5,0.0,-6.5,-6.5,6.5,6.5
2022,401415657,Tulane,UCF,4,-7,-1.0,-1.0,1.0,0.0,-8.0,-8.0,8.0,8.0
2022,401416640,Central Michigan,Buffalo,4,4,-2.75,-2.5,3.0,0.5,1.25,1.5,-1.25,-1.0
2022,401404035,Washington State,Arizona State,4,10,-9.5,-9.5,9.5,0.0,0.5,0.5,-0.5,-0.5
2022,401404142,Troy,Army,4,1,-8.5,-8.5,8.5,0.0,-7.5,-7.5,7.5,7.5
2022,401415260,San Diego State,San José State,4,16,2.25,2.5,-2.0,0.5,18.25,18.5,-18.25,-18.0
2022,401404036,Oregon State,California,4,28,-11.5,-11.5,11.5,0.0,16.5,16.5,-16.5,-16.5
2022,401416641,Bowling Green,Kent State,4,-34,2.75,3.0,-2.5,0.5,-31.25,-31.0,31.25,31.5
2022,401415656,South Florida,SMU,4,-18,17.5,17.5,-17.5,0.0,-0.5,-0.5,0.5,0.5
2022,401404033,USC,Colorado,4,38,-34.375,-34.0,34.5,0.5,3.625,4.0,-3.625,-3.5
2022,401403945,Tennessee,Missouri,4,42,-19.0,-18.5,19.5,1.0,23.0,23.5,-23.0,-22.5
2022,401403944,Mississippi State,Georgia,4,-26,16.125,16.5,-15.5,1.0,-9.875,-9.5,9.875,10.5
2022,401404037,Oregon,Washington,4,-3,-12.0,-12.0,12.0,0.0,-15.0,-15.0,15.0,15.0
2022,401426375,South Alabama,Texas State,4,17,-16.125,-16.0,16.5,0.5,0.875,1.0,-0.875,-0.5
2022,401411159,Duke,Virginia Tech,4,17,-10.0,-10.0,10.0,0.0,7.0,7.0,-7.0,-7.0
2022,401415654,Cincinnati,East Carolina,4,2,-4.625,-4.5,5.0,0.5,-2.625,-2.5,2.625,3.0
2022,401415258,Colorado State,Wyoming,4,-1,8.5,8.5,-8.5,0.0,7.5,7.5,-7.5,-7.5
2022,401404156,UConn,Liberty,4,3,13.5,13.5,-13.5,0.0,16.5,16.5,-16.5,-16.5
2022,401416636,Toledo,Ball State,4,7,-13.0,-11.0,14.0,3.0,-6.0,-4.0,6.0,7.0
2022,401404034,UCLA,Arizona,4,-6,-19.875,-19.5,20.0,0.5,-25.875,-25.5,25.875,26.0
2022,401416638,Miami (OH),Ohio,4,-16,2.375,2.5,-2.0,0.5,-13.625,-13.5,13.625,14.0
2022,401405135,Iowa,Wisconsin,4,14,0.125,1.5,1.0,2.5,14.125,15.5,-14.125,-13.0
2022,401403943,Ole Miss,Alabama,4,-6,10.875,11.0,-10.5,0.5,4.875,5.0,-4.875,-4.5
2022,401403939,Arkansas,LSU,4,-3,5.0,6.0,-3.5,2.5,2.0,3.0,-2.0,-0.5
2022,401405136,Minnesota,Northwestern,4,28,-17.0,-17.0,17.0,0.0,11.0,11.0,-11.0,-11.0
2022,401404038,Utah,Stanford,4,35,-23.875,-23.5,24.0,0.5,11.125,11.5,-11.125,-11.0
2022,401426372,Georgia State,UL Monroe,4,-3,-13.5,-13.5,13.5,0.0,-16.5,-16.5,16.5,16.5
2022,401414784,Arkansas State,Massachusetts,4,2,-17.25,-17.0,17.5,0.5,-15.25,-15.0,15.25,15.5
2022,401411158,Clemson,Louisville,4,15,-7.0,-7.0,7.0,0.0,8.0,8.0,-8.0,-8.0
2022,401416637,Akron,Eastern Michigan,4,-6,6.25,6.5,-6.0,0.5,0.25,0.5,-0.25,0.0
2022,401405137,Michigan,Nebraska,4,31,-30.5,-30.5,30.5,0.0,0.5,0.5,-0.5,-0.5
2022,401403941,Florida,South Carolina,4,32,-8.0,-8.0,8.0,0.0,24.0,24.0,-24.0,-24.0
2022,401411160,Georgia Tech,Miami,4,-21,-2.0,-2.0,2.0,0.0,-23.0,-23.0,23.0,23.0
2022,401415653,Memphis,Tulsa,4,16,-6.625,-6.5,7.0,0.5,9.375,9.5,-9.375,-9.0
2022,401415255,Nevada,Boise State,4,-38,20.875,21.0,-20.5,0.5,-17.125,-17.0,17.125,17.5
2022,401403940,Auburn,Texas A&M,4,3,-1.5,-1.5,1.5,0.0,1.5,1.5,-1.5,-1.5
2022,401415257,Hawai'i,Utah State,4,-7,10.375,10.5,-10.0,0.5,3.375,3.5,-3.375,-3.0
2022,401426371,Coastal Carolina,Southern Miss,4,3,-4.875,-4.5,5.0,0.5,-1.875,-1.5,1.875,2.0
2022,401411162,Syracuse,Florida State,4,-35,7.125,7.5,-7.0,0.5,-27.875,-27.5,27.875,28.0
2022,401411161,NC State,Boston College,4,-1,-18.125,-18.0,18.5,0.5,-19.125,-19.0,19.125,19.5
2022,401405140,Penn State,Maryland,4,30,-10.375,-10.0,10.5,0.5,19.625,20.0,-19.625,-19.5
2022,401403942,Kentucky,Vanderbilt,4,-3,-17.0,-17.0,17.0,0.0,-20.0,-20.0,20.0,20.0
2022,401405138,Michigan State,Rutgers,4,6,-10.0,-10.0,10.0,0.0,-4.0,-4.0,4.0,4.0
2022,401426374,Old Dominion,James Madison,4,-34,7.5,7.5,-7.5,0.0,-26.5,-26.5,26.5,26.5
2022,401404111,Texas Tech,Kansas,4,15,-3.5,-3.5,3.5,0.0,11.5,11.5,-11.5,-11.5
2022,401416643,Ball State,Ohio,4,-14,3.5,3.5,-3.5,0.0,-10.5,-10.5,10.5,10.5
2022,401416642,Toledo,Bowling Green,4,-7,-14.625,-14.5,15.0,0.5,-21.625,-21.5,21.625,22.0
2022,401403952,Missouri,New Mexico State,4,31,-29.0,-29.0,29.0,0.0,2.0,2.0,-2.0,-2.0
2022,401416644,Kent State,Eastern Michigan,4,-7,-7.625,-7.5,8.0,0.5,-14.625,-14.5,14.625,15.0
2022,401405147,Rutgers,Penn State,4,-45,18.625,19.0,-18.5,0.5,-26.375,-26.0,26.375,26.5
2022,401416646,Northern Illinois,Miami (OH),4,-6,-0.5,0.0,1.0,1.0,-6.5,-6.0,6.5,7.0
2022,401404116,Kansas,Texas,4,-41,9.0,9.0,-9.0,0.0,-32.0,-32.0,32.0,32.0
2022,401426379,Southern Miss,South Alabama,4,-7,7.5,7.5,-7.5,0.0,0.5,0.5,-0.5,-0.5
2022,401415658,Tulane,SMU,4,35,-3.5,-3.5,3.5,0.0,31.5,31.5,-31.5,-31.5
2022,401411168,North Carolina,Georgia Tech,4,-4,-21.25,-21.0,21.5,0.5,-25.25,-25.0,25.25,25.5
2022,401415265,Utah State,San José State,4,4,-1.125,-1.0,1.5,0.5,2.875,3.0,-2.875,-2.5
2022,401404039,Arizona,Washington State,4,-11,4.0,4.0,-4.0,0.0,-7.0,-7.0,7.0,7.0
2022,401415659,Tulsa,South Florida,4,6,-13.625,-13.0,14.0,1.0,-7.625,-7.0,7.625,8.0
2022,401426609,UTEP,Florida International,4,34,-14.0,-14.0,14.0,0.0,20.0,20.0,-20.0,-20.0
2022,401415661,UCF,Navy,4,-3,-15.125,-14.5,15.5,1.0,-18.125,-17.5,18.125,18.5
2022,401403949,Kentucky,Georgia,4,-10,22.5,22.5,-22.5,0.0,12.5,12.5,-12.5,-12.5
2022,401404041,California,Stanford,4,7,-5.0,-5.0,5.0,0.0,2.0,2.0,-2.0,-2.0
2022,401405142,Nebraska,Wisconsin,4,-1,10.0,10.0,-10.0,0.0,9.0,9.0,-9.0,-9.0
2022,401426380,Texas State,Arkansas State,4,3,-6.0,-6.0,6.0,0.0,-3.0,-3.0,3.0,3.0
2022,401426376,App State,Old Dominion,4,13,-16.125,-16.0,16.5,0.5,-3.125,-3.0,3.125,3.5
2022,401426613,Auburn,Western Kentucky,4,24,-5.0,-5.0,5.0,0.0,19.0,19.0,-19.0,-19.0
2022,401415262,Air Force,Colorado State,4,12,-21.625,-21.5,22.0,0.5,-9.625,-9.5,9.625,10.0
2022,401415266,Hawai'i,UNLV,4,6,11.0,11.0,-11.0,0.0,17.0,17.0,-17.0,-17.0
2022,401405143,Purdue,Northwestern,4,8,-17.375,-17.0,17.5,0.5,-9.375,-9.0,9.375,9.5
2022,401426381,Troy,UL Monroe,4,18,-15.0,-15.0,15.0,0.0,3.0,3.0,-3.0,-3.0
2022,401405145,Michigan,Illinois,4,2,-17.0,-17.0,17.0,0.0,-15.0,-15.0,15.0,15.0
2022,401403955,Vanderbilt,Florida,4,7,14.0,14.0,-14.0,0.0,21.0,21.0,-21.0,-21.0
2022,401426378,James Madison,Georgia State,4,2,-10.0,-10.0,10.0,0.0,-8.0,-8.0,8.0,8.0
2022,401415663,Temple,Cincinnati,4,-20,17.0,17.0,-17.0,0.0,-3.0,-3.0,3.0,3.0
2022,401411166,Florida State,Louisiana,4,32,-25.0,-25.0,25.0,0.0,7.0,7.0,-7.0,-7.0
2022,401403954,Texas A&M,Massachusetts,4,17,-32.0,-32.0,32.0,0.0,-15.0,-15.0,15.0,15.0
2022,401404165,Liberty,Virginia Tech,4,-1,-10.5,-10.5,10.5,0.0,-11.5,-11.5,11.5,11.5
2022,401426608,Charlotte,Louisiana Tech,4,5,2.0,2.0,-2.0,0.0,7.0,7.0,-7.0,-7.0
2022,401404143,Army,UConn,4,17,-10.375,-10.0,10.5,0.5,6.625,7.0,-6.625,-6.5
2022,401405146,Michigan State,Indiana,4,-8,-12.125,-12.0,12.5,0.5,-20.125,-20.0,20.125,20.5
2022,401404117,West Virginia,Kansas State,4,-17,8.125,8.5,-8.0,0.5,-8.875,-8.5,8.875,9.0
2022,401404040,Arizona State,Oregon State,4,-24,7.375,7.5,-7.0,0.5,-16.625,-16.5,16.625,17.0
2022,401411169,Pittsburgh,Duke,4,2,-6.625,-6.5,7.0,0.5,-4.625,-4.5,4.625,5.0
2022,401404114,Baylor,TCU,4,-1,2.0,2.0,-2.0,0.0,1.0,1.0,-1.0,-1.0
2022,401426611,Rice,UTSA,4,-34,14.0,14.0,-14.0,0.0,-20.0,-20.0,20.0,20.0
2022,401405144,Maryland,Ohio State,4,-13,26.25,26.5,-26.0,0.5,13.25,13.5,-13.25,-13.0
2022,401411165,Clemson,Miami,4,30,-18.875,-18.5,19.0,0.5,11.125,11.5,-11.125,-11.0
2022,401415660,East Carolina,Houston,4,-39,-6.0,-6.0,6.0,0.0,-45.0,-45.0,45.0,45.0
2022,401404132,Notre Dame,Boston College,4,44,-20.0,-20.0,20.0,0.0,24.0,24.0,-24.0,-24.0
2022,401426610,Middle Tennessee,Florida Atlantic,4,28,5.375,5.5,-5.0,0.5,33.375,33.5,-33.375,-33.0
2022,401411167,Louisville,NC State,4,15,-4.0,-4.0,4.0,0.0,11.0,11.0,-11.0,-11.0
2022,401405141,Minnesota,Iowa,4,-3,-2.0,-2.0,2.0,0.0,-5.0,-5.0,5.0,5.0
2022,401426377,Georgia Southern,Marshall,4,-13,6.0,6.0,-6.0,0.0,-7.0,-7.0,7.0,7.0
2022,401404115,Iowa State,Texas Tech,4,-4,-3.5,-3.5,3.5,0.0,-7.5,-7.5,7.5,7.5
2022,401415261,Wyoming,Boise State,4,-3,14.5,14.5,-14.5,0.0,11.5,11.5,-11.5,-11.5
2022,401403953,South Carolina,Tennessee,4,25,22.625,23.0,-22.5,0.5,47.625,48.0,-47.625,-47.5
2022,401404118,Oklahoma,Oklahoma State,4,15,-7.0,-7.0,7.0,0.0,8.0,8.0,-8.0,-8.0
2022,401403947,Arkansas,Ole Miss,4,15,0.25,1.0,0.0,1.0,15.25,16.0,-15.25,-15.0
2022,401411171,Wake Forest,Syracuse,4,10,-9.5,-9.5,9.5,0.0,0.5,0.5,-0.5,-0.5
2022,401404044,UCLA,USC,4,-3,2.375,2.5,-2.0,0.5,-0.625,-0.5,0.625,1.0
2022,401426612,LSU,UAB,4,31,-15.25,-15.0,15.5,0.5,15.75,16.0,-15.75,-15.5
2022,401404042,Washington,Colorado,4,47,-30.375,-30.0,30.5,0.5,16.625,17.0,-16.625,-16.5
2022,401404043,Oregon,Utah,4,3,-0.125,2.5,1.0,3.5,2.875,5.5,-2.875,-2.0
2022,401415263,Nevada,Fresno State,4,-27,22.625,23.0,-22.5,0.5,-4.375,-4.0,4.375,4.5
2022,401416648,Miami (OH),Ball State,4,1,-2.5,-2.5,2.5,0.0,-1.5,-1.5,1.5,1.5
2022,401416649,Ohio,Bowling Green,4,24,-5.5,-5.5,5.5,0.0,18.5,18.5,-18.5,-18.5
2022,401416651,Western Michigan,Toledo,4,6,8.375,8.5,-8.0,0.5,14.375,14.5,-14.375,-14.0
2022,401415269,Boise State,Utah State,4,19,-16.625,-16.5,17.0,0.5,2.375,2.5,-2.375,-2.0
2022,401415268,Colorado State,New Mexico,4,17,-7.25,-7.0,7.5,0.5,9.75,10.0,-9.75,-9.5
2022,401415270,Fresno State,Wyoming,4,30,-14.25,-14.0,15.0,1.0,15.75,16.0,-15.75,-15.0
2022,401405150,Wisconsin,Minnesota,4,-7,-3.0,-3.0,3.0,0.0,-10.0,-10.0,10.0,10.0
2022,401404047,Oregon State,Oregon,4,4,-1.125,-1.0,1.5,0.5,2.875,3.0,-2.875,-2.5
2022,401426615,Florida Atlantic,Western Kentucky,4,-1,7.5,7.5,-7.5,0.0,6.5,6.5,-6.5,-6.5
2022,401426618,UTSA,UTEP,4,3,-16.5,-16.5,16.5,0.0,-13.5,-13.5,13.5,13.5
2022,401426383,James Madison,Coastal Carolina,4,40,-15.625,-15.5,16.0,0.5,24.375,24.5,-24.375,-24.0
2022,401416653,Buffalo,Kent State,4,-3,-4.5,-4.5,4.5,0.0,-7.5,-7.5,7.5,7.5
2022,401405152,Maryland,Rutgers,4,37,-14.5,-14.5,14.5,0.0,22.5,22.5,-22.5,-22.5
2022,401405151,Indiana,Purdue,4,-14,10.0,10.0,-10.0,0.0,-4.0,-4.0,4.0,4.0
2022,401403960,Kentucky,Louisville,4,13,-3.5,-3.5,3.5,0.0,9.5,9.5,-9.5,-9.5
2022,401426386,Texas State,Louisiana,4,-28,5.0,5.0,-5.0,0.0,-23.0,-23.0,23.0,23.0
2022,401415267,San Diego State,Air Force,4,-10,2.0,2.0,-2.0,0.0,-8.0,-8.0,8.0,8.0
2022,401411175,Miami,Pittsburgh,4,-26,4.5,5.5,-4.0,1.5,-21.5,-20.5,21.5,22.0
2022,401404133,USC,Notre Dame,4,11,-4.25,-4.0,4.5,0.5,6.75,7.0,-6.75,-6.5
2022,401411173,Boston College,Syracuse,4,-9,10.375,10.5,-10.0,0.5,1.375,1.5,-1.375,-1.0
2022,401426389,South Alabama,Old Dominion,4,7,-16.625,-16.5,17.0,0.5,-9.625,-9.5,9.625,10.0
2022,401403959,Georgia,Georgia Tech,4,23,-36.5,-36.5,36.5,0.0,-13.5,-13.5,13.5,13.5
2022,401404144,Massachusetts,Army,4,-37,20.0,20.0,-20.0,0.0,-17.0,-17.0,17.0,17.0
2022,401404121,Kansas State,Kansas,4,20,-12.0,-11.5,12.5,1.0,8.0,8.5,-8.0,-7.5
2022,401405153,Ohio State,Michigan,4,-22,-9.0,-9.0,9.0,0.0,-31.0,-31.0,31.0,31.0
2022,401403962,Clemson,South Carolina,4,-1,-14.0,-14.0,14.0,0.0,-15.0,-15.0,15.0,15.0
2022,401411174,Duke,Wake Forest,4,3,3.0,3.0,-3.0,0.0,6.0,6.0,-6.0,-6.0
2022,401426617,North Texas,Rice,4,4,-14.5,-14.5,14.5,0.0,-10.5,-10.5,10.5,10.5
2022,401411172,North Carolina,NC State,4,-3,-6.125,-5.0,6.5,1.5,-9.125,-8.0,9.125,9.5
2022,401415667,South Florida,UCF,4,-7,20.0,20.0,-20.0,0.0,13.0,13.0,-13.0,-13.0
2022,401426616,Louisiana Tech,UAB,4,-10,18.125,18.5,-18.0,0.5,8.125,8.5,-8.125,-8.0
2022,401415271,San José State,Hawai'i,4,13,-15.25,-15.0,15.5,0.5,-2.25,-2.0,2.25,2.5
2022,401404048,Colorado,Utah,4,-42,29.875,30.0,-29.5,0.5,-12.125,-12.0,12.125,12.5
2022,401426382,Georgia Southern,App State,4,3,6.625,7.0,-6.5,0.5,9.625,10.0,-9.625,-9.5
2022,401415272,UNLV,Nevada,4,5,-12.5,-12.5,12.5,0.0,-7.5,-7.5,7.5,7.5
2022,401416650,Eastern Michigan,Central Michigan,4,19,-1.0,-1.0,1.0,0.0,18.0,18.0,-18.0,-18.0
2022,401404119,Texas,Baylor,4,11,-10.0,-10.0,10.0,0.0,1.0,1.0,-1.0,-1.0
2022,401404045,Arizona,Arizona State,4,3,-4.125,-4.0,4.5,0.5,-1.125,-1.0,1.125,1.5
2022,401426614,Florida International,Middle Tennessee,4,-5,19.5,19.5,-19.5,0.0,14.5,14.5,-14.5,-14.5
2022,401404120,TCU,Iowa State,4,48,-9.5,-9.5,9.5,0.0,38.5,38.5,-38.5,-38.5
2022,401405149,Northwestern,Illinois,4,-38,14.75,15.0,-14.5,0.5,-23.25,-23.0,23.25,23.5
2022,401415666,SMU,Memphis,4,3,-4.5,-4.5,4.5,0.0,-1.5,-1.5,1.5,1.5
2022,401404122,Texas Tech,Oklahoma,4,3,1.625,2.0,-1.5,0.5,4.625,5.0,-4.625,-4.5
2022,401405148,Iowa,Nebraska,4,-7,-10.5,-10.5,10.5,0.0,-17.5,-17.5,17.5,17.5
2022,401403957,Alabama,Auburn,4,22,-21.875,-21.5,22.0,0.5,0.125,0.5,-0.125,0.0
2022,401404051,Washington State,Washington,4,-18,2.375,2.5,-2.0,0.5,-15.625,-15.5,15.625,16.0
2022,401403956,Ole Miss,Mississippi State,4,-2,-2.5,-2.5,2.5,0.0,-4.5,-4.5,4.5,4.5
2022,401403963,Texas A&M,LSU,4,15,10.0,10.0,-10.0,0.0,25.0,25.0,-25.0,-25.0
2022,401404123,Oklahoma State,West Virginia,4,-5,-5.5,-5.5,5.5,0.0,-10.5,-10.5,10.5,10.5
2022,401426384,Arkansas State,Troy,4,-29,13.5,13.5,-13.5,0.0,-15.5,-15.5,15.5,15.5
2022,401404166,Liberty,New Mexico State,4,-35,-24.0,-24.0,24.0,0.0,-59.0,-59.0,59.0,59.0
2022,401416652,Northern Illinois,Akron,4,-32,-9.5,-9.5,9.5,0.0,-41.5,-41.5,41.5,41.5
2022,401426390,Marshall,Georgia State,4,5,-6.5,-6.5,6.5,0.0,-1.5,-1.5,1.5,1.5
2022,401404049,Stanford,BYU,4,-9,6.375,6.5,-6.0,0.5,-2.625,-2.5,2.625,3.0
2022,401415668,Houston,Tulsa,4,-7,-13.0,-13.0,13.0,0.0,-20.0,-20.0,20.0,20.0
2022,401426385,UL Monroe,Southern Miss,4,-10,3.0,3.0,-3.0,0.0,-7.0,-7.0,7.0,7.0
2022,401415665,Cincinnati,Tulane,4,-3,1.0,1.0,-1.0,0.0,-2.0,-2.0,2.0,2.0
2022,401415664,Temple,East Carolina,4,-3,9.5,9.5,-9.5,0.0,6.5,6.5,-6.5,-6.5
2022,401403961,Missouri,Arkansas,4,2,3.125,3.5,-3.0,0.5,5.125,5.5,-5.125,-5.0
2022,401405154,Penn State,Michigan State,4,19,-19.125,-19.0,19.5,0.5,-0.125,0.0,0.125,0.5
2022,401403964,Vanderbilt,Tennessee,4,-56,14.0,14.0,-14.0,0.0,-42.0,-42.0,42.0,42.0
2022,401437037,Troy,Coastal Carolina,4,19,-6.625,-6.5,7.0,0.5,12.375,12.5,-12.375,-12.0
2022,401437030,TCU,Kansas State,4,-3,0.5,1.0,1.0,2.0,-2.5,-2.0,2.5,4.0
2022,401437032,UTSA,North Texas,4,21,-8.375,-8.0,8.5,0.5,12.625,13.0,-12.625,-12.5
2022,401437034,Boise State,Fresno State,4,-12,-3.0,-3.0,3.0,0.0,-15.0,-15.0,15.0,15.0
2022,401437132,Jackson State,Southern,3,19,-20.5,-20.5,20.5,0.0,-1.5,-1.5,1.5,1.5
2022,401506450,Buffalo,Akron,4,1,-12.0,-12.0,12.0,0.0,-11.0,-11.0,11.0,11.0
2022,401437035,USC,Utah,4,-23,-2.75,-2.5,3.0,0.5,-25.75,-25.5,25.75,26.0
2022,401437008,Tulane,UCF,4,17,-3.5,-3.5,3.5,0.0,13.5,13.5,-13.5,-13.5
2022,401437033,Ohio,Toledo,4,-10,3.5,3.5,-3.5,0.0,-6.5,-6.5,6.5,6.5
2022,401442015,Georgia,Ohio State,4,1,-5.125,-4.5,5.5,1.0,-4.125,-3.5,4.125,4.5
2022,401437031,Michigan,Purdue,4,21,-15.625,-15.0,16.0,1.0,5.375,6.0,-5.375,-5.0
2022,401442004,San José State,Eastern Michigan,4,-14,-3.5,-3.5,3.5,0.0,-17.5,-17.5,17.5,17.5
2022,401442042,Houston,Louisiana,4,7,-5.25,-5.0,5.5,0.5,1.75,2.0,-1.75,-1.5
2022,401507651,South Dakota State,Holy Cross,2,20,-19.0,-19.0,19.0,0.0,1.0,1.0,-1.0,-1.0
2022,401442040,Air Force,Baylor,4,15,3.375,3.5,-3.0,0.5,18.375,18.5,-18.375,-18.0
2022,401442014,Utah,Penn State,4,-14,1.375,1.5,-1.0,0.5,-12.625,-12.5,12.625,13.0
2022,401507652,Sacramento State,Incarnate Word,2,-3,-6.25,-6.0,6.5,0.5,-9.25,-9.0,9.25,9.5
2022,401442038,Fresno State,Washington State,4,23,-5.5,-5.5,5.5,0.0,17.5,17.5,-17.5,-17.5
2022,401442001,Boise State,North Texas,4,3,-11.75,-11.5,12.0,0.5,-8.75,-8.5,8.75,9.0
2022,401441997,BYU,SMU,4,1,4.5,4.5,-4.5,0.0,5.5,5.5,-5.5,-5.5
2022,401442035,NC State,Maryland,4,-4,-2.125,-2.0,2.5,0.5,-6.125,-6.0,6.125,6.5
2022,401442008,Duke,UCF,4,17,-3.25,-3.0,3.5,0.5,13.75,14.0,-13.75,-13.5
2022,401442018,Kansas State,Alabama,4,-25,7.625,8.0,-7.5,0.5,-17.375,-17.0,17.375,17.5
2022,401443543,Wyoming,Ohio,4,-3,3.0,3.0,-3.0,0.0,0.0,0.0,0.0,0.0
2022,401441996,North Carolina Central,Jackson State,3,7,14.666666666666666,16.0,-14.0,2.0,21.666666666666664,23.0,-21.666666666666664,-21.0
2022,401442003,UConn,Marshall,4,-14,12.125,12.5,-11.5,1.0,-1.875,-1.5,1.875,2.5
2022,401441993,UAB,Miami (OH),4,4,-10.75,-10.5,11.0,0.5,-6.75,-6.5,6.75,7.0
2022,401442036,South Carolina,Notre Dame,4,-7,5.125,5.5,-5.0,0.5,-1.875,-1.5,1.875,2.0
2022,401442002,East Carolina,Coastal Carolina,4,24,-7.125,-7.0,7.5,0.5,16.875,17.0,-16.875,-16.5
2022,401441999,Oregon State,Florida,4,27,-7.5,-7.5,7.5,0.0,19.5,19.5,-19.5,-19.5
2022,401470891,North Carolina,Oregon,4,-1,13.0,13.0,-13.0,0.0,12.0,12.0,-12.0,-12.0
2022,401442030,Arkansas,Kansas,4,2,-1.375,-1.0,1.5,0.5,0.625,1.0,-0.625,-0.5
2022,401442041,Southern Miss,Rice,4,14,-6.625,-6.5,7.0,0.5,7.375,7.5,-7.375,-7.0
2022,401507650,North Dakota State,Samford,2,21,-19.25,-19.0,19.5,0.5,1.75,2.0,-1.75,-1.5
2022,401442011,Illinois,Mississippi State,4,-9,3.625,4.0,-3.5,0.5,-5.375,-5.0,5.375,5.5
2022,401442017,Kentucky,Iowa,4,-21,3.0,3.0,-3.0,0.0,-18.0,-18.0,18.0,18.0
2022,401441995,Louisville,Cincinnati,4,17,-2.5,-2.5,2.5,0.0,14.5,14.5,-14.5,-14.5
2022,401507670,Montana State,William & Mary,2,55,-9.25,-9.0,9.5,0.5,45.75,46.0,-45.75,-45.5
2022,401442039,South Alabama,Western Kentucky,4,-21,-3.75,-3.5,4.0,0.5,-24.75,-24.5,24.75,25.0
2022,401442019,Clemson,Tennessee,4,-17,-4.0,-3.5,4.5,1.0,-21.0,-20.5,21.0,21.5
2022,401442000,Utah State,Memphis,4,-28,8.0,8.0,-8.0,0.0,-20.0,-20.0,20.0,20.0
2022,401442033,Florida State,Oklahoma,4,3,-10.375,-10.0,10.5,0.5,-7.375,-7.0,7.375,7.5
2022,401508851,South Dakota State,Montana State,2,21,-4.0,-4.0,4.0,0.0,17.0,17.0,-17.0,-17.0
2022,401442016,Michigan,TCU,4,-6,-7.875,-7.5,8.0,0.5,-13.875,-13.5,13.875,14.0
2022,401442007,Missouri,Wake Forest,4,-10,2.75,3.0,-2.5,0.5,-7.25,-7.0,7.25,7.5
2022,401404145,Army,Navy,4,3,2.625,3.0,-2.5,0.5,5.625,6.0,-5.625,-5.5
2022,401442031,Ole Miss,Texas Tech,4,-17,-4.25,-4.0,4.5,0.5,-21.25,-21.0,21.25,21.5
2022,401442012,Purdue,LSU,4,-56,15.125,15.5,-15.0,0.5,-40.875,-40.5,40.875,41.0
2022,401441994,Troy,UTSA,4,6,1.75,3.0,2.0,5.0,7.75,9.0,-7.75,-4.0
2022,401442013,USC,Tulane,4,-1,-1.5,-1.5,1.5,0.0,-2.5,-2.5,2.5,2.5
2022,401442032,Minnesota,Syracuse,4,8,-10.625,-10.5,11.0,0.5,-2.625,-2.5,2.625,3.0
2022,401442034,Washington,Texas,4,7,3.125,3.5,-3.0,0.5,10.125,10.5,-10.125,-10.0
2022,401441998,Buffalo,Georgia Southern,4,2,6.0,6.0,-6.0,0.0,8.0,8.0,-8.0,-8.0
2022,401442037,Bowling Green,New Mexico State,4,-5,-3.25,-3.0,3.5,0.5,-8.25,-8.0,8.25,8.5
2022,401442006,Toledo,Liberty,4,2,-3.625,-3.5,4.0,0.5,-1.625,-1.5,1.625,2.0
2022,401442009,San Diego State,Middle Tennessee,4,-2,-7.0,-7.0,7.0,0.0,-9.0,-9.0,9.0,9.0
2022,401442005,Oklahoma State,Wisconsin,4,-7,4.875,5.0,-4.5,0.5,-2.125,-2.0,2.125,2.5
2022,401443542,UCLA,Pittsburgh,4,-2,-8.625,-8.5,9.0,0.5,-10.625,-10.5,10.625,11.0
2022,401442010,Georgia,TCU,4,58,-13.5,-13.5,13.5,0.0,44.5,44.5,-44.5,-44.5
2022,401445817,South Dakota State,North Dakota State,2,24,-5.25,-5.0,5.5,0.5,18.75,19.0,-18.75,-18.5
2022,401415203,Harvard,Columbia,2,-1,-10.5,-10.5,10.5,0.0,-11.5,-11.5,11.5,11.5
2022,401418842,Indiana State,North Dakota,2,-35,11.25,11.5,-11.0,0.5,-23.75,-23.5,23.75,24.0
2022,401423430,Georgetown,Saint Francis,2,-14,17.0,17.0,-17.0,0.0,3.0,3.0,-3.0,-3.0
2022,401424391,Hampton,William & Mary,2,-6,20.5,20.5,-20.5,0.0,14.5,14.5,-14.5,-14.5
2022,401428199,Charleston Southern,Robert Morris,2,13,-17.5,-17.5,17.5,0.0,-4.5,-4.5,4.5,4.5
2022,401420840,UT Martin,Western Illinois,2,17,-17.0,-17.0,17.0,0.0,0.0,0.0,0.0,0.0
2022,401420880,Tarleton State,Mississippi Valley State,2,16,-13.0,-13.0,13.0,0.0,3.0,3.0,-3.0,-3.0
2022,401420877,Southern Utah,St. Thomas (MN),2,31,-3.0,-3.0,3.0,0.0,28.0,28.0,-28.0,-28.0
2022,401413229,Idaho State,Cal Poly,2,9,3.5,3.5,-3.5,0.0,12.5,12.5,-12.5,-12.5
2022,401423427,Saint Francis,Central Connecticut,2,26,-19.0,-18.5,19.5,1.0,7.0,7.5,-7.0,-6.5
2022,401413239,Eastern Washington,Sacramento State,2,-24,14.5,14.5,-14.5,0.0,-9.5,-9.5,9.5,9.5
2022,401413343,Northern Colorado,Montana State,2,-23,21.75,22.0,-21.5,0.5,-1.25,-1.0,1.25,1.5
2022,401415173,UC Davis,Northern Arizona,2,29,-14.5,-14.5,14.5,0.0,14.5,14.5,-14.5,-14.5
2022,401420797,North Carolina Central,North Carolina A&T,2,15,0.0,11.5,11.5,23.0,15.0,26.5,-15.0,-3.5
2022,401413237,Eastern Washington,Montana State,2,-3,6.0,6.0,-6.0,0.0,3.0,3.0,-3.0,-3.0
2022,401422923,Gardner-Webb,Mercer,2,-31,7.0,7.0,-7.0,0.0,-24.0,-24.0,24.0,24.0
2022,401424426,Delaware,Hampton,2,32,-24.5,-24.5,24.5,0.0,7.5,7.5,-7.5,-7.5
2022,401413220,Jacksonville State,SE Louisiana,2,-17,-7.5,-7.5,7.5,0.0,-24.5,-24.5,24.5,24.5
2022,401420802,South Carolina State,North Carolina Central,2,2,-0.5,0.0,1.0,1.0,1.5,2.0,-1.5,-1.0
2022,401421161,VMI,Furman,2,-38,13.5,13.5,-13.5,0.0,-24.5,-24.5,24.5,24.5
2022,401421132,Chattanooga,Mercer,2,20,1.5,1.5,-1.5,0.0,21.5,21.5,-21.5,-21.5
2022,401421142,Western Carolina,The Citadel,2,-13,-15.0,-15.0,15.0,0.0,-28.0,-28.0,28.0,28.0
2022,401423149,Drake,Davidson,2,-34,12.5,12.5,-12.5,0.0,-21.5,-21.5,21.5,21.5
2022,401423420,Merrimack,Sacred Heart,2,6,-1.5,-1.5,1.5,0.0,4.5,4.5,-4.5,-4.5
2022,401424398,New Hampshire,Elon,2,18,2.5,2.5,-2.5,0.0,20.5,20.5,-20.5,-20.5
2022,401424408,Monmouth,Rhode Island,2,-2,1.0,1.0,-1.0,0.0,-1.0,-1.0,1.0,1.0
2022,401428487,Presbyterian,St. Thomas (MN),2,-29,23.0,23.0,-23.0,0.0,-6.0,-6.0,6.0,6.0
2022,401425520,Southern Illinois,Northern Iowa,2,-1,-5.5,-5.5,5.5,0.0,-6.5,-6.5,6.5,6.5
2022,401418639,Eastern Kentucky,Sam Houston,2,-8,-6.25,-6.0,6.5,0.5,-14.25,-14.0,14.25,14.5
2022,401420782,North Carolina Central,Morgan State,2,39,-14.5,-14.5,14.5,0.0,24.5,24.5,-24.5,-24.5
2022,401424435,Richmond,Villanova,2,10,-5.0,-4.5,5.5,1.0,5.0,5.5,-5.0,-4.5
2022,401424951,Grambling,Florida A&M,2,-4,17.0,17.0,-17.0,0.0,13.0,13.0,-13.0,-13.0
2022,401418602,Harvard,Yale,2,-5,-1.5,-1.5,1.5,0.0,-6.5,-6.5,6.5,6.5
2022,401423452,Alabama State,Jackson State,2,-14,26.75,27.0,-26.5,0.5,12.75,13.0,-12.75,-12.5
2022,401428191,Campbell,Charleston Southern,2,6,-14.0,-14.0,14.0,0.0,-8.0,-8.0,8.0,8.0
2022,401432241,Duquesne,Merrimack,2,-7,-4.5,-4.5,4.5,0.0,-11.5,-11.5,11.5,11.5
2022,401423001,Lehigh,Fordham,2,-12,16.0,16.0,-16.0,0.0,4.0,4.0,-4.0,-4.0
2022,401422925,Mercer,East Tennessee State,2,22,-14.0,-14.0,14.0,0.0,8.0,8.0,-8.0,-8.0
2022,401413230,Cal Poly,Eastern Washington,2,-7,10.0,10.0,-10.0,0.0,3.0,3.0,-3.0,-3.0
2022,401418599,Harvard,Princeton,2,-27,2.0,2.5,-1.5,1.0,-25.0,-24.5,25.0,25.5
2022,401415199,Columbia,Wagner,2,21,-29.5,-29.5,29.5,0.0,-8.5,-8.5,8.5,8.5
2022,401418606,Yale,Dartmouth,2,3,-4.5,-4.5,4.5,0.0,-1.5,-1.5,1.5,1.5
2022,401418831,Northern Iowa,Illinois State,2,-2,-8.0,-8.0,8.0,0.0,-10.0,-10.0,10.0,10.0
2022,401426549,North Texas,Texas Southern,2,32,-38.5,-38.5,38.5,0.0,-6.5,-6.5,6.5,6.5
2022,401426550,Rice,McNeese,2,42,-7.25,-7.0,7.5,0.5,34.75,35.0,-34.75,-34.5
2022,401421117,UL Monroe,Nicholls,2,28,-4.5,-4.5,4.5,0.0,23.5,23.5,-23.5,-23.5
2022,401405075,Indiana,Idaho,2,13,-24.5,-24.5,24.5,0.0,-11.5,-11.5,11.5,11.5
2022,401423143,Butler,St. Thomas (MN),2,-14,7.5,7.5,-7.5,0.0,-6.5,-6.5,6.5,6.5
2022,401421129,Illinois,Chattanooga,2,31,-20.0,-20.0,20.0,0.0,11.0,11.0,-11.0,-11.0
2022,401425415,Holy Cross,Fordham,2,1,-10.25,-10.0,10.5,0.5,-9.25,-9.0,9.25,9.5
2022,401418632,Austin Peay,Eastern Kentucky,2,11,-1.5,-1.5,1.5,0.0,9.5,9.5,-9.5,-9.5
2022,401413251,Sacramento State,Idaho,2,3,-13.75,-13.5,14.0,0.5,-10.75,-10.5,10.75,11.0
2022,401415202,Columbia,Yale,2,-25,4.0,5.0,-3.0,2.0,-21.0,-20.0,21.0,22.0
2022,401420811,Northern Iowa,Missouri State,2,21,-1.5,-1.5,1.5,0.0,19.5,19.5,-19.5,-19.5
2022,401421141,The Citadel,Furman,2,-11,10.5,10.5,-10.5,0.0,-0.5,-0.5,0.5,0.5
2022,401420818,North Dakota,South Dakota State,2,-14,10.0,10.0,-10.0,0.0,-4.0,-4.0,4.0,4.0
2022,401420874,Southern Utah,Stephen F. Austin,2,-3,4.5,4.5,-4.5,0.0,1.5,1.5,-1.5,-1.5
2022,401462225,McNeese,SE Louisiana,2,-1,18.0,18.0,-18.0,0.0,17.0,17.0,-17.0,-17.0
2022,401462518,Tarleton State,Sam Houston,2,-19,7.5,7.5,-7.5,0.0,-11.5,-11.5,11.5,11.5
2022,401422991,Lafayette,Holy Cross,2,-3,24.75,25.0,-24.5,0.5,21.75,22.0,-21.75,-21.5
2022,401413231,UC Davis,Cal Poly,2,42,-24.5,-24.5,24.5,0.0,17.5,17.5,-17.5,-17.5
2022,401424940,Mississippi Valley State,Bethune-Cookman,2,-10,4.0,4.0,-4.0,0.0,-6.0,-6.0,6.0,6.0
2022,401423921,Alcorn State,Texas Southern,2,-7,-9.5,-9.5,9.5,0.0,-16.5,-16.5,16.5,16.5
2022,401424369,Towson,William & Mary,2,-20,18.5,18.5,-18.5,0.0,-1.5,-1.5,1.5,1.5
2022,401424439,Stony Brook,Maine,2,1,3.5,3.5,-3.5,0.0,4.5,4.5,-4.5,-4.5
2022,401428198,Charleston Southern,Gardner-Webb,2,-14,11.5,11.5,-11.5,0.0,-2.5,-2.5,2.5,2.5
2022,401415178,Lamar,Northern Colorado,2,-7,3.0,3.0,-3.0,0.0,-4.0,-4.0,4.0,4.0
2022,401415183,UC Davis,San Diego,2,30,-24.0,-24.0,24.0,0.0,6.0,6.0,-6.0,-6.0
2022,401421100,San Diego,Butler,2,-3,-6.0,-6.0,6.0,0.0,-9.0,-9.0,9.0,9.0
2022,401418813,Eastern Illinois,Northwestern State,2,8,-9.5,-9.5,9.5,0.0,-1.5,-1.5,1.5,1.5
2022,401420829,South Dakota State,South Dakota,2,25,-14.5,-14.5,14.5,0.0,10.5,10.5,-10.5,-10.5
2022,401423915,Georgetown,Pennsylvania,2,-31,15.0,15.0,-15.0,0.0,-16.0,-16.0,16.0,16.0
2022,401428481,Fordham,Georgetown,2,21,-24.0,-24.0,24.0,0.0,-3.0,-3.0,3.0,3.0
2022,401428486,Marist,St. Thomas (MN),2,-14,9.0,9.0,-9.0,0.0,-5.0,-5.0,5.0,5.0
2022,401413217,Nicholls,Jacksonville State,2,-31,8.75,9.0,-8.5,0.5,-22.25,-22.0,22.25,22.5
2022,401404075,Oklahoma State,Arkansas-Pine Bluff,2,56,-54.5,-54.5,54.5,0.0,1.5,1.5,-1.5,-1.5
2022,401415218,Boise State,UT Martin,2,23,-24.75,-24.5,25.0,0.5,-1.75,-1.5,1.75,2.0
2022,401403881,Arkansas,Missouri State,2,11,-26.0,-26.0,26.0,0.0,-15.0,-15.0,15.0,15.0
2022,401411112,Duke,North Carolina A&T,2,29,-30.5,-30.5,30.5,0.0,-1.5,-1.5,1.5,1.5
2022,401415621,East Carolina,Campbell,2,39,-32.5,-32.5,32.5,0.0,6.5,6.5,-6.5,-6.5
2022,401420790,Norfolk State,Saint Francis,2,-19,9.5,9.5,-9.5,0.0,-9.5,-9.5,9.5,9.5
2022,401403874,Ole Miss,Central Arkansas,2,56,-36.5,-36.5,36.5,0.0,19.5,19.5,-19.5,-19.5
2022,401426546,Florida Atlantic,SE Louisiana,2,33,-11.5,-11.0,12.0,1.0,21.5,22.0,-21.5,-21.0
2022,401411104,Georgia Tech,Western Carolina,2,18,-24.25,-24.0,24.5,0.5,-6.25,-6.0,6.25,6.5
2022,401415615,Tulane,Alcorn State,2,52,-35.5,-35.5,35.5,0.0,16.5,16.5,-16.5,-16.5
2022,401415618,South Florida,Howard,2,22,-40.0,-39.5,40.5,1.0,-18.0,-17.5,18.0,18.5
2022,401421114,Valparaiso,St. Thomas (MN),2,-27,6.0,6.0,-6.0,0.0,-21.0,-21.0,21.0,21.0
2022,401422984,Bucknell,Fordham,2,-42,24.5,24.5,-24.5,0.0,-17.5,-17.5,17.5,17.5
2022,401418838,Northern Iowa,Indiana State,2,6,-23.5,-23.5,23.5,0.0,-17.5,-17.5,17.5,17.5
2022,401413257,San Diego State,Idaho State,2,31,-33.25,-33.0,33.5,0.5,-2.25,-2.0,2.25,2.5
2022,401403985,Arizona,North Dakota State,2,3,3.0,3.0,-3.0,0.0,6.0,6.0,-6.0,-6.0
2022,401423919,Southern,Texas Southern,2,-24,7.0,7.0,-7.0,0.0,-17.0,-17.0,17.0,17.0
2022,401418830,Illinois State,Southern Illinois,2,-5,7.5,7.5,-7.5,0.0,2.5,2.5,-2.5,-2.5
2022,401423926,Southern,Arkansas-Pine Bluff,2,56,-14.0,-14.0,14.0,0.0,42.0,42.0,-42.0,-42.0
2022,401413207,Samford,Wofford,2,14,-20.0,-20.0,20.0,0.0,-6.0,-6.0,6.0,6.0
2022,401435487,North Carolina A&T,Bryant,2,11,-5.5,-5.5,5.5,0.0,5.5,5.5,-5.5,-5.5
2022,401413344,Montana State,Weber State,2,5,3.0,3.0,-3.0,0.0,8.0,8.0,-8.0,-8.0
2022,401415191,Brown,Cornell,2,-3,-2.5,-2.5,2.5,0.0,-5.5,-5.5,5.5,5.5
2022,401415180,Northern Colorado,UC Davis,2,-48,19.0,19.0,-19.0,0.0,-29.0,-29.0,29.0,29.0
2022,401415201,Columbia,Dartmouth,2,-3,-2.5,-2.0,3.0,1.0,-5.5,-5.0,5.5,6.0
2022,401413337,Sacramento State,Montana,2,7,-5.0,-5.0,5.0,0.0,2.0,2.0,-2.0,-2.0
2022,401418640,Eastern Kentucky,North Alabama,2,3,-13.5,-13.5,13.5,0.0,-10.5,-10.5,10.5,10.5
2022,401413262,Idaho State,Northern Arizona,2,-14,3.5,3.5,-3.5,0.0,-10.5,-10.5,10.5,10.5
2022,401413250,Idaho,Portland State,2,35,-12.25,-12.0,12.5,0.5,22.75,23.0,-22.75,-22.5
2022,401424449,Stony Brook,Towson,2,-4,5.5,5.5,-5.5,0.0,1.5,1.5,-1.5,-1.5
2022,401423455,Alabama State,Florida A&M,2,-7,4.5,4.5,-4.5,0.0,-2.5,-2.5,2.5,2.5
2022,401403982,Utah,Southern Utah,2,66,-45.5,-45.5,45.5,0.0,20.5,20.5,-20.5,-20.5
2022,401420875,Stephen F. Austin,Tarleton State,2,17,-7.25,-7.0,7.5,0.5,9.75,10.0,-9.75,-9.5
2022,401411106,NC State,Charleston Southern,2,52,-45.5,-45.5,45.5,0.0,6.5,6.5,-6.5,-6.5
2022,401405071,Minnesota,Western Illinois,2,52,-41.0,-41.0,41.0,0.0,11.0,11.0,-11.0,-11.0
2022,401405074,Purdue,Indiana State,2,56,-37.0,-37.0,37.0,0.0,19.0,19.0,-19.0,-19.0
2022,401415216,Nevada,Incarnate Word,2,-14,-4.0,-4.0,4.0,0.0,-18.0,-18.0,18.0,18.0
2022,401416599,Miami (OH),Robert Morris,2,17,-30.0,-30.0,30.0,0.0,-13.0,-13.0,13.0,13.0
2022,401423439,Troy,Alabama A&M,2,21,-37.5,-37.5,37.5,0.0,-16.5,-16.5,16.5,16.5
2022,401426547,Louisiana Tech,Stephen F. Austin,2,35,-6.5,-6.5,6.5,0.0,28.5,28.5,-28.5,-28.5
2022,401403873,LSU,Southern,2,48,-44.5,-44.5,44.5,0.0,3.5,3.5,-3.5,-3.5
2022,401422929,Samford,Western Carolina,2,23,-3.5,-3.5,3.5,0.0,19.5,19.5,-19.5,-19.5
2022,401403983,Washington,Portland State,2,46,-31.0,-31.0,31.0,0.0,15.0,15.0,-15.0,-15.0
2022,401420788,James Madison,Norfolk State,2,56,-42.0,-41.5,42.5,1.0,14.0,14.5,-14.0,-13.5
2022,401415616,SMU,Lamar,2,29,-48.5,-48.5,48.5,0.0,-19.5,-19.5,19.5,19.5
2022,401404067,TCU,Tarleton State,2,42,-40.0,-40.0,40.0,0.0,2.0,2.0,-2.0,-2.0
2022,401415032,Southern Miss,Northwestern State,2,54,-32.75,-32.5,33.0,0.5,21.25,21.5,-21.25,-21.0
2022,401426557,Middle Tennessee,Tennessee State,2,43,-19.5,-19.5,19.5,0.0,23.5,23.5,-23.5,-23.5
2022,401404139,Army,Colgate,2,25,-31.0,-31.0,31.0,0.0,-6.0,-6.0,6.0,6.0
2022,401404162,Liberty,Gardner-Webb,2,1,-24.5,-24.5,24.5,0.0,-23.5,-23.5,23.5,23.5
2022,401413339,Montana State,Montana,2,34,1.5,1.5,-1.5,0.0,35.5,35.5,-35.5,-35.5
2022,401420843,Lindenwood,Southeast Missouri State,2,-21,18.5,18.5,-18.5,0.0,-2.5,-2.5,2.5,2.5
2022,401426670,Central Arkansas,Lindenwood,2,-3,-22.0,-21.5,22.5,1.0,-25.0,-24.5,25.0,25.5
2022,401403872,Georgia,Samford,2,33,-53.0,-53.0,53.0,0.0,-20.0,-20.0,20.0,20.0
2022,401415614,Temple,Lafayette,2,16,-14.0,-13.5,14.5,1.0,2.0,2.5,-2.0,-1.5
2022,401403981,UCLA,Alabama State,2,38,-48.5,-48.5,48.5,0.0,-10.5,-10.5,10.5,10.5
2022,401411102,Clemson,Furman,2,23,-45.5,-45.5,45.5,0.0,-22.5,-22.5,22.5,22.5
2022,401428479,Tennessee Tech,Lindenwood,2,1,-4.0,-4.0,4.0,0.0,-3.0,-3.0,3.0,3.0
2022,401413261,Montana State,Idaho State,2,31,-25.5,-25.5,25.5,0.0,5.5,5.5,-5.5,-5.5
2022,401413238,Weber State,Eastern Washington,2,24,-16.0,-16.0,16.0,0.0,8.0,8.0,-8.0,-8.0
2022,401421097,Drake,San Diego,2,-12,7.5,7.5,-7.5,0.0,-4.5,-4.5,4.5,4.5
2022,401420850,Nicholls,Incarnate Word,2,-35,25.5,25.5,-25.5,0.0,-9.5,-9.5,9.5,9.5
2022,401418829,Illinois State,Eastern Illinois,2,28,-15.5,-15.5,15.5,0.0,12.5,12.5,-12.5,-12.5
2022,401421122,SE Louisiana,Central Connecticut,2,64,-21.25,-21.0,21.5,0.5,42.75,43.0,-42.75,-42.5
2022,401413260,Idaho State,Montana,2,-8,33.0,33.0,-33.0,0.0,25.0,25.0,-25.0,-25.0
2022,401421157,East Tennessee State,Furman,2,-13,-2.5,-2.5,2.5,0.0,-15.5,-15.5,15.5,15.5
2022,401422928,Tennessee Tech,Samford,2,-5,16.0,16.0,-16.0,0.0,11.0,11.0,-11.0,-11.0
2022,401422974,VMI,East Tennessee State,2,-23,7.0,7.0,-7.0,0.0,-16.0,-16.0,16.0,16.0
2022,401418642,Eastern Kentucky,Central Arkansas,2,28,-1.0,-1.0,1.0,0.0,27.0,27.0,-27.0,-27.0
2022,401423414,Stetson,Marist,2,-14,-5.5,-5.5,5.5,0.0,-19.5,-19.5,19.5,19.5
2022,401423147,St. Thomas (MN),Davidson,2,11,6.0,6.0,-6.0,0.0,17.0,17.0,-17.0,-17.0
2022,401424950,South Carolina State,Florida A&M,2,-6,2.5,2.5,-2.5,0.0,-3.5,-3.5,3.5,3.5
2022,401420804,North Carolina Central,Howard,2,29,-6.5,-6.0,7.0,1.0,22.5,23.0,-22.5,-22.0
2022,401420813,South Dakota,Missouri State,2,7,3.5,3.5,-3.5,0.0,10.5,10.5,-10.5,-10.5
2022,401424945,Grambling,Arkansas-Pine Bluff,2,26,-9.75,-9.5,10.0,0.5,16.25,16.5,-16.25,-16.0
2022,401424933,Prairie View A&M,Alcorn State,2,-7,-9.25,-9.0,9.5,0.5,-16.25,-16.0,16.25,16.5
2022,401415193,Yale,Brown,2,52,-12.75,-12.5,13.0,0.5,39.25,39.5,-39.25,-39.0
2022,401421105,Presbyterian,Valparaiso,2,-20,16.5,16.5,-16.5,0.0,-3.5,-3.5,3.5,3.5
2022,401413259,Northern Colorado,Idaho State,2,21,-3.5,-3.5,3.5,0.0,17.5,17.5,-17.5,-17.5
2022,401415187,Brown,Harvard,2,-7,16.5,16.5,-16.5,0.0,9.5,9.5,-9.5,-9.5
2022,401415184,UC Davis,Weber State,2,-5,2.75,3.0,-2.5,0.5,-2.25,-2.0,2.25,2.5
2022,401415405,Cornell,Yale,2,-24,9.0,9.0,-9.0,0.0,-15.0,-15.0,15.0,15.0
2022,401411097,Miami,Bethune-Cookman,2,57,-49.5,-49.5,49.5,0.0,7.5,7.5,-7.5,-7.5
2022,401443323,Holy Cross,Bryant,2,7,-21.0,-20.5,21.5,1.0,-14.0,-13.5,14.0,14.5
2022,401424392,William & Mary,Villanova,2,33,-10.5,-10.5,10.5,0.0,22.5,22.5,-22.5,-22.5
2022,401413219,North Alabama,Jacksonville State,2,-16,15.5,15.5,-15.5,0.0,-0.5,-0.5,0.5,0.5
2022,401420819,North Dakota,South Dakota,2,9,-8.5,-8.5,8.5,0.0,0.5,0.5,-0.5,-0.5
2022,401425419,Grambling,Prairie View A&M,2,-20,13.0,13.0,-13.0,0.0,-7.0,-7.0,7.0,7.0
2022,401403990,Oregon State,Montana State,2,40,-17.0,-16.5,17.5,1.0,23.0,23.5,-23.0,-22.5
2022,401403926,Tennessee,UT Martin,2,41,-38.75,-38.5,39.0,0.5,2.25,2.5,-2.25,-2.0
2022,401426360,App State,Robert Morris,2,39,-50.0,-50.0,50.0,0.0,-11.0,-11.0,11.0,11.0
2022,401415408,Cornell,Lehigh,2,4,-7.5,-7.5,7.5,0.0,-3.5,-3.5,3.5,3.5
2022,401418598,Howard,Harvard,2,-16,17.25,17.5,-17.0,0.5,1.25,1.5,-1.25,-1.0
2022,401415179,Sacramento State,Northern Colorado,2,48,-29.5,-29.5,29.5,0.0,18.5,18.5,-18.5,-18.5
2022,401415189,Central Connecticut,Brown,2,-7,7.0,7.0,-7.0,0.0,0.0,0.0,0.0,0.0
2022,401425414,Colgate,Holy Cross,2,-25,20.5,20.5,-20.5,0.0,-4.5,-4.5,4.5,4.5
2022,401426671,Western Illinois,Northern Iowa,2,-35,15.75,16.5,-15.0,1.5,-19.25,-18.5,19.25,20.0
2022,401415188,Rhode Island,Brown,2,28,-16.5,-16.5,16.5,0.0,11.5,11.5,-11.5,-11.5
2022,401424949,Florida A&M,Mississippi Valley State,2,27,-24.5,-24.5,24.5,0.0,2.5,2.5,-2.5,-2.5
2022,401413216,Tulsa,Jacksonville State,2,37,-12.0,-12.0,12.0,0.0,25.0,25.0,-25.0,-25.0
2022,401409241,New Mexico State,Lamar,2,37,-22.0,-22.0,22.0,0.0,15.0,15.0,-15.0,-15.0
2022,401420783,Delaware,Morgan State,2,31,-33.25,-33.0,33.5,0.5,-2.25,-2.0,2.25,2.5
2022,401418607,Dartmouth,New Hampshire,2,-14,-3.0,-3.0,3.0,0.0,-17.0,-17.0,17.0,17.0
2022,401423923,Texas Southern,Jackson State,2,-27,23.5,23.5,-23.5,0.0,-3.5,-3.5,3.5,3.5
2022,401425428,Long Island University,Central Connecticut,2,9,1.5,1.5,-1.5,0.0,10.5,10.5,-10.5,-10.5
2022,401425426,Tennessee State,Southeast Missouri State,2,-42,11.25,11.5,-11.0,0.5,-30.75,-30.5,30.75,31.0
2022,401431407,Presbyterian,Dayton,2,-24,20.25,20.5,-20.0,0.5,-3.75,-3.5,3.75,4.0
2022,401413342,Montana State,UC Davis,2,17,-3.5,-3.5,3.5,0.0,13.5,13.5,-13.5,-13.5
2022,401415172,Portland State,Northern Arizona,2,8,-2.5,-2.5,2.5,0.0,5.5,5.5,-5.5,-5.5
2022,401415406,Colgate,Cornell,2,-3,-4.0,-4.0,4.0,0.0,-7.0,-7.0,7.0,7.0
2022,401423454,Bethune-Cookman,Alabama State,2,-15,6.25,6.5,-6.0,0.5,-8.75,-8.5,8.75,9.0
2022,401428194,Bryant,Campbell,2,6,8.75,9.0,-8.5,0.5,14.75,15.0,-14.75,-14.5
2022,401418638,Eastern Kentucky,Southern Utah,2,7,-14.5,-14.5,14.5,0.0,-7.5,-7.5,7.5,7.5
2022,401413333,Montana,Northwestern State,2,47,-33.5,-33.5,33.5,0.0,13.5,13.5,-13.5,-13.5
2022,401420873,Alcorn State,Stephen F. Austin,2,-4,14.75,15.0,-14.5,0.5,10.75,11.0,-10.75,-10.5
2022,401422978,Bucknell,Towson,2,-1,18.0,18.0,-18.0,0.0,17.0,17.0,-17.0,-17.0
2022,401413208,Wofford,The Citadel,2,15,-3.5,-3.5,3.5,0.0,11.5,11.5,-11.5,-11.5
2022,401421131,Chattanooga,VMI,2,28,-25.0,-25.0,25.0,0.0,3.0,3.0,-3.0,-3.0
2022,401423918,Prairie View A&M,Texas Southern,2,17,-11.0,-11.0,11.0,0.0,6.0,6.0,-6.0,-6.0
2022,401420844,Murray State,UT Martin,2,-29,15.5,15.5,-15.5,0.0,-13.5,-13.5,13.5,13.5
2022,401422980,Holy Cross,Bucknell,2,57,-34.0,-33.5,34.5,1.0,23.0,23.5,-23.0,-22.5
2022,401422924,Mercer,Western Carolina,2,43,-11.25,-11.0,11.5,0.5,31.75,32.0,-31.75,-31.5
2022,401423927,Prairie View A&M,Southern,2,-32,-4.5,-4.5,4.5,0.0,-36.5,-36.5,36.5,36.5
2022,401423920,Arkansas-Pine Bluff,Texas Southern,2,-7,13.0,13.0,-13.0,0.0,6.0,6.0,-6.0,-6.0
2022,401424433,New Hampshire,Stony Brook,2,10,-8.5,-8.5,8.5,0.0,1.5,1.5,-1.5,-1.5
2022,401425453,Southeast Missouri State,Tennessee Tech,2,14,-17.0,-17.0,17.0,0.0,-3.0,-3.0,3.0,3.0
2022,401428201,Robert Morris,Gardner-Webb,2,-48,16.5,16.5,-16.5,0.0,-31.5,-31.5,31.5,31.5
2022,401423421,Sacred Heart,Saint Francis,2,-30,6.0,6.0,-6.0,0.0,-24.0,-24.0,24.0,24.0
2022,401423436,Central Connecticut,Wagner,2,27,-8.75,-8.5,9.0,0.5,18.25,18.5,-18.25,-18.0
2022,401422983,Bucknell,Colgate,2,-6,7.5,7.5,-7.5,0.0,1.5,1.5,-1.5,-1.5
2022,401423950,Jackson State,Southern,2,35,-17.75,-17.5,18.0,0.5,17.25,17.5,-17.25,-17.0
2022,401421135,Chattanooga,Samford,2,-11,-4.5,-4.5,4.5,0.0,-15.5,-15.5,15.5,15.5
2022,401426572,UTSA,Texas Southern,2,28,-42.0,-42.0,42.0,0.0,-14.0,-14.0,14.0,14.0
2022,401415221,Colorado State,Sacramento State,2,-31,4.5,4.5,-4.5,0.0,-26.5,-26.5,26.5,26.5
2022,401403908,South Carolina,South Carolina State,2,40,-40.5,-40.5,40.5,0.0,-0.5,-0.5,0.5,0.5
2022,401423928,Southern,Alcorn State,2,4,-8.0,-8.0,8.0,0.0,-4.0,-4.0,4.0,4.0
2022,401462226,Incarnate Word,Houston Christian,2,53,-38.75,-38.5,39.0,0.5,14.25,14.5,-14.25,-14.0
2022,401462228,Lamar,SE Louisiana,2,-16,24.5,24.5,-24.5,0.0,8.5,8.5,-8.5,-8.5
2022,401462519,Tarleton State,Abilene Christian,2,-5,4.0,4.0,-4.0,0.0,-1.0,-1.0,1.0,1.0
2022,401424436,Fordham,Stony Brook,2,31,-15.5,-15.5,15.5,0.0,15.5,15.5,-15.5,-15.5
2022,401424939,Bethune-Cookman,Jackson State,2,-40,28.5,28.5,-28.5,0.0,-11.5,-11.5,11.5,11.5
2022,401413234,Cal Poly,Portland State,2,7,10.5,10.5,-10.5,0.0,17.5,17.5,-17.5,-17.5
2022,401413212,Furman,Wofford,2,35,-18.25,-17.0,19.5,2.5,16.75,18.0,-16.75,-15.5
2022,401413223,Central Arkansas,Jacksonville State,2,-23,3.5,3.5,-3.5,0.0,-19.5,-19.5,19.5,19.5
2022,401403946,Alabama,Austin Peay,2,34,-44.75,-44.5,45.0,0.5,-10.75,-10.5,10.75,11.0
2022,401403951,Mississippi State,East Tennessee State,2,49,-39.0,-39.0,39.0,0.0,10.0,10.0,-10.0,-10.0
2022,401415185,Sacramento State,UC Davis,2,6,-8.25,-8.0,8.5,0.5,-2.25,-2.0,2.25,2.5
2022,401420827,Youngstown State,Southern Illinois,2,7,3.0,3.0,-3.0,0.0,10.0,10.0,-10.0,-10.0
2022,401421102,Morehead State,San Diego,2,-5,14.25,14.5,-14.0,0.5,9.25,9.5,-9.25,-9.0
2022,401415662,Memphis,North Alabama,2,59,-36.0,-36.0,36.0,0.0,23.0,23.0,-23.0,-23.0
2022,401413243,Eastern Washington,Northern Colorado,2,24,-10.5,-10.5,10.5,0.0,13.5,13.5,-13.5,-13.5
2022,401421145,VMI,The Citadel,2,-4,3.5,3.5,-3.5,0.0,-0.5,-0.5,0.5,0.5
2022,401404057,Iowa State,Southeast Missouri State,2,32,-33.5,-33.5,33.5,0.0,-1.5,-1.5,1.5,1.5
2022,401413206,Wofford,Mercer,2,-35,15.25,15.5,-15.0,0.5,-19.75,-19.5,19.75,20.0
2022,401418633,Central Arkansas,Austin Peay,2,29,6.5,6.5,-6.5,0.0,35.5,35.5,-35.5,-35.5
2022,401421123,SE Louisiana,Murray State,2,34,-24.5,-24.5,24.5,0.0,9.5,9.5,-9.5,-9.5
2022,401428383,Delaware State,Robert Morris,2,5,3.0,3.0,-3.0,0.0,8.0,8.0,-8.0,-8.0
2022,401435076,Merrimack,Long Island University,2,1,-13.0,-13.0,13.0,0.0,-12.0,-12.0,12.0,12.0
2022,401462532,Nicholls,SE Louisiana,2,-23,13.5,13.5,-13.5,0.0,-9.5,-9.5,9.5,9.5
2022,401424451,Villanova,Delaware,2,3,7.75,8.0,-7.5,0.5,10.75,11.0,-10.75,-10.5
2022,401424935,Alcorn State,Jackson State,2,-11,19.5,19.5,-19.5,0.0,8.5,8.5,-8.5,-8.5
2022,401425417,Georgetown,Holy Cross,2,-37,28.0,28.0,-28.0,0.0,-9.0,-9.0,9.0,9.0
2022,401423444,Alabama State,Alabama A&M,2,7,2.5,2.5,-2.5,0.0,9.5,9.5,-9.5,-9.5
2022,401425427,Central Connecticut,Duquesne,2,-24,5.0,5.5,-4.5,1.0,-19.0,-18.5,19.0,19.5
2022,401505434,Montana,Southeast Missouri State,2,10,-13.0,-13.0,13.0,0.0,-3.0,-3.0,3.0,3.0
2022,401505436,Furman,Elon,2,25,-4.5,-4.5,4.5,0.0,20.5,20.5,-20.5,-20.5
2022,401505430,Delaware,Saint Francis,2,39,-7.0,-7.0,7.0,0.0,32.0,32.0,-32.0,-32.0
2022,401423953,Southern,Grambling,2,17,-10.0,-10.0,10.0,0.0,7.0,7.0,-7.0,-7.0
2022,401505437,Richmond,Davidson,2,41,-22.0,-22.0,22.0,0.0,19.0,19.0,-19.0,-19.0
2022,401505431,New Hampshire,Fordham,2,10,0.5,1.0,0.0,1.0,10.5,11.0,-10.5,-10.0
2022,401505435,SE Louisiana,Idaho,2,3,4.0,4.0,-4.0,0.0,7.0,7.0,-7.0,-7.0
2022,401428193,North Carolina A&T,Campbell,2,7,3.0,3.0,-3.0,0.0,10.0,10.0,-10.0,-10.0
2022,401415177,Wyoming,Northern Colorado,2,23,-23.5,-23.5,23.5,0.0,-0.5,-0.5,0.5,0.5
2022,401505432,Eastern Kentucky,Gardner-Webb,2,-11,-3.5,-3.5,3.5,0.0,-14.5,-14.5,14.5,14.5
2022,401416595,Bowling Green,Eastern Kentucky,2,-2,-7.5,-7.5,7.5,0.0,-9.5,-9.5,9.5,9.5
2022,401418814,Northwestern State,Southeast Missouri State,2,-35,16.5,16.5,-16.5,0.0,-18.5,-18.5,18.5,18.5
2022,401413209,Wofford,East Tennessee State,2,7,7.5,7.5,-7.5,0.0,14.5,14.5,-14.5,-14.5
2022,401405081,Rutgers,Wagner,2,59,-48.5,-48.5,48.5,0.0,10.5,10.5,-10.5,-10.5
2022,401422982,Lehigh,Bucknell,2,-2,-9.25,-8.5,10.0,1.5,-11.25,-10.5,11.25,12.0
2022,401423435,Wagner,Long Island University,2,11,3.25,3.5,-3.0,0.5,14.25,14.5,-14.25,-14.0
2022,401423916,Pennsylvania,Yale,2,7,-4.75,-4.5,5.0,0.5,2.25,2.5,-2.25,-2.0
2022,401424438,Hampton,Richmond,2,-31,20.0,20.0,-20.0,0.0,-11.0,-11.0,11.0,11.0
2022,401420825,Western Illinois,Youngstown State,2,-1,11.75,12.5,-11.0,1.5,10.75,11.5,-10.75,-10.0
2022,401420830,South Dakota,Southern Illinois,2,3,3.75,4.0,-3.5,0.5,6.75,7.0,-6.75,-6.5
2022,401420866,Lamar,Prairie View A&M,2,-33,10.0,10.0,-10.0,0.0,-23.0,-23.0,23.0,23.0
2022,401421107,Morehead State,Valparaiso,2,-5,3.5,4.0,-3.0,1.0,-1.5,-1.0,1.5,2.0
2022,401413226,South Dakota,Cal Poly,2,17,-18.0,-18.0,18.0,0.0,-1.0,-1.0,1.0,1.0
2022,401420847,Prairie View A&M,Incarnate Word,2,-17,19.0,19.0,-19.0,0.0,2.0,2.0,-2.0,-2.0
2022,401424394,Elon,Gardner-Webb,2,6,-13.5,-13.5,13.5,0.0,-7.5,-7.5,7.5,7.5
2022,401420832,South Dakota State,Butler,2,28,-51.5,-51.5,51.5,0.0,-23.5,-23.5,23.5,23.5
2022,401413246,Idaho,Drake,2,28,-31.0,-31.0,31.0,0.0,-3.0,-3.0,3.0,3.0
2022,401418631,Alabama A&M,Austin Peay,2,-25,19.5,20.0,-19.0,1.0,-5.5,-5.0,5.5,6.0
2022,401418635,North Alabama,Austin Peay,2,-3,13.0,13.5,-12.5,1.0,10.0,10.5,-10.0,-9.5
2022,401418807,McNeese,Eastern Illinois,2,14,-4.75,-4.5,5.0,0.5,9.25,9.5,-9.25,-9.0
2022,401423951,Florida A&M,Southern,2,14,-3.5,-3.5,3.5,0.0,10.5,10.5,-10.5,-10.5
2022,401413252,Idaho,UC Davis,2,-18,-2.75,-2.5,3.0,0.5,-20.75,-20.5,20.75,21.0
2022,401415194,Brown,Columbia,2,-7,4.0,4.0,-4.0,0.0,-3.0,-3.0,3.0,3.0
2022,401418841,South Dakota State,Indiana State,2,42,-26.5,-26.5,26.5,0.0,15.5,15.5,-15.5,-15.5
2022,401420879,Southern Utah,Tarleton State,2,-2,-2.5,-2.5,2.5,0.0,-4.5,-4.5,4.5,4.5
2022,401420791,Sacred Heart,Norfolk State,2,17,-13.75,-13.5,14.0,0.5,3.25,3.5,-3.25,-3.0
2022,401420801,Campbell,North Carolina Central,2,30,-4.75,-4.0,5.5,1.5,25.25,26.0,-25.25,-24.5
2022,401422993,Colgate,Lafayette,2,-5,-4.5,-4.5,4.5,0.0,-9.5,-9.5,9.5,9.5
2022,401423002,Holy Cross,Lehigh,2,28,-29.5,-29.0,30.0,1.0,-1.5,-1.0,1.5,2.0
2022,401423153,Drake,Marist,2,-5,-7.0,-7.0,7.0,0.0,-12.0,-12.0,12.0,12.0
2022,401423160,Morehead State,Marist,2,-10,3.0,3.0,-3.0,0.0,-7.0,-7.0,7.0,7.0
2022,401423422,Duquesne,Sacred Heart,2,7,-2.25,-2.0,2.5,0.5,4.75,5.0,-4.75,-4.5
2022,401420793,Norfolk State,Howard,2,-28,7.0,7.0,-7.0,0.0,-21.0,-21.0,21.0,21.0
2022,401415200,Pennsylvania,Columbia,2,20,-7.0,-7.0,7.0,0.0,13.0,13.0,-13.0,-13.0
2022,401413221,Austin Peay,Jacksonville State,2,-24,-4.5,-4.5,4.5,0.0,-28.5,-28.5,28.5,28.5
2022,401418789,North Dakota,Abilene Christian,2,3,-11.5,-11.5,11.5,0.0,-8.5,-8.5,8.5,8.5
2022,401420870,Sam Houston,Stephen F. Austin,2,1,-6.25,-6.0,6.5,0.5,-5.25,-5.0,5.25,5.5
2022,401413232,Montana,Cal Poly,2,57,-31.0,-30.5,31.5,1.0,26.0,26.5,-26.0,-25.5
2022,401413263,UC Davis,Idaho State,2,40,-28.0,-28.0,28.0,0.0,12.0,12.0,-12.0,-12.0
2022,401413345,Northern Arizona,Montana State,2,-3,16.0,16.0,-16.0,0.0,13.0,13.0,-13.0,-13.0
2022,401415181,Portland State,Northern Colorado,2,14,-13.0,-13.0,13.0,0.0,1.0,1.0,-1.0,-1.0
2022,401425429,Central Connecticut,Merrimack,2,-6,8.0,8.0,-8.0,0.0,2.0,2.0,-2.0,-2.0
2022,401425458,Portland State,Sacramento State,2,-28,21.0,21.0,-21.0,0.0,-7.0,-7.0,7.0,7.0
2022,401421140,App State,The Citadel,2,49,-39.5,-39.0,40.0,1.0,9.5,10.0,-9.5,-9.0
2022,401426339,Marshall,Gardner-Webb,2,21,-31.0,-31.0,31.0,0.0,-10.0,-10.0,10.0,10.0
2022,401428477,Lindenwood,Murray State,2,15,-10.5,-10.0,11.0,1.0,4.5,5.0,-4.5,-4.0
2022,401415410,Cornell,Pennsylvania,2,-7,10.5,10.5,-10.5,0.0,3.5,3.5,-3.5,-3.5
2022,401416596,Buffalo,Holy Cross,2,-6,-6.0,-6.0,6.0,0.0,-12.0,-12.0,12.0,12.0
2022,401426332,Coastal Carolina,Gardner-Webb,2,4,-32.5,-32.5,32.5,0.0,-28.5,-28.5,28.5,28.5
2023,401523990,Colorado State,Washington State,4,-26,10.375,12.5,-8.5,4.0,-15.625,-13.5,15.625,17.5
2023,401531926,Louisiana,UL Monroe,3,31,-12.833333333333334,-12.5,13.5,1.0,18.166666666666664,18.5,-18.166666666666664,-17.5
2023,401531917,Georgia Southern,Old Dominion,3,-3,-5.666666666666667,-4.5,7.0,2.5,-8.666666666666668,-7.5,8.666666666666668,10.0
2023,401525549,North Carolina,Duke,3,2,-10.0,-9.5,10.5,1.0,-8.0,-7.5,8.0,8.5
2023,401525905,Oklahoma State,BYU,3,6,-16.5,-15.5,17.5,2.0,-10.5,-9.5,10.5,11.5
2023,401532625,Boise State,Air Force,3,8,-6.5,-6.5,6.5,0.0,1.5,1.5,-1.5,-1.5
2023,401520361,Air Force,Army,3,-20,-18.0,-17.5,18.5,1.0,-38.0,-37.5,38.0,38.5
2023,401532441,Miami (OH),Akron,3,19,-17.166666666666668,-17.0,17.5,0.5,1.8333333333333321,2.0,-1.8333333333333321,-1.5
2023,401532454,Ball State,Miami (OH),3,-2,4.666666666666667,6.5,-3.5,3.0,2.666666666666667,4.5,-2.666666666666667,-1.5
2023,401532442,Kent State,Bowling Green,3,-30,10.0,11.0,-8.5,2.5,-20.0,-19.0,20.0,21.5
2023,401532440,Toledo,Eastern Michigan,3,26,-19.333333333333332,-18.5,20.0,1.5,6.666666666666668,7.5,-6.666666666666668,-6.0
2023,401531410,South Florida,Charlotte,3,34,-6.666666666666667,-5.5,7.5,2.0,27.333333333333332,28.5,-27.333333333333332,-26.5
2023,401532437,Northern Illinois,Ball State,3,-3,-9.333333333333334,-8.0,10.5,2.5,-12.333333333333334,-11.0,12.333333333333334,13.5
2023,401525904,Kansas State,Iowa State,3,-7,-10.166666666666666,-9.5,11.5,2.0,-17.166666666666664,-16.5,17.166666666666664,18.5
2023,401520426,Arkansas,Missouri,3,-34,8.833333333333334,10.0,-7.0,3.0,-25.166666666666664,-24.0,25.166666666666664,27.0
2023,401532620,Wyoming,Hawai'i,3,33,-13.666666666666666,-13.0,14.5,1.5,19.333333333333336,20.0,-19.333333333333336,-18.5
2023,401520444,UTEP,Liberty,3,-14,17.5,18.0,-17.0,1.0,3.5,4.0,-3.5,-3.0
2023,401531918,James Madison,App State,2,-3,-10.75,-10.0,11.5,1.5,-13.75,-13.0,13.75,14.5
2023,401532438,Western Michigan,Central Michigan,3,10,-3.3333333333333335,-3.0,3.5,0.5,6.666666666666666,7.0,-6.666666666666666,-6.5
2023,401532439,Buffalo,Ohio,3,-10,8.666666666666666,9.5,-7.0,2.5,-1.333333333333334,-0.5,1.333333333333334,3.0
2023,401520425,Nebraska,Iowa,3,-3,-1.6666666666666667,1.0,3.0,4.0,-4.666666666666667,-2.0,4.666666666666667,6.0
2023,401531928,Texas State,South Alabama,3,8,5.666666666666667,6.5,-5.0,1.5,13.666666666666668,14.5,-13.666666666666668,-13.0
2023,401525898,Texas Tech,UCF,2,1,-2.5,-2.0,3.0,1.0,-1.5,-1.0,1.5,2.0
2023,401525561,Duke,Pittsburgh,3,11,-5.166666666666667,-4.5,6.5,2.0,5.833333333333333,6.5,-5.833333333333333,-4.5
2023,401531911,Louisiana,Southern Miss,3,-3,-9.333333333333334,-7.5,12.0,4.5,-12.333333333333334,-10.5,12.333333333333334,15.0
2023,401525546,Louisville,Virginia,3,7,-20.0,-19.5,20.5,1.0,-13.0,-12.5,13.0,13.5
2023,401531394,Temple,Memphis,3,-24,12.666666666666666,13.5,-11.0,2.5,-11.333333333333334,-10.5,11.333333333333334,13.0
2023,401531401,UTSA,South Florida,3,28,-14.833333333333334,-14.5,15.5,1.0,13.166666666666666,13.5,-13.166666666666666,-12.5
2023,401531437,SMU,North Texas,3,24,-19.166666666666668,-15.5,21.5,6.0,4.833333333333332,8.5,-4.833333333333332,-2.5
2023,401531346,East Carolina,Tulsa,3,-2,-3.5,-3.0,4.5,1.5,-5.5,-5.0,5.5,6.5
2023,401520386,Kentucky,Alabama,3,-28,10.666666666666666,11.5,-10.0,1.5,-17.333333333333336,-16.5,17.333333333333336,18.0
2023,401532618,UNLV,Wyoming,3,20,-2.6666666666666665,-2.5,3.0,0.5,17.333333333333332,17.5,-17.333333333333332,-17.0
2023,401525557,Georgia Tech,Syracuse,3,9,-6.166666666666667,-6.0,6.5,0.5,2.833333333333333,3.0,-2.833333333333333,-2.5
2023,401520442,Tennessee,Vanderbilt,3,24,-26.666666666666668,-25.5,27.5,2.0,-2.666666666666668,-1.5,2.666666666666668,3.5
2023,401520404,Auburn,New Mexico State,3,-21,-24.166666666666668,-22.0,25.5,3.5,-45.16666666666667,-43.0,45.16666666666667,46.5
2023,401531416,Florida Atlantic,East Carolina,3,-15,-8.166666666666666,-7.5,9.5,2.0,-23.166666666666664,-22.5,23.166666666666664,24.5
2023,401524066,UCLA,California,3,-26,-9.666666666666666,-9.5,10.0,0.5,-35.666666666666664,-35.5,35.666666666666664,36.0
2023,401531408,Charlotte,Memphis,3,-6,10.166666666666666,11.0,-9.5,1.5,4.166666666666666,5.0,-4.166666666666666,-3.5
2023,401525551,Wake Forest,NC State,3,-20,1.3333333333333333,2.5,0.5,3.0,-18.666666666666668,-17.5,18.666666666666668,20.5
2023,401525901,Texas,Texas Tech,3,50,-15.333333333333334,-13.5,16.5,3.0,34.666666666666664,36.5,-34.666666666666664,-33.5
2023,401520395,Purdue,Minnesota,3,19,1.1666666666666667,2.0,0.0,2.0,20.166666666666668,21.0,-20.166666666666668,-19.0
2023,401525892,UCF,Oklahoma State,3,42,2.3333333333333335,2.5,-2.0,0.5,44.333333333333336,44.5,-44.333333333333336,-44.0
2023,401531912,Coastal Carolina,Texas State,2,8,2.75,3.0,-2.5,0.5,10.75,11.0,-10.75,-10.5
2023,401520440,Sam Houston,Middle Tennessee,3,3,3.6666666666666665,4.0,-3.5,0.5,6.666666666666666,7.0,-6.666666666666666,-6.5
2023,401525548,Clemson,Georgia Tech,3,21,-15.833333333333334,-14.5,17.5,3.0,5.166666666666666,6.5,-5.166666666666666,-3.5
2023,401531393,South Florida,Temple,3,4,-7.333333333333333,-7.0,7.5,0.5,-3.333333333333333,-3.0,3.333333333333333,3.5
2023,401525547,Boston College,Virginia Tech,3,-26,0.8333333333333334,2.5,2.5,5.0,-25.166666666666668,-23.5,25.166666666666668,28.5
2023,401520396,South Carolina,Vanderbilt,3,41,-13.5,-13.0,14.0,1.0,27.5,28.0,-27.5,-27.0
2023,401520385,James Madison,UConn,3,38,-25.5,-24.5,27.0,2.5,12.5,13.5,-12.5,-11.0
2023,401532623,San José State,San Diego State,3,11,-15.666666666666666,-14.0,16.5,2.5,-4.666666666666666,-3.0,4.666666666666666,5.5
2023,401525888,Kansas,Texas Tech,3,-3,-3.5,-3.5,3.5,0.0,-6.5,-6.5,6.5,6.5
2023,401525560,Boston College,Miami,3,-25,10.833333333333334,13.5,-9.0,4.5,-14.166666666666666,-11.5,14.166666666666666,16.0
2023,401520388,Liberty,Old Dominion,3,28,-13.5,-13.0,14.0,1.0,14.5,15.0,-14.5,-14.0
2023,401524052,Colorado,Arizona,3,-3,7.333333333333333,8.0,-6.0,2.0,4.333333333333333,5.0,-4.333333333333333,-3.0
2023,401520398,Wisconsin,Northwestern,3,-14,-11.166666666666666,-9.5,12.0,2.5,-25.166666666666664,-23.5,25.166666666666664,26.0
2023,401532629,New Mexico,Utah State,3,-3,5.833333333333333,8.5,-4.5,4.0,2.833333333333333,5.5,-2.833333333333333,-1.5
2023,401532615,Utah State,Nevada,3,17,-14.833333333333334,-14.5,15.5,1.0,2.166666666666666,2.5,-2.166666666666666,-1.5
2023,401520384,Iowa,Rutgers,3,22,-0.3333333333333333,2.5,2.5,5.0,21.666666666666668,24.5,-21.666666666666668,-19.5
2023,401524051,California,Washington State,3,3,-1.6666666666666667,-1.5,2.0,0.5,1.3333333333333333,1.5,-1.3333333333333333,-1.0
2023,401532616,Boise State,New Mexico,3,28,-27.166666666666668,-26.5,27.5,1.0,0.8333333333333321,1.5,-0.8333333333333321,-0.5
2023,401525886,BYU,Iowa State,3,-32,7.333333333333333,7.5,-7.0,0.5,-24.666666666666668,-24.5,24.666666666666668,25.0
2023,401531913,Georgia State,App State,3,-28,-2.5,-2.0,3.0,1.0,-30.5,-30.0,30.5,31.0
2023,401524065,Stanford,Notre Dame,3,-33,25.666666666666668,26.5,-24.5,2.0,-7.333333333333332,-6.5,7.333333333333332,8.5
2023,401525906,UCF,Houston,3,14,-14.833333333333334,-13.5,15.5,2.0,-0.8333333333333339,0.5,0.8333333333333339,1.5
2023,401532449,Buffalo,Eastern Michigan,3,-13,-6.166666666666667,-5.5,6.5,1.0,-19.166666666666668,-18.5,19.166666666666668,19.5
2023,401531915,UL Monroe,Troy,3,-31,21.666666666666668,23.5,-20.0,3.5,-9.333333333333332,-7.5,9.333333333333332,11.0
2023,401520391,Missouri,Tennessee,3,29,1.8333333333333333,2.5,-1.0,1.5,30.833333333333332,31.5,-30.833333333333332,-30.0
2023,401525889,Kansas State,Baylor,3,34,-20.166666666666668,-19.0,21.0,2.0,13.833333333333332,15.0,-13.833333333333332,-13.0
2023,401520387,Louisiana Tech,Sam Houston,3,-15,-8.333333333333334,-8.0,8.5,0.5,-23.333333333333336,-23.0,23.333333333333336,23.5
2023,401520380,Arkansas,Auburn,3,-38,-2.5,-2.0,3.0,1.0,-40.5,-40.0,40.5,41.0
2023,401524054,Oregon State,Stanford,3,45,-21.0,-20.0,21.5,1.5,24.0,25.0,-24.0,-23.5
2023,401531914,Marshall,Georgia Southern,3,5,1.5,1.5,-1.5,0.0,6.5,6.5,-6.5,-6.5
2023,401525890,Oklahoma,West Virginia,3,39,-12.833333333333334,-12.0,13.5,1.5,26.166666666666664,27.0,-26.166666666666664,-25.5
2023,401524055,UCLA,Arizona State,3,-10,-14.666666666666666,-14.0,16.0,2.0,-24.666666666666664,-24.0,24.666666666666664,26.0
2023,401532453,Kent State,Northern Illinois,3,-10,19.833333333333332,20.5,-18.5,2.0,9.833333333333332,10.5,-9.833333333333332,-8.5
2023,401520432,Louisville,Kentucky,3,-7,-7.333333333333333,-7.0,7.5,0.5,-14.333333333333332,-14.0,14.333333333333332,14.5
2023,401520383,Illinois,Indiana,3,3,-4.833333333333333,-4.5,5.5,1.0,-1.833333333333333,-1.5,1.833333333333333,2.5
2023,401531400,UTSA,Rice,3,20,-13.333333333333334,-13.0,13.5,0.5,6.666666666666666,7.0,-6.666666666666666,-6.5
2023,401525903,Cincinnati,Kansas,3,-33,7.0,7.5,-6.0,1.5,-26.0,-25.5,26.0,27.0
2023,401520392,Nebraska,Maryland,3,-3,1.3333333333333333,1.5,-1.0,0.5,-1.6666666666666667,-1.5,1.6666666666666667,2.0
2023,401531344,Tulane,Tulsa,3,2,-24.0,-22.5,25.0,2.5,-22.0,-20.5,22.0,23.0
2023,401520390,Middle Tennessee,Florida International,3,34,-10.833333333333334,-10.5,11.5,1.0,23.166666666666664,23.5,-23.166666666666664,-22.5
2023,401520399,Western Kentucky,New Mexico State,3,-9,-5.0,-4.5,5.5,1.0,-14.0,-13.5,14.0,14.5
2023,401525552,Syracuse,Pittsburgh,3,15,2.8333333333333335,4.5,-1.0,3.5,17.833333333333332,19.5,-17.833333333333332,-16.0
2023,401531384,Navy,UAB,3,25,3.6666666666666665,4.5,-3.0,1.5,28.666666666666668,29.5,-28.666666666666668,-28.0
2023,401531916,South Alabama,Arkansas State,3,7,-13.833333333333334,-12.0,15.0,3.0,-6.833333333333334,-5.0,6.833333333333334,8.0
2023,401525887,Houston,Cincinnati,3,-10,-3.0,-2.5,3.5,1.0,-13.0,-12.5,13.0,13.5
2023,401532617,Colorado State,San Diego State,3,3,-3.8333333333333335,-3.5,4.5,1.0,-0.8333333333333335,-0.5,0.8333333333333335,1.5
2023,401520397,Texas A&M,Mississippi State,3,41,-17.166666666666668,-16.5,18.5,2.0,23.833333333333332,24.5,-23.833333333333332,-22.5
2023,401532614,San José State,Fresno State,3,24,-1.3333333333333333,1.0,2.5,3.5,22.666666666666668,25.0,-22.666666666666668,-21.5
2023,401532613,Hawai'i,Air Force,3,14,21.0,22.5,-20.0,2.5,35.0,36.5,-35.0,-34.0
2023,401520362,Alabama,LSU,3,14,-3.1666666666666665,-3.0,3.5,0.5,10.833333333333334,11.0,-10.833333333333334,-10.5
2023,401520363,Florida,Arkansas,3,-3,-3.6666666666666665,-3.0,4.5,1.5,-6.666666666666666,-6.0,6.666666666666666,7.5
2023,401520364,Georgia,Missouri,3,9,-14.666666666666666,-14.5,15.0,0.5,-5.666666666666666,-5.5,5.666666666666666,6.0
2023,401520365,Indiana,Wisconsin,3,6,8.833333333333334,9.5,-7.5,2.0,14.833333333333334,15.5,-14.833333333333334,-13.5
2023,401520366,Liberty,Louisiana Tech,3,26,-15.0,-14.0,16.5,2.5,11.0,12.0,-11.0,-9.5
2023,401520367,Maryland,Penn State,3,-36,8.166666666666666,8.5,-7.5,1.0,-27.833333333333336,-27.5,27.833333333333336,28.5
2023,401520368,Michigan,Purdue,3,28,-32.0,-31.0,32.5,1.5,-4.0,-3.0,4.0,4.5
2023,401520369,Michigan State,Nebraska,3,3,3.1666666666666665,3.5,-3.0,0.5,6.166666666666666,6.5,-6.166666666666666,-6.0
2023,401520370,Minnesota,Illinois,3,-1,-2.0,-1.5,2.5,1.0,-3.0,-2.5,3.0,3.5
2023,401520371,Mississippi State,Kentucky,3,-21,5.333333333333333,5.5,-5.0,0.5,-15.666666666666668,-15.5,15.666666666666668,16.0
2023,401520372,New Mexico State,Middle Tennessee,3,6,-3.3333333333333335,-3.0,3.5,0.5,2.6666666666666665,3.0,-2.6666666666666665,-2.5
2023,401520373,Northwestern,Iowa,3,-3,5.0,5.5,-4.5,1.0,2.0,2.5,-2.0,-1.5
2023,401520374,Ole Miss,Texas A&M,3,3,-3.1666666666666665,-3.0,3.5,0.5,-0.16666666666666652,0.0,0.16666666666666652,0.5
2023,401520375,Rutgers,Ohio State,3,-19,18.833333333333332,19.0,-18.5,0.5,-0.16666666666666785,0.0,0.16666666666666785,0.5
2023,401520376,South Carolina,Jacksonville State,3,10,-15.166666666666666,-14.5,15.5,1.0,-5.166666666666666,-4.5,5.166666666666666,5.5
2023,401520377,Tennessee,UConn,3,56,-35.5,-35.0,36.0,1.0,20.5,21.0,-20.5,-20.0
2023,401520378,UTEP,Western Kentucky,3,-8,9.666666666666666,10.0,-9.5,0.5,1.666666666666666,2.0,-1.666666666666666,-1.5
2023,401524045,Arizona,UCLA,3,17,2.5,2.5,-2.5,0.0,19.5,19.5,-19.5,-19.5
2023,401524046,Colorado,Oregon State,3,-7,13.333333333333334,13.5,-13.0,0.5,6.333333333333334,6.5,-6.333333333333334,-6.0
2023,401524047,Oregon,California,3,44,-25.5,-24.5,26.5,2.0,18.5,19.5,-18.5,-17.5
2023,401524048,USC,Washington,3,-10,3.1666666666666665,3.5,-3.0,0.5,-6.833333333333334,-6.5,6.833333333333334,7.0
2023,401524049,Utah,Arizona State,3,52,-10.333333333333334,-9.5,11.0,1.5,41.666666666666664,42.5,-41.666666666666664,-41.0
2023,401524050,Washington State,Stanford,3,-3,-13.5,-13.0,14.0,1.0,-16.5,-16.0,16.5,17.0
2023,401525441,Clemson,Notre Dame,3,8,2.8333333333333335,3.0,-2.5,0.5,10.833333333333334,11.0,-10.833333333333334,-10.5
2023,401525539,Duke,Wake Forest,3,3,-6.666666666666667,-6.5,7.0,0.5,-3.666666666666667,-3.5,3.666666666666667,4.0
2023,401525540,Syracuse,Boston College,3,-7,-0.8333333333333334,1.0,3.0,4.0,-7.833333333333333,-6.0,7.833333333333333,10.0
2023,401525541,Pittsburgh,Florida State,3,-17,21.166666666666668,21.5,-20.5,1.0,4.166666666666668,4.5,-4.166666666666668,-3.5
2023,401525542,Virginia,Georgia Tech,3,-28,-1.5,-1.0,2.0,1.0,-29.5,-29.0,29.5,30.0
2023,401525544,NC State,Miami,3,14,6.0,6.5,-5.5,1.0,20.0,20.5,-20.0,-19.5
2023,401525879,Texas Tech,TCU,3,7,-2.5,-2.5,2.5,0.0,4.5,4.5,-4.5,-4.5
2023,401525880,Baylor,Houston,3,-1,-2.6666666666666665,-2.5,3.0,0.5,-3.6666666666666665,-3.5,3.6666666666666665,4.0
2023,401525881,Cincinnati,UCF,3,-2,3.5,3.5,-3.5,0.0,1.5,1.5,-1.5,-1.5
2023,401525882,Iowa State,Kansas,3,-7,-2.5,-2.5,2.5,0.0,-9.5,-9.5,9.5,9.5
2023,401525883,Oklahoma State,Oklahoma,3,3,6.166666666666667,7.5,-5.0,2.5,9.166666666666668,10.5,-9.166666666666668,-8.0
2023,401525885,West Virginia,BYU,3,30,-12.666666666666666,-12.5,13.0,0.5,17.333333333333336,17.5,-17.333333333333336,-17.0
2023,401531343,Tulsa,Charlotte,3,-7,-4.333333333333333,-4.0,4.5,0.5,-11.333333333333332,-11.0,11.333333333333332,11.5
2023,401531374,East Carolina,Tulane,3,-3,16.833333333333332,17.0,-16.5,0.5,13.833333333333332,14.0,-13.833333333333332,-13.5
2023,401531383,UAB,Florida Atlantic,3,3,0.8333333333333334,2.5,1.0,3.5,3.8333333333333335,5.5,-3.8333333333333335,-2.0
2023,401531392,Temple,Navy,3,14,7.166666666666667,7.5,-7.0,0.5,21.166666666666668,21.5,-21.166666666666668,-21.0
2023,401531399,North Texas,UTSA,3,-8,7.5,7.5,-7.5,0.0,-0.5,-0.5,0.5,0.5
2023,401531425,Memphis,South Florida,3,9,-13.5,-13.5,13.5,0.0,-4.5,-4.5,4.5,4.5
2023,401531440,Rice,SMU,3,-5,12.5,13.0,-12.0,1.0,7.5,8.0,-7.5,-7.0
2023,401531904,Troy,South Alabama,3,18,-6.333333333333333,-5.5,7.0,1.5,11.666666666666668,12.5,-11.666666666666668,-11.0
2023,401531905,App State,Marshall,3,22,-3.0,-2.5,3.5,1.0,19.0,19.5,-19.0,-18.5
2023,401531906,Georgia State,James Madison,3,-28,6.166666666666667,6.5,-6.0,0.5,-21.833333333333332,-21.5,21.833333333333332,22.0
2023,401531907,Old Dominion,Coastal Carolina,3,-4,-0.16666666666666666,1.0,1.0,2.0,-4.166666666666667,-3.0,4.166666666666667,5.0
2023,401531908,Arkansas State,Louisiana,3,20,7.5,9.0,-6.5,2.5,27.5,29.0,-27.5,-26.5
2023,401531909,Southern Miss,UL Monroe,3,17,-2.8333333333333335,-2.5,3.0,0.5,14.166666666666666,14.5,-14.166666666666666,-14.0
2023,401532434,Toledo,Buffalo,3,18,-14.666666666666666,-14.0,15.5,1.5,3.333333333333334,4.0,-3.333333333333334,-2.5
2023,401532435,Bowling Green,Ball State,3,3,-5.166666666666667,-4.5,6.5,2.0,-2.166666666666667,-1.5,2.166666666666667,3.5
2023,401532436,Akron,Kent State,3,4,-3.6666666666666665,-3.5,4.0,0.5,0.3333333333333335,0.5,-0.3333333333333335,0.0
2023,401532608,Fresno State,Boise State,3,7,-2.6666666666666665,-2.5,3.0,0.5,4.333333333333334,4.5,-4.333333333333334,-4.0
2023,401532609,Wyoming,Colorado State,3,9,-5.833333333333333,-5.5,6.0,0.5,3.166666666666667,3.5,-3.166666666666667,-3.0
2023,401532610,Nevada,Hawai'i,3,-13,-3.3333333333333335,-3.0,3.5,0.5,-16.333333333333332,-16.0,16.333333333333332,16.5
2023,401532611,New Mexico,UNLV,3,-42,13.166666666666666,15.0,-10.0,5.0,-28.833333333333336,-27.0,28.833333333333336,32.0
2023,401520428,Florida International,Western Kentucky,3,-13,11.0,11.5,-10.0,1.5,-2.0,-1.5,2.0,3.0
2023,401539483,Alabama,Georgia,3,3,5.166666666666667,5.5,-5.0,0.5,8.166666666666668,8.5,-8.166666666666668,-8.0
2023,401539478,Florida State,Louisville,3,10,-0.16666666666666666,1.5,3.5,5.0,9.833333333333334,11.5,-9.833333333333334,-6.5
2023,401539476,Liberty,New Mexico State,3,14,-10.166666666666666,-9.5,10.5,1.0,3.833333333333334,4.5,-3.833333333333334,-3.5
2023,401539481,Toledo,Miami (OH),3,-9,-7.333333333333333,-6.5,8.5,2.0,-16.333333333333332,-15.5,16.333333333333332,17.5
2023,401525529,Miami,Clemson,3,8,5.166666666666667,6.5,-3.0,3.5,13.166666666666668,14.5,-13.166666666666668,-11.0
2023,401525530,Florida State,Duke,3,18,-14.166666666666666,-14.0,14.5,0.5,3.833333333333334,4.0,-3.833333333333334,-3.5
2023,401520333,Alabama,Tennessee,3,14,-8.833333333333334,-8.5,9.5,1.0,5.166666666666666,5.5,-5.166666666666666,-4.5
2023,401520334,Arkansas,Mississippi State,3,-4,-6.833333333333333,-6.5,7.0,0.5,-10.833333333333332,-10.5,10.833333333333332,11.0
2023,401520336,Illinois,Wisconsin,3,-4,3.0,3.0,-3.0,0.0,-1.0,-1.0,1.0,1.0
2023,401520340,Michigan State,Michigan,3,-49,25.166666666666668,25.5,-24.5,1.0,-23.833333333333332,-23.5,23.833333333333332,24.5
2023,401525857,Oklahoma State,Kansas State,3,8,11.666666666666666,12.0,-11.5,0.5,19.666666666666664,20.0,-19.666666666666664,-19.5
2023,401520343,Ohio State,Penn State,3,8,-4.0,-4.0,4.0,0.0,4.0,4.0,-4.0,-4.0
2023,401520301,Illinois,Nebraska,3,-13,-3.1666666666666665,-3.0,3.5,0.5,-16.166666666666668,-16.0,16.166666666666668,16.5
2023,401531380,UAB,South Florida,3,21,3.1666666666666665,3.5,-3.0,0.5,24.166666666666668,24.5,-24.166666666666668,-24.0
2023,401520338,Iowa,Minnesota,3,-2,-3.3333333333333335,-3.0,3.5,0.5,-5.333333333333334,-5.0,5.333333333333334,5.5
2023,401525528,Georgia Tech,Boston College,3,-15,-5.833333333333333,-5.5,6.0,0.5,-20.833333333333332,-20.5,20.833333333333332,21.0
2023,401525830,Oklahoma,SMU,3,17,-16.333333333333332,-16.0,16.5,0.5,0.6666666666666679,1.0,-0.6666666666666679,-0.5
2023,401520314,Florida International,UTEP,3,-13,-1.8333333333333333,1.5,3.5,5.0,-14.833333333333334,-11.5,14.833333333333334,16.5
2023,401520315,New Mexico State,Sam Houston,3,14,-4.0,-3.5,4.5,1.0,10.0,10.5,-10.0,-9.5
2023,401520321,Michigan,Indiana,3,45,-33.5,-33.0,34.0,1.0,11.5,12.0,-11.5,-11.0
2023,401520327,Vanderbilt,Georgia,3,-17,32.5,32.5,-32.5,0.0,15.5,15.5,-15.5,-15.5
2023,401524029,Colorado,Stanford,3,-3,-12.666666666666666,-11.5,13.5,2.0,-15.666666666666666,-14.5,15.666666666666666,16.5
2023,401531371,Memphis,Tulane,3,-10,4.333333333333333,5.0,-3.5,1.5,-5.666666666666667,-5.0,5.666666666666667,6.5
2023,401540099,Illinois State,Dayton,2,41,-19.0,-19.0,19.0,0.0,22.0,22.0,-22.0,-22.0
2023,401520158,Jacksonville State,East Tennessee State,2,46,-20.25,-20.0,20.5,0.5,25.75,26.0,-25.75,-25.5
2023,401525862,Houston,West Virginia,3,2,2.8333333333333335,3.0,-2.5,0.5,4.833333333333334,5.0,-4.833333333333334,-4.5
2023,401524041,California,USC,3,-1,10.333333333333334,10.5,-10.0,0.5,9.333333333333334,9.5,-9.333333333333334,-9.0
2023,401531415,East Carolina,SMU,3,-21,11.333333333333334,11.5,-11.0,0.5,-9.666666666666666,-9.5,9.666666666666666,10.0
2023,401520323,Purdue,Ohio State,3,-34,17.5,18.0,-17.0,1.0,-16.5,-16.0,16.5,17.0
2023,401520325,South Carolina,Florida,3,-2,-0.5,1.0,2.5,3.5,-2.5,-1.0,2.5,4.5
2023,401520326,Tennessee,Texas A&M,3,7,-3.0,-3.0,3.0,0.0,4.0,4.0,-4.0,-4.0
2023,401520328,Wisconsin,Iowa,3,-9,-8.666666666666666,-8.0,9.5,1.5,-17.666666666666664,-17.0,17.666666666666664,18.5
2023,401524030,Washington State,Arizona,3,-38,-7.666666666666667,-7.5,8.0,0.5,-45.666666666666664,-45.5,45.666666666666664,46.0
2023,401531901,UL Monroe,Arkansas State,3,-10,-1.5,-1.0,2.5,1.5,-11.5,-11.0,11.5,12.5
2023,401524033,Utah,California,3,20,-9.833333333333334,-9.0,11.0,2.0,10.166666666666666,11.0,-10.166666666666666,-9.0
2023,401524034,Washington,Oregon,3,3,-3.1666666666666665,-3.0,3.5,0.5,-0.16666666666666652,0.0,0.16666666666666652,0.5
2023,401525523,Duke,NC State,3,21,-3.6666666666666665,-3.5,4.0,0.5,17.333333333333332,17.5,-17.333333333333332,-17.0
2023,401525524,Florida State,Syracuse,3,38,-18.833333333333332,-18.5,19.5,1.0,19.166666666666668,19.5,-19.166666666666668,-18.5
2023,401525525,Pittsburgh,Louisville,3,17,7.166666666666667,7.5,-7.0,0.5,24.166666666666668,24.5,-24.166666666666668,-24.0
2023,401525526,North Carolina,Miami,3,10,-2.6666666666666665,-2.5,3.0,0.5,7.333333333333334,7.5,-7.333333333333334,-7.0
2023,401531899,Coastal Carolina,Marshall,3,28,3.6666666666666665,4.0,-3.5,0.5,31.666666666666668,32.0,-31.666666666666668,-31.5
2023,401540291,Harvard,Brown,2,3,-15.5,-14.5,16.5,2.0,-12.5,-11.5,12.5,13.5
2023,401520276,Sam Houston,Jacksonville State,3,-7,6.666666666666667,7.0,-6.5,0.5,-0.33333333333333304,0.0,0.33333333333333304,0.5
2023,401520445,Army,Navy,3,6,-0.6666666666666666,2.5,2.5,5.0,5.333333333333333,8.5,-5.333333333333333,-3.5
2023,401539485,Florida A&M,Prairie View A&M,2,21,-17.5,-17.5,17.5,0.0,3.5,3.5,-3.5,-3.5
2023,401539475,Washington,Oregon,3,3,9.5,10.0,-9.0,1.0,12.5,13.0,-12.5,-12.0
2023,401539477,Tulane,SMU,3,-12,-3.0,-2.5,4.0,1.5,-15.0,-14.5,15.0,16.0
2023,401539479,Texas,Oklahoma State,3,28,-14.333333333333334,-14.0,14.5,0.5,13.666666666666666,14.0,-13.666666666666666,-13.5
2023,401539480,Iowa,Michigan,3,-26,21.666666666666668,23.5,-20.5,3.0,-4.333333333333332,-2.5,4.333333333333332,5.5
2023,401539482,UNLV,Boise State,3,-24,2.5,2.5,-2.5,0.0,-21.5,-21.5,21.5,21.5
2023,401539484,Troy,App State,3,26,-5.833333333333333,-5.5,6.5,1.0,20.166666666666668,20.5,-20.166666666666668,-19.5
2023,401551766,Kentucky,Clemson,3,-3,4.833333333333333,7.5,-3.5,4.0,1.833333333333333,4.5,-1.833333333333333,-0.5
2023,401551753,Texas Tech,California,3,20,-2.8333333333333335,-1.5,3.5,2.0,17.166666666666668,18.5,-17.166666666666668,-16.5
2023,401551778,LSU,Wisconsin,3,4,-9.333333333333334,-8.5,10.0,1.5,-5.333333333333334,-4.5,5.333333333333334,6.0
2023,401551782,Oregon,Liberty,3,39,-19.166666666666668,-16.5,22.5,6.0,19.833333333333332,22.5,-19.833333333333332,-16.5
2023,401551780,Tennessee,Iowa,3,35,-5.666666666666667,-4.5,8.0,3.5,29.333333333333332,30.5,-29.333333333333332,-27.0
2023,401551786,Michigan,Alabama,3,7,-2.0,-1.5,2.5,1.0,5.0,5.5,-5.0,-4.5
2023,401551788,Washington,Texas,3,6,3.6666666666666665,4.5,-3.0,1.5,9.666666666666666,10.5,-9.666666666666666,-9.0
2023,401551469,Old Dominion,Western Kentucky,3,-3,-2.5,1.0,4.5,5.5,-5.5,-2.0,5.5,7.5
2023,401551767,Iowa State,Memphis,3,-10,-8.833333333333334,-5.5,10.5,5.0,-18.833333333333336,-15.5,18.833333333333336,20.5
2023,401551733,Ohio,Georgia Southern,3,20,0.5,1.5,1.5,3.0,20.5,21.5,-20.5,-18.5
2023,401551732,Fresno State,New Mexico State,3,27,2.5,3.5,-1.0,2.5,29.5,30.5,-29.5,-28.0
2023,401551746,San José State,Coastal Carolina,3,-10,-7.833333333333333,-7.5,8.5,1.0,-17.833333333333332,-17.5,17.833333333333332,18.5
2023,401551749,Oklahoma State,Texas A&M,3,8,-1.3333333333333333,4.5,4.5,9.0,6.666666666666667,12.5,-6.666666666666667,-3.5
2023,401551735,Marshall,UTSA,3,-18,7.666666666666667,8.5,-7.0,1.5,-10.333333333333332,-9.5,10.333333333333332,11.0
2023,401551757,UNLV,Kansas,3,-13,9.0,10.5,-8.0,2.5,-4.0,-2.5,4.0,5.0
2023,401551770,Maryland,Auburn,3,18,3.6666666666666665,5.5,-1.5,4.0,21.666666666666668,23.5,-21.666666666666668,-19.5
2023,401551769,Penn State,Ole Miss,3,-13,-4.833333333333333,-3.5,5.5,2.0,-17.833333333333332,-16.5,17.833333333333332,18.5
2023,401551752,Boise State,UCLA,3,-13,5.166666666666667,6.5,-2.5,4.0,-7.833333333333333,-6.5,7.833333333333333,10.5
2023,401551764,Kansas State,NC State,3,9,-4.0,-3.0,5.5,2.5,5.0,6.0,-5.0,-3.5
2023,401551731,App State,Miami (OH),3,4,-5.833333333333333,-4.5,6.5,2.0,-1.833333333333333,-0.5,1.833333333333333,2.5
2023,401551765,Oklahoma,Arizona,3,-14,2.0,2.5,-1.0,1.5,-12.0,-11.5,12.0,13.0
2023,401551751,Louisiana,Jacksonville State,3,-3,1.8333333333333333,3.5,1.5,5.0,-1.1666666666666667,0.5,1.1666666666666667,4.5
2023,401551773,Florida State,Georgia,3,-60,20.166666666666668,23.5,-13.5,10.0,-39.83333333333333,-36.5,39.83333333333333,46.5
2023,401551737,Syracuse,South Florida,2,-45,-4.25,-3.0,5.5,2.5,-49.25,-48.0,49.25,50.5
2023,401551754,UCF,Georgia Tech,2,-13,-6.25,-6.0,6.5,0.5,-19.25,-19.0,19.25,19.5
2023,401551758,Tulane,Virginia Tech,2,-21,13.0,13.5,-12.5,1.0,-8.0,-7.5,8.0,8.5
2023,401532444,Northern Illinois,Western Michigan,3,24,-3.8333333333333335,-3.0,4.5,1.5,20.166666666666668,21.0,-20.166666666666668,-19.5
2023,401532443,Bowling Green,Toledo,3,-1,9.833333333333334,10.0,-9.5,0.5,8.833333333333334,9.0,-8.833333333333334,-8.5
2023,401532447,Miami (OH),Buffalo,3,13,-7.833333333333333,-7.5,8.5,1.0,5.166666666666667,5.5,-5.166666666666667,-4.5
2023,401520410,Maryland,Michigan,3,-7,18.666666666666668,21.0,-17.5,3.5,11.666666666666668,14.0,-11.666666666666668,-10.5
2023,401551741,Northern Illinois,Arkansas State,2,2,2.5,2.5,-2.5,0.0,4.5,4.5,-4.5,-4.5
2023,401524060,Oregon State,Washington,3,-2,-0.5,1.0,1.5,2.5,-2.5,-1.0,2.5,3.5
2023,401551739,Duke,Troy,2,7,6.75,7.0,-6.5,0.5,13.75,14.0,-13.75,-13.5
2023,401551743,Utah State,Georgia State,2,-23,-1.75,-1.5,2.0,0.5,-24.75,-24.5,24.75,25.0
2023,401524057,Washington State,Colorado,3,42,-4.666666666666667,-4.0,5.5,1.5,37.333333333333336,38.0,-37.333333333333336,-36.5
2023,401532445,Eastern Michigan,Akron,3,3,-4.0,-3.0,5.5,2.5,-1.0,0.0,1.0,2.5
2023,401532446,Ohio,Central Michigan,3,14,-10.166666666666666,-8.5,11.5,3.0,3.833333333333334,5.5,-3.833333333333334,-2.5
2023,401551755,Eastern Michigan,South Alabama,2,-49,17.75,18.0,-17.5,0.5,-31.25,-31.0,31.25,31.5
2023,401532621,Colorado State,Nevada,3,10,-12.0,-11.0,12.5,1.5,-2.0,-1.0,2.0,2.5
2023,401532622,Fresno State,New Mexico,3,-8,-22.833333333333332,-22.0,24.0,2.0,-30.833333333333332,-30.0,30.833333333333332,32.0
2023,401531345,Tulsa,North Texas,3,-7,2.1666666666666665,3.0,-1.5,1.5,-4.833333333333334,-4.0,4.833333333333334,5.5
2023,401520405,Indiana,Michigan State,3,-3,-3.8333333333333335,-3.5,4.5,1.0,-6.833333333333334,-6.5,6.833333333333334,7.5
2023,401532448,Ball State,Kent State,3,31,-11.333333333333334,-10.5,13.0,2.5,19.666666666666664,20.5,-19.666666666666664,-18.0
2023,401551742,Air Force,James Madison,2,10,-2.5,-2.5,2.5,0.0,7.5,7.5,-7.5,-7.5
2023,401531409,Charlotte,Rice,3,-21,0.8333333333333334,2.0,0.5,2.5,-20.166666666666668,-19.0,20.166666666666668,21.5
2023,401520411,Middle Tennessee,UTEP,3,4,-8.166666666666666,-8.0,8.5,0.5,-4.166666666666666,-4.0,4.166666666666666,4.5
2023,401551744,Northwestern,Utah,2,7,6.5,6.5,-6.5,0.0,13.5,13.5,-13.5,-13.5
2023,401525899,West Virginia,Cincinnati,3,21,-5.333333333333333,-4.5,6.5,2.0,15.666666666666668,16.5,-15.666666666666668,-14.5
2023,401520407,Jacksonville State,Louisiana Tech,3,39,-9.0,-8.5,9.5,1.0,30.0,30.5,-30.0,-29.5
2023,401524058,Arizona,Utah,3,24,-1.3333333333333333,1.0,2.5,3.5,22.666666666666668,25.0,-22.666666666666668,-21.5
2023,401520406,Iowa,Illinois,3,2,-3.0,-2.5,3.5,1.0,-1.0,-0.5,1.0,1.5
2023,401520403,Army,Coastal Carolina,3,7,2.6666666666666665,5.5,-1.0,4.5,9.666666666666666,12.5,-9.666666666666666,-8.0
2023,401525555,Virginia,Duke,2,3,3.5,4.0,-3.0,1.0,6.5,7.0,-6.5,-6.0
2023,401531417,Navy,East Carolina,3,10,-2.5,-2.0,3.0,1.0,7.5,8.0,-7.5,-7.0
2023,401525558,Miami,Louisville,3,-7,-0.3333333333333333,1.5,1.5,3.0,-7.333333333333333,-5.5,7.333333333333333,8.5
2023,401531919,Arkansas State,Texas State,2,46,3.25,3.5,-3.0,0.5,49.25,49.5,-49.25,-49.0
2023,401531385,UAB,Temple,3,10,-7.833333333333333,-7.0,8.5,1.5,2.166666666666667,3.0,-2.166666666666667,-1.5
2023,401525559,Virginia Tech,NC State,3,-7,-2.8333333333333335,-2.5,3.5,1.0,-9.833333333333334,-9.5,9.833333333333334,10.5
2023,401520423,Western Kentucky,Sam Houston,2,5,-11.0,-9.5,12.5,3.0,-6.0,-4.5,6.0,7.5
2023,401525553,Pittsburgh,Boston College,2,8,-1.75,-1.0,2.5,1.5,6.25,7.0,-6.25,-5.5
2023,401525895,Iowa State,Texas,3,-10,7.333333333333333,8.0,-6.5,1.5,-2.666666666666667,-2.0,2.666666666666667,3.5
2023,401551756,Minnesota,Bowling Green,2,6,-2.5,-2.5,2.5,0.0,3.5,3.5,-3.5,-3.5
2023,401551748,Rice,Texas State,2,-24,3.5,3.5,-3.5,0.0,-20.5,-20.5,20.5,20.5
2023,401520413,Missouri,Florida,3,2,-11.833333333333334,-10.5,12.5,2.0,-9.833333333333334,-8.5,9.833333333333334,10.5
2023,401532624,Air Force,UNLV,3,-4,-3.1666666666666665,-2.5,4.0,1.5,-7.166666666666666,-6.5,7.166666666666666,8.0
2023,401531920,South Alabama,Marshall,3,28,-9.5,-8.0,10.5,2.5,18.5,20.0,-18.5,-17.5
2023,401532619,Utah State,Boise State,3,-35,4.833333333333333,5.5,-4.0,1.5,-30.166666666666668,-29.5,30.166666666666668,31.0
2023,401520412,Mississippi State,Southern Miss,3,21,-17.0,-14.0,18.5,4.5,4.0,7.0,-4.0,-2.5
2023,401531375,Florida Atlantic,Tulane,3,-16,9.166666666666666,9.5,-9.0,0.5,-6.833333333333334,-6.5,6.833333333333334,7.0
2023,401520422,Wisconsin,Nebraska,3,7,-6.5,-5.0,7.5,2.5,0.5,2.0,-0.5,0.5
2023,401520415,Ohio State,Minnesota,3,34,-27.666666666666668,-27.5,28.0,0.5,6.333333333333332,6.5,-6.333333333333332,-6.0
2023,401520409,LSU,Georgia State,3,42,-31.666666666666668,-30.5,32.5,2.0,10.333333333333332,11.5,-10.333333333333332,-9.5
2023,401520402,Arkansas,Florida International,3,24,-28.666666666666668,-26.5,32.0,5.5,-4.666666666666668,-2.5,4.666666666666668,8.0
2023,401520416,Ole Miss,UL Monroe,3,32,-36.166666666666664,-35.5,37.0,1.5,-4.166666666666664,-3.5,4.166666666666664,5.0
2023,401520414,Northwestern,Purdue,3,8,-2.0,-1.0,2.5,1.5,6.0,7.0,-6.0,-5.5
2023,401525442,Notre Dame,Wake Forest,3,38,-23.666666666666668,-22.5,25.0,2.5,14.333333333333332,15.5,-14.333333333333332,-13.0
2023,401531431,Memphis,SMU,3,-4,8.833333333333334,9.5,-7.5,2.0,4.833333333333334,5.5,-4.833333333333334,-3.5
2023,401520408,Liberty,Massachusetts,3,24,-26.666666666666668,-25.5,28.0,2.5,-2.666666666666668,-1.5,2.666666666666668,4.0
2023,401520418,South Carolina,Kentucky,3,3,-1.1666666666666667,1.5,2.5,4.0,1.8333333333333333,4.5,-1.8333333333333333,-0.5
2023,401525893,BYU,Oklahoma,3,-7,24.333333333333332,24.5,-24.0,0.5,17.333333333333332,17.5,-17.333333333333332,-17.0
2023,401520417,Penn State,Rutgers,3,21,-19.5,-19.5,19.5,0.0,1.5,1.5,-1.5,-1.5
2023,401524061,Stanford,California,3,-12,6.0,7.0,-4.5,2.5,-6.0,-5.0,6.0,7.5
2023,401524059,Arizona State,Oregon,3,-36,22.666666666666668,24.5,-21.5,3.0,-13.333333333333332,-11.5,13.333333333333332,14.5
2023,401531921,Troy,Louisiana,3,7,-15.833333333333334,-14.5,17.5,3.0,-8.833333333333334,-7.5,8.833333333333334,10.5
2023,401525894,Houston,Oklahoma State,3,-13,6.833333333333333,7.5,-6.5,1.0,-6.166666666666667,-5.5,6.166666666666667,6.5
2023,401551761,West Virginia,North Carolina,2,20,-4.0,-3.5,4.5,1.0,16.0,16.5,-16.0,-15.5
2023,401520382,Georgia,Ole Miss,3,35,-11.5,-10.5,13.0,2.5,23.5,24.5,-23.5,-22.0
2023,401520389,LSU,Florida,3,17,-15.5,-14.0,16.5,2.5,1.5,3.0,-1.5,-0.5
2023,401520393,Ohio State,Michigan State,3,35,-31.666666666666668,-30.5,32.5,2.0,3.333333333333332,4.5,-3.333333333333332,-2.5
2023,401520394,Penn State,Michigan,3,-9,5.0,6.5,-4.0,2.5,-4.0,-2.5,4.0,5.0
2023,401524053,Oregon,USC,3,9,-15.166666666666666,-12.5,16.5,4.0,-6.166666666666666,-3.5,6.166666666666666,7.5
2023,401524056,Washington,Utah,3,7,-9.833333333333334,-9.5,10.5,1.0,-2.833333333333334,-2.5,2.833333333333334,3.5
2023,401525550,Florida State,Miami,3,7,-14.666666666666666,-14.0,15.5,1.5,-7.666666666666666,-7.0,7.666666666666666,8.5
2023,401525891,TCU,Texas,3,-3,10.5,13.0,-6.0,7.0,7.5,10.0,-7.5,-3.0
2023,401532450,Western Michigan,Bowling Green,3,-24,2.5,3.0,-2.0,1.0,-21.5,-21.0,21.5,22.0
2023,401532451,Central Michigan,Toledo,3,-15,10.666666666666666,12.5,-9.5,3.0,-4.333333333333334,-2.5,4.333333333333334,5.5
2023,401532452,Akron,Ohio,3,-11,14.666666666666666,16.0,-13.5,2.5,3.666666666666666,5.0,-3.666666666666666,-2.5
2023,401531376,Tulane,UTSA,3,13,-3.1666666666666665,-2.5,3.5,1.0,9.833333333333334,10.5,-9.833333333333334,-9.5
2023,401581109,USC,Louisville,2,14,4.5,4.5,-4.5,0.0,18.5,18.5,-18.5,-18.5
2023,401555031,South Dakota State,Montana,2,20,-13.5,-12.5,14.5,2.0,6.5,7.5,-6.5,-5.5
2023,401520439,Rutgers,Maryland,2,-18,2.0,2.0,-2.0,0.0,-16.0,-16.0,16.0,16.0
2023,401617307,South Dakota State,Villanova,2,11,-20.5,-20.5,20.5,0.0,-9.5,-9.5,9.5,9.5
2023,401617308,South Dakota,North Dakota State,2,-28,6.0,6.5,-5.5,1.0,-22.0,-21.5,22.0,22.5
2023,401617310,Montana,Furman,2,7,-16.25,-14.5,18.0,3.5,-9.25,-7.5,9.25,11.0
2023,401531922,App State,Georgia Southern,3,28,-9.5,-7.5,10.5,3.0,18.5,20.5,-18.5,-17.5
2023,401525563,Syracuse,Wake Forest,3,4,-2.1666666666666665,-1.5,3.0,1.5,1.8333333333333335,2.5,-1.8333333333333335,-1.0
2023,401520436,Minnesota,Wisconsin,2,-14,2.25,3.0,-1.5,1.5,-11.75,-11.0,11.75,12.5
2023,401525564,Virginia,Virginia Tech,2,-38,1.75,2.5,-1.0,1.5,-36.25,-35.5,36.25,37.0
2023,401520430,Georgia Tech,Georgia,3,-8,24.166666666666668,25.0,-23.0,2.0,16.166666666666668,17.0,-16.166666666666668,-15.0
2023,401520438,Purdue,Indiana,3,4,-5.166666666666667,-2.5,6.5,4.0,-1.166666666666667,1.5,1.166666666666667,2.5
2023,401531925,Old Dominion,Georgia State,3,1,-2.0,-1.5,2.5,1.0,-1.0,-0.5,1.0,1.5
2023,401617309,Idaho,UAlbany,2,-8,-5.0,-4.5,5.5,1.0,-13.0,-12.5,13.0,13.5
2023,401531923,Coastal Carolina,James Madison,3,-42,5.666666666666667,9.5,-3.5,6.0,-36.333333333333336,-32.5,36.333333333333336,38.5
2023,401551789,Michigan,Washington,2,21,-5.0,-4.5,5.5,1.0,16.0,16.5,-16.0,-15.5
2023,401551750,Boston College,SMU,2,9,13.5,13.5,-13.5,0.0,22.5,22.5,-22.5,-22.5
2023,401520424,Mississippi State,Ole Miss,3,-10,10.5,11.0,-10.0,1.0,0.5,1.0,-0.5,0.0
2023,401520427,Auburn,Alabama,3,-3,14.333333333333334,14.5,-14.0,0.5,11.333333333333334,11.5,-11.333333333333334,-11.0
2023,401520429,Florida,Florida State,3,-9,6.333333333333333,6.5,-6.0,0.5,-2.666666666666667,-2.5,2.666666666666667,3.0
2023,401520431,Illinois,Northwestern,3,-2,-5.5,-5.0,6.0,1.0,-7.5,-7.0,7.5,8.0
2023,401520433,LSU,Texas A&M,3,12,-10.666666666666666,-10.5,11.0,0.5,1.333333333333334,1.5,-1.333333333333334,-1.0
2023,401520434,Michigan,Ohio State,3,6,-3.3333333333333335,-3.0,4.0,1.0,2.6666666666666665,3.0,-2.6666666666666665,-2.0
2023,401520441,South Carolina,Clemson,3,-9,7.333333333333333,7.5,-7.0,0.5,-1.666666666666667,-1.5,1.666666666666667,2.0
2023,401520443,Massachusetts,UConn,3,-13,-0.8333333333333334,2.5,2.5,5.0,-13.833333333333334,-10.5,13.833333333333334,15.5
2023,401524063,Oregon,Oregon State,3,24,-14.166666666666666,-14.0,14.5,0.5,9.833333333333334,10.0,-9.833333333333334,-9.5
2023,401524064,Arizona State,Arizona,3,-36,12.666666666666666,13.0,-12.5,0.5,-23.333333333333336,-23.0,23.333333333333336,23.5
2023,401524067,Utah,Colorado,3,6,-21.5,-21.5,21.5,0.0,-15.5,-15.5,15.5,15.5
2023,401524068,Washington,Washington State,3,3,-15.333333333333334,-14.5,16.0,1.5,-12.333333333333334,-11.5,12.333333333333334,13.0
2023,401525900,Oklahoma,TCU,3,24,-11.333333333333334,-10.0,12.5,2.5,12.666666666666666,14.0,-12.666666666666666,-11.5
2023,401525902,Baylor,West Virginia,3,-3,9.333333333333334,13.0,-6.5,6.5,6.333333333333334,10.0,-6.333333333333334,-3.5
2023,401531386,North Texas,UAB,3,3,-2.6666666666666665,-2.5,3.0,0.5,0.3333333333333335,0.5,-0.3333333333333335,0.0
2023,401531421,Rice,Florida Atlantic,3,3,-3.8333333333333335,-3.0,5.0,2.0,-0.8333333333333335,0.0,0.8333333333333335,2.0
2023,401531924,Marshall,Arkansas State,3,14,-0.8333333333333334,1.0,2.0,3.0,13.166666666666666,15.0,-13.166666666666666,-12.0
2023,401532626,Hawai'i,Colorado State,3,3,5.666666666666667,6.0,-5.5,0.5,8.666666666666668,9.0,-8.666666666666668,-8.5
2023,401532627,San Diego State,Fresno State,3,15,5.166666666666667,5.5,-4.5,1.0,20.166666666666668,20.5,-20.166666666666668,-19.5
2023,401532628,UNLV,San José State,3,-6,-2.0,-1.0,3.5,2.5,-8.0,-7.0,8.0,9.5
2023,401532630,Nevada,Wyoming,3,-36,11.0,11.5,-10.5,1.0,-25.0,-24.5,25.0,25.5
2023,401551798,Notre Dame,Oregon State,2,32,-5.5,-5.5,5.5,0.0,26.5,26.5,-26.5,-26.5
2023,401520437,New Mexico State,Jacksonville State,2,3,0.25,2.5,2.0,4.5,3.25,5.5,-3.25,-1.0
2023,401531435,SMU,Navy,2,45,-20.25,-20.0,20.5,0.5,24.75,25.0,-24.75,-24.5
2023,401531927,Southern Miss,Troy,2,-18,17.0,17.5,-16.5,1.0,-1.0,-0.5,1.0,1.5
2023,401551762,Miami,Rutgers,2,-7,2.75,3.0,-2.5,0.5,-4.25,-4.0,4.25,4.5
2023,401520419,Tennessee,Georgia,3,-28,9.166666666666666,10.0,-8.5,1.5,-18.833333333333336,-18.0,18.833333333333336,19.5
2023,401524062,USC,UCLA,3,-18,-5.333333333333333,-5.0,6.0,1.0,-23.333333333333332,-23.0,23.333333333333332,24.0
2023,401525554,Clemson,North Carolina,3,11,-7.666666666666667,-7.5,8.0,0.5,3.333333333333333,3.5,-3.333333333333333,-3.0
2023,401525896,Kansas,Kansas State,3,-4,7.5,8.0,-7.0,1.0,3.5,4.0,-3.5,-3.0
2023,401525897,TCU,Baylor,3,25,-12.833333333333334,-12.0,13.5,1.5,12.166666666666666,13.0,-12.166666666666666,-11.5
2023,401551768,Ohio State,Missouri,3,-11,-4.666666666666667,-3.5,6.5,3.0,-15.666666666666668,-14.5,15.666666666666668,17.5
2023,401554566,Wyoming,Toledo,2,1,-4.5,-4.5,4.5,0.0,-3.5,-3.5,3.5,3.5
2023,401523996,USC,Nevada,4,52,-37.875,-37.5,38.0,0.5,14.125,14.5,-14.125,-14.0
2023,401525817,Baylor,Texas State,4,-11,-26.625,-25.5,27.5,2.0,-37.625,-36.5,37.625,38.5
2023,401520175,UL Monroe,Army,4,4,8.375,9.0,-7.5,1.5,12.375,13.0,-12.375,-11.5
2023,401531387,Temple,Akron,4,3,-9.875,-9.5,10.5,1.0,-6.875,-6.5,6.875,7.5
2023,401520159,Kentucky,Ball State,4,30,-25.875,-25.0,26.5,1.5,4.125,5.0,-4.125,-3.5
2023,401525822,Oklahoma,Arkansas State,4,73,-35.375,-33.0,36.5,3.5,37.625,40.0,-37.625,-36.5
2023,401520147,Vanderbilt,Hawai'i,4,7,-17.625,-17.0,18.0,1.0,-10.625,-10.0,10.625,11.0
2023,401520181,Western Kentucky,South Florida,4,17,-12.875,-11.5,13.5,2.0,4.125,5.5,-4.125,-3.5
2023,401520145,Jacksonville State,UTEP,3,3,1.1666666666666667,1.5,-1.0,0.5,4.166666666666667,4.5,-4.166666666666667,-4.0
2023,401520173,Texas A&M,New Mexico,4,42,-37.875,-37.5,38.0,0.5,4.125,4.5,-4.125,-4.0
2023,401532392,San Diego State,Ohio,5,7,-2.9,-2.0,3.5,1.5,4.1,5.0,-4.1,-3.5
2023,401525450,New Mexico State,Massachusetts,5,-11,-7.7,-7.0,8.0,1.0,-18.7,-18.0,18.7,19.0
2023,401520146,Louisiana Tech,Florida International,5,5,-10.6,-10.0,12.0,2.0,-5.6,-5.0,5.6,7.0
2023,401525434,Notre Dame,Navy,5,39,-20.3,-20.0,20.5,0.5,18.7,19.0,-18.7,-18.5
2023,401520250,Alabama,Ole Miss,3,14,-7.0,-7.0,7.0,0.0,7.0,7.0,-7.0,-7.0
2023,401521330,Notre Dame,Ohio State,3,-3,3.1666666666666665,3.5,-3.0,0.5,0.16666666666666652,0.5,-0.16666666666666652,0.0
2023,401525819,Houston,UTSA,5,3,1.5,2.5,0.0,2.5,4.5,5.5,-4.5,-3.0
2023,401520157,Iowa,Utah State,4,10,-23.625,-23.0,24.0,1.0,-13.625,-13.0,13.625,14.0
2023,401520155,Illinois,Toledo,5,2,-8.6,-7.0,10.0,3.0,-6.6,-5.0,6.6,8.0
2023,401520169,Penn State,West Virginia,5,23,-20.6,-20.5,21.0,0.5,2.3999999999999986,2.5,-2.3999999999999986,-2.0
2023,401531347,Tulane,South Alabama,4,20,-6.375,-6.0,7.0,1.0,13.625,14.0,-13.625,-13.0
2023,401520225,Georgia,South Carolina,3,10,-26.0,-24.5,27.0,2.5,-16.0,-14.5,16.0,17.0
2023,401520179,Tennessee,Virginia,5,36,-27.7,-27.0,28.0,1.0,8.3,9.0,-8.3,-8.0
2023,401525534,NC State,Clemson,3,7,9.833333333333334,10.0,-9.5,0.5,16.833333333333336,17.0,-16.833333333333336,-16.5
2023,401520176,Utah,Florida,5,13,-6.3,-5.5,8.0,2.5,6.7,7.5,-6.7,-5.0
2023,401525854,Texas,Kansas,3,26,-16.333333333333332,-15.5,17.0,1.5,9.666666666666668,10.5,-9.666666666666668,-9.0
2023,401520160,Liberty,Bowling Green,4,10,-9.25,-7.0,12.0,5.0,0.75,3.0,-0.75,2.0
2023,401520170,Purdue,Fresno State,5,-4,-4.3,-4.0,5.5,1.5,-8.3,-8.0,8.3,9.5
2023,401520280,Auburn,Georgia,3,-7,14.166666666666666,14.5,-14.0,0.5,7.166666666666666,7.5,-7.166666666666666,-7.0
2023,401520288,Ole Miss,LSU,3,6,2.8333333333333335,3.0,-2.5,0.5,8.833333333333334,9.0,-8.833333333333334,-8.5
2023,401523986,USC,San José State,5,28,-30.6,-30.0,31.5,1.5,-2.6000000000000014,-2.0,2.6000000000000014,3.5
2023,401520152,BYU,Sam Houston,4,14,-20.375,-19.0,22.5,3.5,-6.375,-5.0,6.375,8.5
2023,401525861,Texas,Oklahoma,3,-4,-4.5,-4.0,5.5,1.5,-8.5,-8.0,8.5,9.5
2023,401520360,Wisconsin,Ohio State,3,-14,14.5,14.5,-14.5,0.0,0.5,0.5,-0.5,-0.5
2023,401520151,Auburn,Massachusetts,5,45,-36.6,-35.0,39.0,4.0,8.399999999999999,10.0,-8.399999999999999,-6.0
2023,401520352,Florida,Georgia,3,-23,14.166666666666666,14.5,-14.0,0.5,-8.833333333333334,-8.5,8.833333333333334,9.0
2023,401524037,USC,Utah,3,-2,-7.0,-6.5,7.5,1.0,-9.0,-8.5,9.0,9.5
2023,401520279,Arkansas,Texas A&M,3,-12,6.333333333333333,6.5,-6.0,0.5,-5.666666666666667,-5.5,5.666666666666667,6.0
2023,401520201,Miami,Texas A&M,3,15,2.8333333333333335,3.0,-2.5,0.5,17.833333333333332,18.0,-17.833333333333332,-17.5
2023,401525562,NC State,North Carolina,2,19,2.5,3.0,-2.0,1.0,21.5,22.0,-21.5,-21.0
2023,401520435,Michigan State,Penn State,2,-42,21.75,23.5,-20.0,3.5,-20.25,-18.5,20.25,22.0
2023,401520286,Nebraska,Michigan,3,-38,17.166666666666668,17.5,-17.0,0.5,-20.833333333333332,-20.5,20.833333333333332,21.0
2023,401525870,Kansas State,TCU,3,38,-5.666666666666667,-5.5,6.0,0.5,32.333333333333336,32.5,-32.333333333333336,-32.0
2023,401525884,Texas,Kansas State,2,3,-3.75,-3.5,4.0,0.5,-0.75,-0.5,0.75,1.0
2023,401520319,LSU,Auburn,3,30,-11.166666666666666,-11.0,11.5,0.5,18.833333333333336,19.0,-18.833333333333336,-18.5
2023,401520258,LSU,Arkansas,3,3,-17.666666666666668,-17.5,18.0,0.5,-14.666666666666668,-14.5,14.666666666666668,15.0
2023,401525464,Boston College,Northern Illinois,5,-3,-8.8,-8.0,10.0,2.0,-11.8,-11.0,11.8,13.0
2023,401520316,Alabama,Arkansas,3,3,-19.333333333333332,-19.0,19.5,0.5,-16.333333333333332,-16.0,16.333333333333332,16.5
2023,401520149,Alabama,Middle Tennessee,4,49,-39.375,-39.0,39.5,0.5,9.625,10.0,-9.625,-9.5
2023,401520163,Michigan State,Central Michigan,5,24,-14.3,-14.0,15.0,1.0,9.7,10.0,-9.7,-9.0
2023,401525462,Georgia Tech,Louisville,5,-5,7.6,8.0,-7.0,1.0,2.5999999999999996,3.0,-2.5999999999999996,-2.0
2023,401525463,Miami,Miami (OH),4,35,-16.625,-16.5,17.0,0.5,18.375,18.5,-18.375,-18.0
2023,401525816,UCF,Kent State,5,50,-34.9,-33.5,35.5,2.0,15.100000000000001,16.5,-15.100000000000001,-14.5
2023,401520174,UConn,NC State,5,-10,15.0,16.5,-14.5,2.0,5.0,6.5,-5.0,-4.5
2023,401520148,Minnesota,Nebraska,5,3,-7.3,-7.0,7.5,0.5,-4.3,-4.0,4.3,4.5
2023,401520156,Indiana,Ohio State,5,-20,29.1,30.0,-27.5,2.5,9.100000000000001,10.0,-9.100000000000001,-7.5
2023,401523991,North Texas,California,5,-37,6.5,9.0,-4.5,4.5,-30.5,-28.0,30.5,32.5
2023,401523995,UCLA,Coastal Carolina,4,14,-15.375,-14.5,16.0,1.5,-1.375,-0.5,1.375,2.0
2023,401520162,Michigan,East Carolina,5,27,-35.4,-34.5,36.0,1.5,-8.399999999999999,-7.5,8.399999999999999,9.0
2023,401520172,SMU,Louisiana Tech,4,24,-20.125,-18.5,21.0,2.5,3.875,5.5,-3.875,-3.0
2023,401532573,San José State,Oregon State,4,-25,15.25,16.5,-14.0,2.5,-9.75,-8.5,9.75,11.0
2023,401523988,Hawai'i,Stanford,4,-13,3.625,7.0,-2.0,5.0,-9.375,-6.0,9.375,11.0
2023,401525507,Clemson,Florida State,3,-7,2.0,2.0,-2.0,0.0,-5.0,-5.0,5.0,5.0
2023,401523994,TCU,Colorado,5,-3,-20.6,-20.0,21.0,1.0,-23.6,-23.0,23.6,24.0
2023,401525468,Duke,Clemson,5,21,12.7,13.0,-12.5,0.5,33.7,34.0,-33.7,-33.5
2023,401520291,Tennessee,South Carolina,3,21,-12.5,-12.0,13.0,1.0,8.5,9.0,-8.5,-8.0
2023,401524044,Utah,Oregon,3,-29,6.5,6.5,-6.5,0.0,-22.5,-22.5,22.5,22.5
2023,401520224,Florida,Tennessee,3,13,5.666666666666667,7.0,-5.0,2.0,18.666666666666668,20.0,-18.666666666666668,-18.0
2023,401520182,Florida State,LSU,5,21,2.2,2.5,-1.5,1.0,23.2,23.5,-23.2,-22.5
2023,401520183,Alabama,Texas,3,-10,-7.166666666666667,-7.0,7.5,0.5,-17.166666666666668,-17.0,17.166666666666668,17.5
2023,401520233,Michigan State,Washington,3,-34,14.833333333333334,15.0,-14.5,0.5,-19.166666666666664,-19.0,19.166666666666664,19.5
2023,401523997,Washington,Boise State,5,37,-14.3,-14.0,14.5,0.5,22.7,23.0,-22.7,-22.5
2023,401524017,Utah,UCLA,3,7,-3.8333333333333335,-3.0,5.5,2.5,3.1666666666666665,4.0,-3.1666666666666665,-1.5
2023,401525825,Wyoming,Texas Tech,5,2,13.6,14.0,-13.0,1.0,15.6,16.0,-15.6,-15.0
2023,401520235,Mississippi State,LSU,3,-27,8.833333333333334,9.5,-7.5,2.0,-18.166666666666664,-17.5,18.166666666666664,19.5
2023,401520171,Rutgers,Northwestern,5,17,-6.1,-5.0,7.0,2.0,10.9,12.0,-10.9,-10.0
2023,401520167,North Carolina,South Carolina,5,14,0.6,2.5,2.5,5.0,14.6,16.5,-14.6,-11.5
2023,401525824,Texas,Rice,4,27,-35.25,-35.0,35.5,0.5,-8.25,-8.0,8.25,8.5
2023,401520180,Wisconsin,Buffalo,5,21,-27.0,-24.0,29.0,5.0,-6.0,-3.0,6.0,8.0
2023,401525844,Baylor,Texas,3,-32,16.5,17.5,-14.5,3.0,-15.5,-14.5,15.5,17.5
2023,401525467,Virginia Tech,Old Dominion,4,19,-15.75,-14.0,17.0,3.0,3.25,5.0,-3.25,-2.0
2023,401524031,Notre Dame,USC,3,28,-2.8333333333333335,-2.5,3.0,0.5,25.166666666666668,25.5,-25.166666666666668,-25.0
2023,401525827,Boise State,UCF,3,-2,3.0,3.0,-3.0,0.0,1.0,1.0,-1.0,-1.0
2023,401531427,Arkansas State,Memphis,3,-34,20.833333333333332,21.0,-20.5,0.5,-13.166666666666668,-13.0,13.166666666666668,13.5
2023,401531377,UAB,North Carolina A&T,3,29,-24.166666666666668,-24.0,24.5,0.5,4.833333333333332,5.0,-4.833333333333332,-4.5
2023,401520165,Missouri,South Dakota,3,25,-27.333333333333332,-27.0,28.0,1.0,-2.333333333333332,-2.0,2.333333333333332,3.0
2023,401531337,Tulsa,Arkansas-Pine Bluff,3,35,-40.0,-38.5,41.0,2.5,-5.0,-3.5,5.0,6.0
2023,401525461,Wake Forest,Elon,3,20,-32.166666666666664,-30.5,33.5,3.0,-12.166666666666664,-10.5,12.166666666666664,13.5
2023,401523998,Arizona State,Oklahoma State,3,-12,2.5,2.5,-2.5,0.0,-9.5,-9.5,9.5,9.5
2023,401531834,Georgia State,Rhode Island,3,7,-17.333333333333332,-16.5,18.0,1.5,-10.333333333333332,-9.5,10.333333333333332,11.0
2023,401523987,Arizona State,Southern Utah,3,3,-33.166666666666664,-31.0,34.5,3.5,-30.166666666666664,-28.0,30.166666666666664,31.5
2023,401520216,Wake Forest,Vanderbilt,3,16,-9.666666666666666,-9.5,10.0,0.5,6.333333333333334,6.5,-6.333333333333334,-6.0
2023,401520184,Arkansas,Kent State,3,22,-38.333333333333336,-38.0,38.5,0.5,-16.333333333333336,-16.0,16.333333333333336,16.5
2023,401524004,Washington,Tulsa,3,33,-33.666666666666664,-33.0,34.0,1.0,-0.6666666666666643,0.0,0.6666666666666643,1.0
2023,401520195,Kansas,Illinois,3,11,-3.6666666666666665,-3.5,4.0,0.5,7.333333333333334,7.5,-7.333333333333334,-7.0
2023,401520187,Coastal Carolina,Jacksonville State,3,14,-13.666666666666666,-13.5,14.0,0.5,0.3333333333333339,0.5,-0.3333333333333339,0.0
2023,401525497,Syracuse,Western Michigan,3,41,-24.666666666666668,-24.5,25.0,0.5,16.333333333333332,16.5,-16.333333333333332,-16.0
2023,401524002,Texas Tech,Oregon,3,-8,5.0,6.0,-4.5,1.5,-3.0,-2.0,3.0,3.5
2023,401520186,California,Auburn,3,-4,4.833333333333333,5.0,-4.5,0.5,0.833333333333333,1.0,-0.833333333333333,-0.5
2023,401525818,Cincinnati,Eastern Kentucky,2,53,-21.5,-21.5,21.5,0.0,31.5,31.5,-31.5,-31.5
2023,401520164,Mississippi State,SE Louisiana,2,41,-31.5,-31.5,31.5,0.0,9.5,9.5,-9.5,-9.5
2023,401531837,James Madison,Bucknell,2,35,-47.25,-47.0,47.5,0.5,-12.25,-12.0,12.25,12.5
2023,401520310,Texas A&M,Alabama,3,-6,2.0,2.5,-1.0,1.5,-4.0,-3.5,4.0,5.0
2023,401525874,Kansas,Oklahoma,3,5,7.666666666666667,9.0,-7.0,2.0,12.666666666666668,14.0,-12.666666666666668,-12.0
2023,401520166,New Mexico State,Western Illinois,2,37,-21.0,-21.0,21.0,0.0,16.0,16.0,-16.0,-16.0
2023,401531835,App State,Gardner-Webb,2,21,-22.5,-22.5,22.5,0.0,-1.5,-1.5,1.5,1.5
2023,401532570,Air Force,Robert Morris,2,35,-46.5,-46.0,47.0,1.0,-11.5,-11.0,11.5,12.0
2023,401520178,Vanderbilt,Alabama A&M,2,34,-35.0,-35.0,35.0,0.0,-1.0,-1.0,1.0,1.0
2023,401531402,Charlotte,South Carolina State,2,21,-23.75,-23.5,24.0,0.5,-2.75,-2.5,2.75,3.0
2023,401531838,Marshall,UAlbany,2,4,-22.0,-22.0,22.0,0.0,-18.0,-18.0,18.0,18.0
2023,401520168,Ole Miss,Mercer,2,66,-34.5,-34.0,35.0,1.0,31.5,32.0,-31.5,-31.0
2023,401540235,North Dakota State,Eastern Washington,2,25,-23.75,-23.0,24.5,1.5,1.25,2.0,-1.25,-0.5
2023,401525435,Notre Dame,Tennessee State,2,53,-48.25,-48.0,48.5,0.5,4.75,5.0,-4.75,-4.5
2023,401525820,Iowa State,Northern Iowa,2,21,-7.25,-7.0,7.5,0.5,13.75,14.0,-13.75,-13.5
2023,401540057,Georgetown,Marist,2,42,-6.75,-6.5,7.0,0.5,35.25,35.5,-35.25,-35.0
2023,401520177,UTEP,Incarnate Word,2,14,-7.5,-7.5,7.5,0.0,6.5,6.5,-6.5,-6.5
2023,401523989,Arizona,Northern Arizona,2,35,-28.5,-28.5,28.5,0.0,6.5,6.5,-6.5,-6.5
2023,401525465,Pittsburgh,Wofford,2,38,-37.5,-37.5,37.5,0.0,0.5,0.5,-0.5,-0.5
2023,401520153,Florida International,Maine,2,2,-15.0,-15.0,15.0,0.0,-13.0,-13.0,13.0,13.0
2023,401532395,Ohio,Long Island University,2,17,-35.0,-34.5,35.5,1.0,-18.0,-17.5,18.0,18.5
2023,401532571,San Diego State,Idaho State,2,8,-34.5,-34.5,34.5,0.0,-26.5,-26.5,26.5,26.5
2023,401525823,Oklahoma State,Central Arkansas,2,14,-26.0,-25.5,26.5,1.0,-12.0,-11.5,12.0,12.5
2023,401531839,Louisiana,Northwestern State,2,25,-35.0,-35.0,35.0,0.0,-10.0,-10.0,10.0,10.0
2023,401531841,Troy,Stephen F. Austin,2,18,-26.0,-26.0,26.0,0.0,-8.0,-8.0,8.0,8.0
2023,401520150,Arkansas,Western Carolina,2,43,-38.0,-38.0,38.0,0.0,5.0,5.0,-5.0,-5.0
2023,401523992,Oregon,Portland State,2,74,-48.25,-48.0,48.5,0.5,25.75,26.0,-25.75,-25.5
2023,401531418,Florida Atlantic,Monmouth,2,22,-26.25,-26.0,26.5,0.5,-4.25,-4.0,4.25,4.5
2023,401525466,Syracuse,Colgate,2,65,-40.0,-40.0,40.0,0.0,25.0,25.0,-25.0,-25.0
2023,401531836,Georgia Southern,The Citadel,2,34,-34.25,-34.0,34.5,0.5,-0.25,0.0,0.25,0.5
2023,401531840,Southern Miss,Alcorn State,2,26,-24.25,-24.0,24.5,0.5,1.75,2.0,-1.75,-1.5
2023,401520154,Georgia,UT Martin,2,41,-50.5,-50.0,51.0,1.0,-9.5,-9.0,9.5,10.0
2023,401520161,Maryland,Towson,2,32,-38.5,-38.5,38.5,0.0,-6.5,-6.5,6.5,6.5
2023,401532572,UNLV,Bryant,2,30,-16.75,-16.5,17.0,0.5,13.25,13.5,-13.25,-13.0
2023,401520202,Michigan,UNLV,3,28,-37.833333333333336,-37.5,38.0,0.5,-9.833333333333336,-9.5,9.833333333333336,10.0
2023,401540148,Florida A&M,Jackson State,2,18,3.5,3.5,-3.5,0.0,21.5,21.5,-21.5,-21.5
2023,401520198,Liberty,New Mexico State,3,16,-9.333333333333334,-9.0,9.5,0.5,6.666666666666666,7.0,-6.666666666666666,-6.5
2023,401525829,Kansas State,Troy,3,29,-14.833333333333334,-14.5,15.0,0.5,14.166666666666666,14.5,-14.166666666666666,-14.0
2023,401531842,Old Dominion,Louisiana,3,7,6.0,6.5,-5.5,1.0,13.0,13.5,-13.0,-12.5
2023,401531419,Florida Atlantic,Ohio,3,-7,-3.5,-3.5,3.5,0.0,-10.5,-10.5,10.5,10.5
2023,401520215,Virginia Tech,Purdue,3,-7,-0.8333333333333334,0.0,1.5,1.5,-7.833333333333333,-7.0,7.833333333333333,8.5
2023,401520188,Colorado,Nebraska,3,22,-2.8333333333333335,-2.5,3.0,0.5,19.166666666666668,19.5,-19.166666666666668,-19.0
2023,401523999,Baylor,Utah,3,-7,7.0,7.0,-7.0,0.0,0.0,0.0,0.0,0.0
2023,401525436,NC State,Notre Dame,3,-21,7.0,7.0,-7.0,0.0,-14.0,-14.0,14.0,14.0
2023,401531378,Georgia Southern,UAB,3,14,-6.833333333333333,-6.5,7.0,0.5,7.166666666666667,7.5,-7.166666666666667,-7.0
2023,401525831,Rice,Houston,3,2,7.166666666666667,7.5,-7.0,0.5,9.166666666666668,9.5,-9.166666666666668,-9.0
2023,401520217,Washington State,Wisconsin,3,9,5.333333333333333,5.5,-5.0,0.5,14.333333333333332,14.5,-14.333333333333332,-14.0
2023,401520204,Minnesota,Eastern Michigan,3,19,-19.666666666666668,-19.5,20.0,0.5,-0.6666666666666679,-0.5,0.6666666666666679,1.0
2023,401520206,Missouri,Middle Tennessee,3,4,-21.0,-21.0,21.0,0.0,-17.0,-17.0,17.0,17.0
2023,401520210,Rutgers,Temple,3,29,-7.666666666666667,-7.5,8.0,0.5,21.333333333333332,21.5,-21.333333333333332,-21.0
2023,401524001,San Diego State,UCLA,3,-25,13.5,14.0,-13.0,1.0,-11.5,-11.0,11.5,12.0
2023,401520211,Sam Houston,Air Force,3,-10,13.166666666666666,13.5,-12.5,1.0,3.166666666666666,3.5,-3.166666666666666,-2.5
2023,401524003,USC,Stanford,3,46,-28.666666666666668,-28.5,29.0,0.5,17.333333333333332,17.5,-17.333333333333332,-17.0
2023,401520200,Maryland,Charlotte,3,18,-24.5,-24.5,24.5,0.0,-6.5,-6.5,6.5,6.5
2023,401525498,Virginia,James Madison,3,-1,6.0,6.0,-6.0,0.0,5.0,5.0,-5.0,-5.0
2023,401520207,Northwestern,UTEP,3,31,-1.0,-1.0,1.0,0.0,30.0,30.0,-30.0,-30.0
2023,401520214,Tulane,Ole Miss,3,-17,9.833333333333334,13.0,-8.0,5.0,-7.166666666666666,-4.0,7.166666666666666,9.0
2023,401520192,Georgia State,UConn,3,21,-3.0,-3.0,3.0,0.0,18.0,18.0,-18.0,-18.0
2023,401520205,Mississippi State,Arizona,3,7,-8.833333333333334,-8.5,9.0,0.5,-1.833333333333334,-1.5,1.833333333333334,2.0
2023,401520189,Florida International,North Texas,3,7,10.666666666666666,11.0,-10.5,0.5,17.666666666666664,18.0,-17.666666666666664,-17.5
2023,401526833,Massachusetts,Miami (OH),3,-13,6.833333333333333,7.0,-6.5,0.5,-6.166666666666667,-6.0,6.166666666666667,6.5
2023,401531411,East Carolina,Marshall,3,-18,2.8333333333333335,3.0,-2.5,0.5,-15.166666666666666,-15.0,15.166666666666666,15.5
2023,401520194,Iowa State,Iowa,3,-7,3.5,3.5,-3.5,0.0,-3.5,-3.5,3.5,3.5
2023,401520191,Georgia,Ball State,3,42,-42.0,-42.0,42.0,0.0,0.0,0.0,0.0,0.0
2023,401531395,UTSA,Texas State,3,7,-13.833333333333334,-13.5,14.0,0.5,-6.833333333333334,-6.5,6.833333333333334,7.0
2023,401525496,Pittsburgh,Cincinnati,3,-6,-6.5,-6.5,6.5,0.0,-12.5,-12.5,12.5,12.5
2023,401525495,North Carolina,App State,3,6,-19.0,-18.0,19.5,1.5,-13.0,-12.0,13.0,13.5
2023,401525493,Florida State,Southern Miss,3,53,-31.0,-31.0,31.0,0.0,22.0,22.0,-22.0,-22.0
2023,401520239,North Carolina,Minnesota,3,18,-6.666666666666667,-6.0,7.0,1.0,11.333333333333332,12.0,-11.333333333333332,-11.0
2023,401524007,Colorado,Colorado State,3,8,-21.333333333333332,-17.0,24.0,7.0,-13.333333333333332,-9.0,13.333333333333332,16.0
2023,401520193,Indiana,Indiana State,2,34,-31.0,-31.0,31.0,0.0,3.0,3.0,-3.0,-3.0
2023,401520208,Ohio State,Youngstown State,2,28,-45.25,-45.0,45.5,0.5,-17.25,-17.0,17.25,17.5
2023,401531848,Troy,James Madison,3,-2,-2.8333333333333335,-2.5,3.5,1.0,-4.833333333333334,-4.5,4.833333333333334,5.5
2023,401520236,Missouri,Kansas State,3,3,3.0,3.5,-2.0,1.5,6.0,6.5,-6.0,-5.0
2023,401520226,Illinois,Penn State,3,-17,13.5,14.0,-12.5,1.5,-3.5,-3.0,3.5,4.5
2023,401525503,West Virginia,Pittsburgh,3,11,-1.0,2.0,2.5,4.5,10.0,13.0,-10.0,-8.5
2023,401525494,Georgia Tech,South Carolina State,3,35,-42.666666666666664,-41.0,44.0,3.0,-7.666666666666664,-6.0,7.666666666666664,9.0
2023,401532400,Bowling Green,Eastern Illinois,2,23,-17.0,-17.0,17.0,0.0,6.0,6.0,-6.0,-6.0
2023,401532397,Northern Illinois,Southern Illinois,2,-3,-6.75,-6.5,7.0,0.5,-9.75,-9.5,9.75,10.0
2023,401532576,Nevada,Idaho,2,-27,4.0,5.5,-2.5,3.0,-23.0,-21.5,23.0,24.5
2023,401524000,Oregon State,UC Davis,2,48,-23.5,-23.0,24.0,1.0,24.5,25.0,-24.5,-24.0
2023,401520203,Michigan State,Richmond,2,31,-29.5,-29.5,29.5,0.0,1.5,1.5,-1.5,-1.5
2023,401520196,Kentucky,Eastern Kentucky,2,11,-35.25,-35.0,35.5,0.5,-24.25,-24.0,24.25,24.5
2023,401525492,Duke,Lafayette,2,35,-41.75,-41.0,42.5,1.5,-6.75,-6.0,6.75,7.5
2023,401532398,Toledo,Texas Southern,2,68,-39.25,-38.0,40.5,2.5,28.75,30.0,-28.75,-27.5
2023,401520209,Penn State,Delaware,2,56,-43.75,-43.5,44.0,0.5,12.25,12.5,-12.25,-12.0
2023,401532578,San José State,Cal Poly,2,56,-23.0,-22.5,23.5,1.0,33.0,33.5,-33.0,-32.5
2023,401525828,BYU,Southern Utah,2,25,-30.75,-30.5,31.0,0.5,-5.75,-5.5,5.75,6.0
2023,401520185,Army,Delaware State,2,57,-39.5,-39.5,39.5,0.0,17.5,17.5,-17.5,-17.5
2023,401520213,Tennessee,Austin Peay,2,17,-46.75,-45.5,48.0,2.5,-29.75,-28.5,29.75,31.0
2023,401532580,Wyoming,Portland State,2,14,-28.0,-28.0,28.0,0.0,-14.0,-14.0,14.0,14.0
2023,401525490,Boston College,Holy Cross,2,3,-10.0,-10.0,10.0,0.0,-7.0,-7.0,7.0,7.0
2023,401531432,Navy,Wagner,2,24,-42.75,-42.0,43.5,1.5,-18.75,-18.0,18.75,19.5
2023,401520229,Louisiana Tech,North Texas,2,-3,-4.5,-4.5,4.5,0.0,-7.5,-7.5,7.5,7.5
2023,401532581,Air Force,Utah State,2,18,-8.75,-8.5,9.0,0.5,9.25,9.5,-9.25,-9.0
2023,401520228,Kentucky,Akron,2,32,-25.25,-25.0,25.5,0.5,6.75,7.0,-6.75,-6.5
2023,401524008,Oregon,Hawai'i,2,45,-38.25,-38.0,38.5,0.5,6.75,7.0,-6.75,-6.5
2023,401531428,Memphis,Navy,2,4,-12.25,-12.0,12.5,0.5,-8.25,-8.0,8.25,8.5
2023,401531396,UTSA,Army,2,-8,-7.0,-7.0,7.0,0.0,-15.0,-15.0,15.0,15.0
2023,401520230,Indiana,Louisville,2,-7,10.0,10.0,-10.0,0.0,3.0,3.0,-3.0,-3.0
2023,401525500,Boston College,Florida State,2,-2,25.25,25.5,-25.0,0.5,23.25,23.5,-23.25,-23.0
2023,401520231,Maryland,Virginia,2,28,-16.25,-16.0,16.5,0.5,11.75,12.0,-11.75,-11.5
2023,401520222,Buffalo,Liberty,2,-28,2.75,3.0,-2.5,0.5,-25.25,-25.0,25.25,25.5
2023,401525504,Old Dominion,Wake Forest,2,-3,13.75,14.0,-13.5,0.5,10.75,11.0,-10.75,-10.5
2023,401526834,Eastern Michigan,Massachusetts,2,2,-7.5,-7.0,8.0,1.0,-5.5,-5.0,5.5,6.0
2023,401525837,Nevada,Kansas,2,-7,28.5,28.5,-28.5,0.0,21.5,21.5,-21.5,-21.5
2023,401525835,Cincinnati,Miami (OH),2,-7,-14.25,-14.0,14.5,0.5,-21.25,-21.0,21.25,21.5
2023,401520219,Arizona,UTEP,2,21,-18.25,-18.0,18.5,0.5,2.75,3.0,-2.75,-2.5
2023,401525501,Clemson,Florida Atlantic,2,34,-25.0,-25.0,25.0,0.0,9.0,9.0,-9.0,-9.0
2023,401520232,Michigan,Bowling Green,2,25,-40.75,-40.5,41.0,0.5,-15.75,-15.5,15.75,16.0
2023,401520220,Arkansas,BYU,2,-7,-8.25,-7.5,9.0,1.5,-15.25,-14.5,15.25,16.0
2023,401520249,Wisconsin,Georgia Southern,2,21,-20.5,-20.5,20.5,0.0,0.5,0.5,-0.5,-0.5
2023,401531412,App State,East Carolina,2,15,-7.5,-7.5,7.5,0.0,7.5,7.5,-7.5,-7.5
2023,401524009,Oregon State,San Diego State,2,17,-24.5,-24.5,24.5,0.0,-7.5,-7.5,7.5,7.5
2023,401520243,Rutgers,Virginia Tech,2,19,-6.5,-6.5,6.5,0.0,12.5,12.5,-12.5,-12.5
2023,401525842,Tulsa,Oklahoma,2,-49,28.0,28.0,-28.0,0.0,-21.0,-21.0,21.0,21.0
2023,401520242,Purdue,Syracuse,2,-15,1.0,1.0,-1.0,0.0,-14.0,-14.0,14.0,14.0
2023,401525836,Houston,TCU,2,-23,7.25,7.5,-7.0,0.5,-15.75,-15.5,15.75,16.0
2023,401520238,New Mexico,New Mexico State,2,-10,-2.75,-2.5,3.0,0.5,-12.75,-12.5,12.75,13.0
2023,401525840,Texas,Wyoming,2,21,-31.0,-31.0,31.0,0.0,-10.0,-10.0,10.0,10.0
2023,401531348,Southern Miss,Tulane,2,-18,7.75,8.0,-7.5,0.5,-10.25,-10.0,10.25,10.5
2023,401520237,Nebraska,Northern Illinois,2,24,-11.5,-11.5,11.5,0.0,12.5,12.5,-12.5,-12.5
2023,401520245,Texas A&M,UL Monroe,2,44,-36.5,-36.5,36.5,0.0,7.5,7.5,-7.5,-7.5
2023,401525437,Notre Dame,Central Michigan,2,24,-34.75,-34.5,35.0,0.5,-10.75,-10.5,10.75,11.0
2023,401532403,Toledo,San José State,2,4,-9.0,-9.0,9.0,0.0,-5.0,-5.0,5.0,5.0
2023,401525839,Oklahoma State,South Alabama,2,-26,-7.0,-7.0,7.0,0.0,-33.0,-33.0,33.0,33.0
2023,401520223,Duke,Northwestern,2,24,-17.0,-17.0,17.0,0.0,7.0,7.0,-7.0,-7.0
2023,401531379,UAB,Louisiana,2,-20,-2.0,-2.0,2.0,0.0,-22.0,-22.0,22.0,22.0
2023,401520247,UNLV,Vanderbilt,2,3,4.5,4.5,-4.5,0.0,7.5,7.5,-7.5,-7.5
2023,401524005,Arizona State,Fresno State,2,-29,3.75,4.0,-3.5,0.5,-25.25,-25.0,25.25,25.5
2023,401525838,Ohio,Iowa State,2,3,2.0,2.5,-1.5,1.0,5.0,5.5,-5.0,-4.5
2023,401531403,Charlotte,Georgia State,2,-16,6.25,6.5,-6.0,0.5,-9.75,-9.5,9.75,10.0
2023,401520246,UConn,Florida International,2,-7,-7.0,-7.0,7.0,0.0,-14.0,-14.0,14.0,14.0
2023,401520240,Ohio State,Western Kentucky,2,53,-29.5,-29.5,29.5,0.0,23.5,23.5,-23.5,-23.5
2023,401520244,South Florida,Alabama,2,-14,34.25,34.5,-34.0,0.5,20.25,20.5,-20.25,-20.0
2023,401520227,Iowa,Western Michigan,2,31,-28.5,-28.5,28.5,0.0,2.5,2.5,-2.5,-2.5
2023,401520241,Ole Miss,Georgia Tech,2,25,-17.0,-17.0,17.0,0.0,8.0,8.0,-8.0,-8.0
2023,401532407,Fresno State,Kent State,3,43,-27.5,-27.0,28.0,1.0,15.5,16.0,-15.5,-15.0
2023,401525510,Pittsburgh,North Carolina,3,-17,7.166666666666667,7.5,-7.0,0.5,-9.833333333333332,-9.5,9.833333333333332,10.0
2023,401532584,San José State,Air Force,3,-25,6.166666666666667,6.5,-6.0,0.5,-18.833333333333332,-18.5,18.833333333333332,19.0
2023,401532405,Bowling Green,Ohio,3,-31,13.0,13.0,-13.0,0.0,-18.0,-18.0,18.0,18.0
2023,401520257,Jacksonville State,Eastern Michigan,3,21,-6.5,-6.5,6.5,0.0,14.5,14.5,-14.5,-14.5
2023,401531849,Coastal Carolina,Georgia State,3,-13,-5.833333333333333,-4.5,6.5,2.0,-18.833333333333332,-17.5,18.833333333333332,19.5
2023,401520274,Vanderbilt,Kentucky,3,-17,13.333333333333334,13.5,-13.0,0.5,-3.666666666666666,-3.5,3.666666666666666,4.0
2023,401525506,Louisville,Boston College,3,28,-13.833333333333334,-13.5,14.0,0.5,14.166666666666666,14.5,-14.166666666666666,-14.0
2023,401520271,Troy,Western Kentucky,3,3,-3.5,-3.5,3.5,0.0,-0.5,-0.5,0.5,0.5
2023,401520263,Nebraska,Louisiana Tech,3,14,-20.666666666666668,-20.5,21.0,0.5,-6.666666666666668,-6.5,6.666666666666668,7.0
2023,401525505,Virginia,NC State,3,-3,8.0,8.5,-7.5,1.0,5.0,5.5,-5.0,-4.5
2023,401525509,Temple,Miami,3,-34,23.333333333333332,23.5,-23.0,0.5,-10.666666666666668,-10.5,10.666666666666668,11.0
2023,401525508,Wake Forest,Georgia Tech,3,-14,-3.6666666666666665,-3.5,4.0,0.5,-17.666666666666668,-17.5,17.666666666666668,18.0
2023,401520251,Florida,Charlotte,3,15,-27.833333333333332,-27.5,28.0,0.5,-12.833333333333332,-12.5,12.833333333333332,13.0
2023,401531870,Wyoming,App State,3,3,-3.0,-3.0,3.0,0.0,0.0,0.0,0.0,0.0
2023,401520272,UConn,Duke,3,-34,22.166666666666668,22.5,-22.0,0.5,-11.833333333333332,-11.5,11.833333333333332,12.0
2023,401532583,San Diego State,Boise State,3,-3,5.833333333333333,6.5,-4.5,2.0,2.833333333333333,3.5,-2.833333333333333,-1.5
2023,401524016,Stanford,Arizona,3,-1,12.833333333333334,13.0,-12.5,0.5,11.833333333333334,12.0,-11.833333333333334,-11.5
2023,401525846,Iowa State,Oklahoma State,3,7,-3.5,-3.5,3.5,0.0,3.5,3.5,-3.5,-3.5
2023,401520256,Indiana,Akron,3,2,-16.5,-16.5,16.5,0.0,-14.5,-14.5,14.5,14.5
2023,401525850,West Virginia,Texas Tech,3,7,5.833333333333333,6.0,-5.5,0.5,12.833333333333332,13.0,-12.833333333333332,-12.5
2023,401520252,Georgia,UAB,3,28,-40.833333333333336,-40.0,41.5,1.5,-12.833333333333336,-12.0,12.833333333333336,13.5
2023,401520262,Middle Tennessee,Colorado State,3,-8,-3.5,-3.0,4.0,1.0,-11.5,-11.0,11.5,12.0
2023,401531877,Texas State,Nevada,3,11,-17.0,-17.0,17.0,0.0,-6.0,-6.0,6.0,6.0
2023,401525847,Kansas,BYU,3,11,-9.333333333333334,-9.0,9.5,0.5,1.666666666666666,2.0,-1.666666666666666,-1.5
2023,401520264,Northwestern,Minnesota,3,3,11.166666666666666,11.5,-10.5,1.0,14.166666666666666,14.5,-14.166666666666666,-13.5
2023,401524019,Washington State,Oregon State,3,3,3.0,3.0,-3.0,0.0,6.0,6.0,-6.0,-6.0
2023,401524018,Washington,California,3,27,-20.5,-20.0,21.0,1.0,6.5,7.0,-6.5,-6.0
2023,401520268,Syracuse,Army,3,13,-13.0,-13.0,13.0,0.0,0.0,0.0,0.0,0.0
2023,401520254,Houston,Sam Houston,3,31,-11.5,-11.5,11.5,0.0,19.5,19.5,-19.5,-19.5
2023,401520260,Michigan,Rutgers,3,24,-23.833333333333332,-23.5,24.0,0.5,0.16666666666666785,0.5,-0.16666666666666785,0.0
2023,401520255,Illinois,Florida Atlantic,3,6,-16.0,-15.5,16.5,1.0,-10.0,-9.5,10.0,10.5
2023,401531872,Utah State,James Madison,3,-7,5.0,5.5,-4.5,1.0,-2.0,-1.5,2.0,2.5
2023,401524014,Arizona State,USC,3,-14,34.333333333333336,34.5,-34.0,0.5,20.333333333333336,20.5,-20.333333333333336,-20.0
2023,401531874,Arkansas State,Southern Miss,3,7,6.666666666666667,7.0,-6.0,1.0,13.666666666666668,14.0,-13.666666666666668,-13.0
2023,401520265,Penn State,Iowa,3,31,-14.166666666666666,-14.0,14.5,0.5,16.833333333333336,17.0,-16.833333333333336,-16.5
2023,401524015,Oregon,Colorado,3,36,-21.0,-21.0,21.0,0.0,15.0,15.0,-15.0,-15.0
2023,401520270,Texas A&M,Auburn,3,17,-9.0,-8.5,9.5,1.0,8.0,8.5,-8.0,-7.5
2023,401525848,Kansas State,UCF,3,13,-5.333333333333333,-3.5,6.5,3.0,7.666666666666667,9.5,-7.666666666666667,-6.5
2023,401525849,TCU,SMU,3,17,-6.833333333333333,-6.5,7.0,0.5,10.166666666666668,10.5,-10.166666666666668,-10.0
2023,401531338,Northern Illinois,Tulsa,3,-8,-3.8333333333333335,-3.5,4.0,0.5,-11.833333333333334,-11.5,11.833333333333334,12.0
2023,401531423,South Florida,Rice,3,13,2.5,2.5,-2.5,0.0,15.5,15.5,-15.5,-15.5
2023,401526835,Massachusetts,New Mexico,3,-3,-3.5,-3.5,3.5,0.0,-6.5,-6.5,6.5,6.5
2023,401520269,Tennessee,UTSA,3,31,-23.333333333333332,-21.5,24.5,3.0,7.666666666666668,9.5,-7.666666666666668,-6.5
2023,401520275,Florida International,Liberty,3,-32,10.0,10.0,-10.0,0.0,-22.0,-22.0,22.0,22.0
2023,401520273,UTEP,UNLV,3,-17,-0.16666666666666666,2.5,2.0,4.5,-17.166666666666668,-14.5,17.166666666666668,19.0
2023,401520267,South Carolina,Mississippi State,3,7,-6.0,-6.0,6.0,0.0,1.0,1.0,-1.0,-1.0
2023,401531871,Ball State,Georgia Southern,3,-37,6.0,6.0,-6.0,0.0,-31.0,-31.0,31.0,31.0
2023,401525845,Cincinnati,Oklahoma,3,-14,13.666666666666666,14.0,-13.0,1.0,-0.3333333333333339,0.0,0.3333333333333339,1.0
2023,401520253,Hawai'i,New Mexico State,3,3,-3.6666666666666665,-3.0,4.0,1.0,-0.6666666666666665,0.0,0.6666666666666665,1.0
2023,401531875,Louisiana,Buffalo,3,7,-10.333333333333334,-10.0,10.5,0.5,-3.333333333333334,-3.0,3.333333333333334,3.5
2023,401520266,Purdue,Wisconsin,3,-21,6.0,6.5,-5.5,1.0,-15.0,-14.5,15.0,15.5
2023,401525511,Marshall,Virginia Tech,3,7,-5.333333333333333,-4.5,6.0,1.5,1.666666666666667,2.5,-1.666666666666667,-1.0
2023,401520261,Michigan State,Maryland,3,-22,7.333333333333333,7.5,-7.0,0.5,-14.666666666666668,-14.5,14.666666666666668,15.0
2023,401532406,Toledo,Western Michigan,3,18,-21.5,-21.5,21.5,0.0,-3.5,-3.5,3.5,3.5
2023,401520259,Missouri,Memphis,3,7,-6.5,-6.5,6.5,0.0,0.5,0.5,-0.5,-0.5
2023,401524023,Colorado,USC,3,-7,21.666666666666668,22.0,-21.5,0.5,14.666666666666668,15.0,-14.666666666666668,-14.5
2023,401525514,Syracuse,Clemson,3,-17,6.833333333333333,7.0,-6.5,0.5,-10.166666666666668,-10.0,10.166666666666668,10.5
2023,401524020,Oregon State,Utah,3,14,-3.5,-3.0,4.0,1.0,10.5,11.0,-10.5,-10.0
2023,401525438,Duke,Notre Dame,3,-7,5.5,5.5,-5.5,0.0,-1.5,-1.5,1.5,1.5
2023,401520285,Mississippi State,Alabama,3,-23,15.0,16.5,-14.0,2.5,-8.0,-6.5,8.0,9.0
2023,401520282,Kentucky,Florida,3,19,-1.6666666666666667,-1.0,2.5,1.5,17.333333333333332,18.0,-17.333333333333332,-16.5
2023,401531880,James Madison,South Alabama,3,8,-2.5,-1.0,3.5,2.5,5.5,7.0,-5.5,-4.5
2023,401531876,South Alabama,Central Michigan,3,-4,-16.166666666666668,-16.0,16.5,0.5,-20.166666666666668,-20.0,20.166666666666668,20.5
2023,401531339,Tulsa,Temple,3,22,-3.1666666666666665,-3.0,3.5,0.5,18.833333333333332,19.0,-18.833333333333332,-18.5
2023,401520294,Middle Tennessee,Jacksonville State,3,-15,-3.0,-2.5,3.5,1.0,-18.0,-17.5,18.0,18.5
2023,401532586,UNLV,Hawai'i,3,24,-10.833333333333334,-10.5,11.0,0.5,13.166666666666666,13.5,-13.166666666666666,-13.0
2023,401520277,Western Kentucky,Middle Tennessee,3,21,-6.333333333333333,-5.5,7.0,1.5,14.666666666666668,15.5,-14.666666666666668,-14.0
2023,401520305,Missouri,LSU,3,-10,5.5,6.5,-4.0,2.5,-4.5,-3.5,4.5,6.0
2023,401520293,Vanderbilt,Missouri,3,-17,13.666666666666666,14.0,-13.5,0.5,-3.333333333333334,-3.0,3.333333333333334,3.5
2023,401520296,Liberty,Sam Houston,3,5,-20.5,-19.0,21.5,2.5,-15.5,-14.0,15.5,16.5
2023,401520295,Louisiana Tech,Western Kentucky,3,-7,6.0,6.0,-6.0,0.0,-1.0,-1.0,1.0,1.0
2023,401524024,Stanford,Oregon,3,-36,27.0,27.0,-27.0,0.0,-9.0,-9.0,9.0,9.0
2023,401520297,New Mexico State,Florida International,3,17,-6.5,-6.5,6.5,0.0,10.5,10.5,-10.5,-10.5
2023,401531878,Georgia Southern,Coastal Carolina,3,10,-6.166666666666667,-6.0,6.5,0.5,3.833333333333333,4.0,-3.833333333333333,-3.5
2023,401532588,Wyoming,New Mexico,3,9,-14.166666666666666,-14.0,14.5,0.5,-5.166666666666666,-5.0,5.166666666666666,5.5
2023,401531414,Rice,East Carolina,3,7,-3.3333333333333335,-3.0,3.5,0.5,3.6666666666666665,4.0,-3.6666666666666665,-3.5
2023,401525856,UCF,Baylor,3,-1,-10.666666666666666,-8.0,12.5,4.5,-11.666666666666666,-9.0,11.666666666666666,13.5
2023,401520298,Army,Boston College,3,-3,-2.5,-2.0,3.0,1.0,-5.5,-5.0,5.5,6.0
2023,401520307,Ohio State,Maryland,3,20,-18.0,-17.0,20.0,3.0,2.0,3.0,-2.0,0.0
2023,401520284,Minnesota,Louisiana,3,11,-10.166666666666666,-9.5,11.0,1.5,0.8333333333333339,1.5,-0.8333333333333339,0.0
2023,401525852,Oklahoma,Iowa State,3,30,-19.833333333333332,-19.5,20.0,0.5,10.166666666666668,10.5,-10.166666666666668,-10.0
2023,401531881,Marshall,Old Dominion,3,6,-14.166666666666666,-14.0,14.5,0.5,-8.166666666666666,-8.0,8.166666666666666,8.5
2023,401531883,Southern Miss,Texas State,3,-14,6.166666666666667,7.0,-5.0,2.0,-7.833333333333333,-7.0,7.833333333333333,9.0
2023,401525513,Boston College,Virginia,3,3,-3.8333333333333335,-3.0,5.0,2.0,-0.8333333333333335,0.0,0.8333333333333335,2.0
2023,401520278,UTEP,Louisiana Tech,3,-14,0.6666666666666666,2.0,1.0,3.0,-13.333333333333334,-12.0,13.333333333333334,15.0
2023,401525515,Georgia Tech,Bowling Green,3,-11,-21.833333333333332,-21.0,22.5,1.5,-32.83333333333333,-32.0,32.83333333333333,33.5
2023,401532589,Air Force,San Diego State,3,39,-10.666666666666666,-10.5,11.0,0.5,28.333333333333336,28.5,-28.333333333333336,-28.0
2023,401524021,Arizona,Washington,3,-7,19.166666666666668,20.0,-17.5,2.5,12.166666666666668,13.0,-12.166666666666668,-10.5
2023,401532587,Fresno State,Nevada,3,18,-24.833333333333332,-24.5,25.5,1.0,-6.833333333333332,-6.5,6.833333333333332,7.5
2023,401526836,Massachusetts,Arkansas State,3,-24,-1.6666666666666667,-1.0,2.5,1.5,-25.666666666666668,-25.0,25.666666666666668,26.5
2023,401525516,Virginia Tech,Pittsburgh,3,17,2.6666666666666665,3.0,-2.5,0.5,19.666666666666668,20.0,-19.666666666666668,-19.5
2023,401532409,Western Michigan,Ball State,3,18,-1.3333333333333333,-1.0,1.5,0.5,16.666666666666668,17.0,-16.666666666666668,-16.5
2023,401525512,NC State,Louisville,3,-3,3.3333333333333335,3.5,-3.0,0.5,0.3333333333333335,0.5,-0.3333333333333335,0.0
2023,401531879,Georgia State,Troy,3,-21,-1.1666666666666667,-1.0,1.5,0.5,-22.166666666666668,-22.0,22.166666666666668,22.5
2023,401532412,Akron,Buffalo,3,-3,-2.6666666666666665,-2.5,3.0,0.5,-5.666666666666666,-5.5,5.666666666666666,6.0
2023,401520289,Purdue,Illinois,3,25,-0.6666666666666666,0.0,1.0,1.0,24.333333333333332,25.0,-24.333333333333332,-24.0
2023,401532411,Toledo,Northern Illinois,3,2,-13.166666666666666,-13.0,13.5,0.5,-11.166666666666666,-11.0,11.166666666666666,11.5
2023,401520281,Iowa,Michigan State,3,10,-11.5,-10.0,12.5,2.5,-1.5,0.0,1.5,2.5
2023,401531404,SMU,Charlotte,3,18,-23.166666666666668,-22.5,23.5,1.0,-5.166666666666668,-4.5,5.166666666666668,5.5
2023,401520292,UConn,Utah State,3,-1,4.833333333333333,6.0,-4.0,2.0,3.833333333333333,5.0,-3.833333333333333,-3.0
2023,401525853,TCU,West Virginia,3,-3,-12.5,-11.0,14.0,3.0,-15.5,-14.0,15.5,17.0
2023,401520283,Maryland,Indiana,3,27,-14.166666666666666,-14.0,14.5,0.5,12.833333333333334,13.0,-12.833333333333334,-12.5
2023,401532410,Central Michigan,Eastern Michigan,3,3,-8.166666666666666,-7.5,9.5,2.0,-5.166666666666666,-4.5,5.166666666666666,6.5
2023,401531424,Navy,South Florida,3,-14,-3.6666666666666665,-3.0,4.0,1.0,-17.666666666666668,-17.0,17.666666666666668,18.0
2023,401525851,BYU,Cincinnati,3,8,-0.5,2.0,2.5,4.5,7.5,10.0,-7.5,-5.5
2023,401532592,Boise State,San José State,3,8,-8.5,-7.5,10.0,2.5,-0.5,0.5,0.5,2.0
2023,401520287,Northwestern,Penn State,3,-28,26.5,27.0,-25.5,1.5,-1.5,-1.0,1.5,2.5
2023,401531390,North Texas,Temple,3,31,-6.833333333333333,-6.0,8.0,2.0,24.166666666666668,25.0,-24.166666666666668,-23.0
2023,401531370,Tulane,UAB,3,12,-22.0,-21.5,22.5,1.0,-10.0,-9.5,10.0,10.5
2023,401525855,Texas Tech,Houston,3,21,-9.0,-8.5,10.0,1.5,12.0,12.5,-12.0,-11.0
2023,401531429,Memphis,Boise State,3,3,-3.3333333333333335,-3.0,3.5,0.5,-0.3333333333333335,0.0,0.3333333333333335,0.5
2023,401524022,California,Arizona State,3,3,-12.333333333333334,-11.5,13.0,1.5,-9.333333333333334,-8.5,9.333333333333334,10.0
2023,401531882,UL Monroe,App State,3,-1,13.5,13.5,-13.5,0.0,12.5,12.5,-12.5,-12.5
2023,401532413,Kent State,Miami (OH),3,-20,14.333333333333334,14.5,-14.0,0.5,-5.666666666666666,-5.5,5.666666666666666,6.0
2023,401532419,Ball State,Toledo,3,-7,17.5,17.5,-17.5,0.0,10.5,10.5,-10.5,-10.5
2023,401525859,Iowa State,TCU,3,13,6.5,6.5,-6.5,0.0,19.5,19.5,-19.5,-19.5
2023,401532591,Wyoming,Fresno State,3,5,5.833333333333333,6.0,-5.5,0.5,10.833333333333332,11.0,-10.833333333333332,-10.5
2023,401525519,Miami,Georgia Tech,3,-3,-19.166666666666668,-19.0,19.5,0.5,-22.166666666666668,-22.0,22.166666666666668,22.5
2023,401525858,Baylor,Texas Tech,3,-25,2.1666666666666665,2.5,-1.5,1.0,-22.833333333333332,-22.5,22.833333333333332,23.5
2023,401524025,USC,Arizona,3,2,-21.166666666666668,-21.0,21.5,0.5,-19.166666666666668,-19.0,19.166666666666668,19.5
2023,401524027,California,Oregon State,3,-12,8.166666666666666,9.5,-7.5,2.0,-3.833333333333334,-2.5,3.833333333333334,4.5
2023,401532597,Nevada,UNLV,3,-18,7.666666666666667,8.0,-7.5,0.5,-10.333333333333332,-10.0,10.333333333333332,10.5
2023,401531405,Charlotte,Navy,3,-14,3.1666666666666665,3.5,-3.0,0.5,-10.833333333333334,-10.5,10.833333333333334,11.0
2023,401532596,New Mexico,San José State,3,-28,6.5,7.0,-6.0,1.0,-21.5,-21.0,21.5,22.0
2023,401520303,Minnesota,Michigan,3,-42,18.333333333333332,18.5,-18.0,0.5,-23.666666666666668,-23.5,23.666666666666668,24.0
2023,401532415,Buffalo,Central Michigan,3,24,2.6666666666666665,3.0,-2.5,0.5,26.666666666666668,27.0,-26.666666666666668,-26.5
2023,401525517,Clemson,Wake Forest,3,5,-21.0,-21.0,21.0,0.0,-16.0,-16.0,16.0,16.0
2023,401526837,Massachusetts,Toledo,3,-17,19.0,19.0,-19.0,0.0,2.0,2.0,-2.0,-2.0
2023,401525521,NC State,Marshall,3,7,-6.5,-6.5,6.5,0.0,0.5,0.5,-0.5,-0.5
2023,401520304,Mississippi State,Western Michigan,3,13,-21.0,-20.5,21.5,1.0,-8.0,-7.5,8.0,8.5
2023,401532414,Eastern Michigan,Ball State,3,14,-2.3333333333333335,-2.0,2.5,0.5,11.666666666666666,12.0,-11.666666666666666,-11.5
2023,401531433,Navy,North Texas,3,3,-6.333333333333333,-6.0,6.5,0.5,-3.333333333333333,-3.0,3.333333333333333,3.5
2023,401532417,Ohio,Kent State,3,25,-24.833333333333332,-24.0,26.0,2.0,0.16666666666666785,1.0,-0.16666666666666785,1.0
2023,401525520,North Carolina,Syracuse,3,33,-9.333333333333334,-9.0,9.5,0.5,23.666666666666664,24.0,-23.666666666666664,-23.5
2023,401531887,Troy,Arkansas State,3,34,-15.666666666666666,-15.5,16.0,0.5,18.333333333333336,18.5,-18.333333333333336,-18.0
2023,401525860,Kansas,UCF,3,29,1.8333333333333333,2.0,-1.5,0.5,30.833333333333332,31.0,-30.833333333333332,-30.5
2023,401520299,Florida,Vanderbilt,3,24,-18.333333333333332,-18.0,18.5,0.5,5.666666666666668,6.0,-5.666666666666668,-5.5
2023,401532416,Miami (OH),Bowling Green,3,27,-8.333333333333334,-7.5,10.0,2.5,18.666666666666664,19.5,-18.666666666666664,-17.0
2023,401520309,Rice,UConn,3,-7,-9.833333333333334,-9.5,10.0,0.5,-16.833333333333336,-16.5,16.833333333333336,17.0
2023,401531389,Temple,UTSA,3,-15,14.0,14.0,-14.0,0.0,-1.0,-1.0,1.0,1.0
2023,401524028,UCLA,Washington State,3,8,-3.3333333333333335,-3.0,3.5,0.5,4.666666666666666,5.0,-4.666666666666666,-4.5
2023,401520302,Iowa,Purdue,3,6,-2.3333333333333335,-2.0,2.5,0.5,3.6666666666666665,4.0,-3.6666666666666665,-3.5
2023,401520311,Wisconsin,Rutgers,3,11,-12.833333333333334,-12.5,13.0,0.5,-1.833333333333334,-1.5,1.833333333333334,2.0
2023,401525518,Florida State,Virginia Tech,3,22,-23.833333333333332,-23.5,24.0,0.5,-1.8333333333333321,-1.5,1.8333333333333321,2.0
2023,401532418,Akron,Northern Illinois,3,-41,4.333333333333333,5.0,-4.0,1.0,-36.666666666666664,-36.0,36.666666666666664,37.0
2023,401531884,Louisiana,Texas State,3,4,-1.5,-1.0,2.5,1.5,2.5,3.0,-2.5,-1.5
2023,401524026,Arizona State,Colorado,3,-3,3.3333333333333335,4.0,-3.0,1.0,0.3333333333333335,1.0,-0.3333333333333335,0.0
2023,401532590,Utah State,Colorado State,3,20,3.0,3.0,-3.0,0.0,23.0,23.0,-23.0,-23.0
2023,401520308,Ole Miss,Arkansas,3,7,-12.666666666666666,-11.5,13.5,2.0,-5.666666666666666,-4.5,5.666666666666666,6.5
2023,401525439,Louisville,Notre Dame,3,13,6.166666666666667,6.5,-6.0,0.5,19.166666666666668,19.5,-19.166666666666668,-19.0
2023,401531885,UL Monroe,South Alabama,3,-48,10.666666666666666,11.0,-10.0,1.0,-37.333333333333336,-37.0,37.333333333333336,38.0
2023,401531886,Southern Miss,Old Dominion,3,-4,-2.5,-1.5,3.0,1.5,-6.5,-5.5,6.5,7.0
2023,401520300,Georgia,Kentucky,3,38,-14.5,-14.5,14.5,0.0,23.5,23.5,-23.5,-23.5
2023,401531890,James Madison,Georgia Southern,3,28,-5.833333333333333,-5.5,6.0,0.5,22.166666666666668,22.5,-22.166666666666668,-22.0
2023,401531340,Florida Atlantic,Tulsa,3,3,-2.8333333333333335,-2.5,3.0,0.5,0.16666666666666652,0.5,-0.16666666666666652,0.0
2023,401520313,Middle Tennessee,Louisiana Tech,3,8,-3.0,-3.0,3.0,0.0,5.0,5.0,-5.0,-5.0
2023,401531888,App State,Coastal Carolina,3,-3,-5.0,-4.5,6.0,1.5,-8.0,-7.5,8.0,9.0
2023,401520324,Rutgers,Michigan State,3,3,-4.333333333333333,-4.0,4.5,0.5,-1.333333333333333,-1.0,1.333333333333333,1.5
2023,401524032,Oregon State,UCLA,3,12,-3.6666666666666665,-3.5,4.0,0.5,8.333333333333334,8.5,-8.333333333333334,-8.0
2023,401525863,Cincinnati,Iowa State,3,-20,-4.666666666666667,-4.0,5.0,1.0,-24.666666666666668,-24.0,24.666666666666668,25.0
2023,401531889,Georgia State,Marshall,3,17,-1.5,-1.0,2.0,1.0,15.5,16.0,-15.5,-15.0
2023,401525527,Virginia Tech,Wake Forest,3,17,-1.5,-1.5,1.5,0.0,15.5,15.5,-15.5,-15.5
2023,401525866,Texas Tech,Kansas State,3,-17,-1.1666666666666667,-1.0,1.5,0.5,-18.166666666666668,-18.0,18.166666666666668,18.5
2023,401532598,Air Force,Wyoming,3,7,-12.333333333333334,-11.5,13.0,1.5,-5.333333333333334,-4.5,5.333333333333334,6.0
2023,401525865,TCU,BYU,3,33,-5.0,-5.0,5.0,0.0,28.0,28.0,-28.0,-28.0
2023,401531381,UTSA,UAB,3,21,-8.833333333333334,-8.5,9.0,0.5,12.166666666666666,12.5,-12.166666666666666,-12.0
2023,401532593,Colorado State,Boise State,3,1,7.833333333333333,8.5,-7.5,1.0,8.833333333333332,9.5,-8.833333333333332,-8.5
2023,401532424,Northern Illinois,Ohio,3,10,5.5,5.5,-5.5,0.0,15.5,15.5,-15.5,-15.5
2023,401520312,Jacksonville State,Liberty,3,-18,6.666666666666667,7.0,-6.0,1.0,-11.333333333333332,-11.0,11.333333333333332,12.0
2023,401520322,Penn State,Massachusetts,3,63,-41.833333333333336,-41.5,42.0,0.5,21.166666666666664,21.5,-21.166666666666664,-21.0
2023,401520318,Kentucky,Missouri,3,-17,-2.0,-1.5,2.5,1.0,-19.0,-18.5,19.0,19.5
2023,401532595,Hawai'i,San Diego State,3,-7,6.0,6.0,-6.0,0.0,-1.0,-1.0,1.0,1.0
2023,401532421,Buffalo,Bowling Green,3,-10,-3.3333333333333335,-3.0,4.0,1.0,-13.333333333333334,-13.0,13.333333333333334,14.0
2023,401525864,Oklahoma State,Kansas,3,7,3.0,3.0,-3.0,0.0,10.0,10.0,-10.0,-10.0
2023,401520317,Army,Troy,3,-19,6.333333333333333,6.5,-6.0,0.5,-12.666666666666668,-12.5,12.666666666666668,13.0
2023,401532423,Western Michigan,Miami (OH),3,-13,7.833333333333333,8.5,-7.5,1.0,-5.166666666666667,-4.5,5.166666666666667,5.5
2023,401531420,South Florida,Florida Atlantic,3,-42,-2.6666666666666665,-2.5,3.0,0.5,-44.666666666666664,-44.5,44.666666666666664,45.0
2023,401532420,Central Michigan,Akron,3,7,-10.333333333333334,-10.0,10.5,0.5,-3.333333333333334,-3.0,3.333333333333334,3.5
2023,401520320,Maryland,Illinois,3,-3,-13.333333333333334,-13.0,13.5,0.5,-16.333333333333336,-16.0,16.333333333333336,16.5
2023,401532594,Utah State,Fresno State,3,-5,6.0,7.0,-5.5,1.5,1.0,2.0,-1.0,-0.5
2023,401531341,Tulsa,Rice,3,-32,-3.1666666666666665,-3.0,3.5,0.5,-35.166666666666664,-35.0,35.166666666666664,35.5
2023,401531397,Florida Atlantic,UTSA,3,-26,2.5,2.5,-2.5,0.0,-23.5,-23.5,23.5,23.5
2023,401531893,Marshall,James Madison,3,-11,3.6666666666666665,5.0,-1.0,4.0,-7.333333333333334,-6.0,7.333333333333334,10.0
2023,401525531,North Carolina,Virginia,3,-4,-24.0,-24.0,24.0,0.0,-28.0,-28.0,28.0,28.0
2023,401532599,UNLV,Colorado State,3,2,-6.666666666666667,-6.5,7.0,0.5,-4.666666666666667,-4.5,4.666666666666667,5.0
2023,401520332,UTEP,New Mexico State,3,-21,2.3333333333333335,3.0,-1.0,2.0,-18.666666666666668,-18.0,18.666666666666668,20.0
2023,401532602,San José State,Utah State,3,21,-4.0,-4.0,4.0,0.0,17.0,17.0,-17.0,-17.0
2023,401525867,BYU,Texas Tech,3,13,3.0,3.0,-3.0,0.0,16.0,16.0,-16.0,-16.0
2023,401531895,Old Dominion,App State,3,7,5.833333333333333,6.0,-5.5,0.5,12.833333333333332,13.0,-12.833333333333332,-12.5
2023,401531434,Navy,Air Force,3,-11,11.0,11.5,-10.5,1.0,0.0,0.5,0.0,0.5
2023,401532422,Eastern Michigan,Kent State,3,14,-7.666666666666667,-7.0,8.5,1.5,6.333333333333333,7.0,-6.333333333333333,-5.5
2023,401524035,Oregon,Washington State,3,14,-19.5,-19.0,20.0,1.0,-5.5,-5.0,5.5,6.0
2023,401520337,Indiana,Rutgers,3,-17,6.0,6.0,-6.0,0.0,-11.0,-11.0,11.0,11.0
2023,401531891,Texas State,UL Monroe,3,1,-18.5,-18.0,19.0,1.0,-17.5,-17.0,17.5,18.0
2023,401532427,Miami (OH),Toledo,3,-4,2.1666666666666665,2.5,-2.0,0.5,-1.8333333333333335,-1.5,1.8333333333333335,2.0
2023,401531896,Arkansas State,Coastal Carolina,3,-10,8.666666666666666,9.0,-8.5,0.5,-1.333333333333334,-1.0,1.333333333333334,1.5
2023,401531391,Temple,SMU,3,-55,23.5,24.0,-22.5,1.5,-31.5,-31.0,31.5,32.5
2023,401525869,Houston,Texas,3,-7,23.5,24.0,-23.0,1.0,16.5,17.0,-16.5,-16.0
2023,401525871,Oklahoma,UCF,3,2,-17.166666666666668,-17.0,17.5,0.5,-15.166666666666668,-15.0,15.166666666666668,15.5
2023,401525868,Cincinnati,Baylor,3,-3,-2.6666666666666665,-2.5,3.0,0.5,-5.666666666666666,-5.5,5.666666666666666,6.0
2023,401531382,UAB,Memphis,3,-24,7.333333333333333,7.5,-7.0,0.5,-16.666666666666668,-16.5,16.666666666666668,17.0
2023,401520335,Auburn,Ole Miss,3,-7,6.5,6.5,-6.5,0.0,-0.5,-0.5,0.5,0.5
2023,401532600,New Mexico,Hawai'i,3,21,1.8333333333333333,2.5,-1.5,1.0,22.833333333333332,23.5,-22.833333333333332,-22.5
2023,401531894,Georgia Southern,UL Monroe,3,10,-16.333333333333332,-16.0,16.5,0.5,-6.333333333333332,-6.0,6.333333333333332,6.5
2023,401520331,Sam Houston,Florida International,3,-6,-5.666666666666667,-5.5,6.0,0.5,-11.666666666666668,-11.5,11.666666666666668,12.0
2023,401524036,Stanford,UCLA,3,-35,17.0,17.0,-17.0,0.0,-18.0,-18.0,18.0,18.0
2023,401520341,Missouri,South Carolina,3,22,-7.333333333333333,-7.0,7.5,0.5,14.666666666666668,15.0,-14.666666666666668,-14.5
2023,401525532,Wake Forest,Pittsburgh,3,4,1.6666666666666667,3.0,1.0,4.0,5.666666666666667,7.0,-5.666666666666667,-3.0
2023,401520330,Liberty,Middle Tennessee,3,7,-15.333333333333334,-14.0,16.0,2.0,-8.333333333333334,-7.0,8.333333333333334,9.0
2023,401532426,Northern Illinois,Eastern Michigan,3,7,-11.833333333333334,-11.5,12.0,0.5,-4.833333333333334,-4.5,4.833333333333334,5.0
2023,401531897,Louisiana,Georgia State,3,-3,-3.1666666666666665,-3.0,3.5,0.5,-6.166666666666666,-6.0,6.166666666666666,6.5
2023,401532428,Ohio,Western Michigan,3,3,-16.5,-16.5,16.5,0.0,-13.5,-13.5,13.5,13.5
2023,401531892,South Alabama,Southern Miss,3,52,-18.0,-17.0,18.5,1.5,34.0,35.0,-34.0,-33.5
2023,401532425,Ball State,Central Michigan,3,7,5.0,5.0,-5.0,0.0,12.0,12.0,-12.0,-12.0
2023,401520329,Jacksonville State,Western Kentucky,3,3,7.333333333333333,7.5,-7.0,0.5,10.333333333333332,10.5,-10.333333333333332,-10.0
2023,401532430,Kent State,Buffalo,3,-18,6.666666666666667,7.0,-6.5,0.5,-11.333333333333332,-11.0,11.333333333333332,11.5
2023,401520344,UConn,South Florida,3,-3,-0.3333333333333333,1.0,1.0,2.0,-3.3333333333333335,-2.0,3.3333333333333335,4.0
2023,401524038,Washington,Arizona State,3,8,-27.833333333333332,-27.5,28.0,0.5,-19.833333333333332,-19.5,19.833333333333332,20.0
2023,401520342,Nebraska,Northwestern,3,8,-10.5,-10.5,10.5,0.0,-2.5,-2.5,2.5,2.5
2023,401525872,West Virginia,Oklahoma State,3,-14,-3.0,-3.0,3.0,0.0,-17.0,-17.0,17.0,17.0
2023,401531372,Tulane,North Texas,3,7,-20.166666666666668,-20.0,20.5,0.5,-13.166666666666668,-13.0,13.166666666666668,13.5
2023,401531406,East Carolina,Charlotte,3,-3,-6.166666666666667,-6.0,6.5,0.5,-9.166666666666668,-9.0,9.166666666666668,9.5
2023,401532429,Bowling Green,Akron,3,27,-7.166666666666667,-7.0,7.5,0.5,19.833333333333332,20.0,-19.833333333333332,-19.5
2023,401532601,San Diego State,Nevada,3,-6,-11.166666666666666,-11.0,11.5,0.5,-17.166666666666664,-17.0,17.166666666666664,17.5
2023,401524039,Arizona,Oregon State,3,3,3.1666666666666665,3.5,-3.0,0.5,6.166666666666666,6.5,-6.166666666666666,-6.0
2023,401532606,Fresno State,UNLV,3,7,-9.5,-7.5,10.5,3.0,-2.5,-0.5,2.5,3.5
2023,401520339,LSU,Army,3,62,-33.0,-33.0,33.0,0.0,29.0,29.0,-29.0,-29.0
2023,401540432,Northwestern State,SE Louisiana,2,-17,12.5,12.5,-12.5,0.0,-4.5,-4.5,4.5,4.5
2023,401532432,Ohio,Miami (OH),3,-14,-7.333333333333333,-7.0,7.5,0.5,-21.333333333333332,-21.0,21.333333333333332,21.5
2023,401520347,Florida International,Jacksonville State,3,-25,8.833333333333334,9.5,-8.0,1.5,-16.166666666666664,-15.5,16.166666666666664,17.0
2023,401531902,South Alabama,Louisiana,3,-13,-11.166666666666666,-10.5,11.5,1.0,-24.166666666666664,-23.5,24.166666666666664,24.5
2023,401520348,Sam Houston,UTEP,3,-3,-3.6666666666666665,-3.0,4.0,1.0,-6.666666666666666,-6.0,6.666666666666666,7.0
2023,401532604,Nevada,New Mexico,3,10,0.0,1.0,1.0,2.0,10.0,11.0,-10.0,-9.0
2023,401520355,Nebraska,Purdue,3,17,0.0,1.5,2.5,4.0,17.0,18.5,-17.0,-14.5
2023,401525877,Texas,BYU,3,29,-19.833333333333332,-18.5,20.5,2.0,9.166666666666668,10.5,-9.166666666666668,-8.5
2023,401531398,UTSA,East Carolina,3,14,-17.833333333333332,-17.5,18.5,1.0,-3.833333333333332,-3.5,3.833333333333332,4.5
2023,401520354,Minnesota,Michigan State,3,15,-6.666666666666667,-6.5,7.0,0.5,8.333333333333332,8.5,-8.333333333333332,-8.0
2023,401520345,Louisiana Tech,New Mexico State,3,-3,-3.0,-3.0,3.0,0.0,-6.0,-6.0,6.0,6.0
2023,401525873,Baylor,Iowa State,3,-12,2.8333333333333335,3.0,-2.5,0.5,-9.166666666666666,-9.0,9.166666666666666,9.5
2023,401520350,Auburn,Mississippi State,3,14,-6.5,-6.5,6.5,0.0,7.5,7.5,-7.5,-7.5
2023,401525533,Virginia Tech,Syracuse,3,28,-2.5,-2.5,2.5,0.0,25.5,25.5,-25.5,-25.5
2023,401520346,Western Kentucky,Liberty,3,-13,4.0,4.0,-4.0,0.0,-9.0,-9.0,9.0,9.0
2023,401525440,Notre Dame,Pittsburgh,3,51,-20.833333333333332,-20.5,21.0,0.5,30.166666666666668,30.5,-30.166666666666668,-30.0
2023,401531898,App State,Southern Miss,3,10,-16.333333333333332,-16.0,17.0,1.0,-6.333333333333332,-6.0,6.333333333333332,7.0
2023,401525538,Miami,Virginia,3,3,-18.666666666666668,-18.5,19.0,0.5,-15.666666666666668,-15.5,15.666666666666668,16.0
2023,401525536,Wake Forest,Florida State,3,-25,20.833333333333332,21.0,-20.5,0.5,-4.166666666666668,-4.0,4.166666666666668,4.5
2023,401524043,UCLA,Colorado,3,12,-15.0,-14.0,17.0,3.0,-3.0,-2.0,3.0,5.0
2023,401531373,Rice,Tulane,3,-2,10.166666666666666,10.5,-10.0,0.5,8.166666666666666,8.5,-8.166666666666666,-8.0
2023,401525537,Georgia Tech,North Carolina,3,4,11.833333333333334,12.5,-11.0,1.5,15.833333333333334,16.5,-15.833333333333334,-15.0
2023,401524040,Arizona State,Washington State,3,11,4.833333333333333,6.0,-4.0,2.0,15.833333333333332,17.0,-15.833333333333332,-15.0
2023,401525875,Kansas State,Houston,3,41,-17.833333333333332,-17.5,18.5,1.0,23.166666666666668,23.5,-23.166666666666668,-22.5
2023,401525878,UCF,West Virginia,3,-13,-6.666666666666667,-6.5,7.0,0.5,-19.666666666666668,-19.5,19.666666666666668,20.0
2023,401525535,Louisville,Duke,3,23,-4.833333333333333,-4.5,5.0,0.5,18.166666666666668,18.5,-18.166666666666668,-18.0
2023,401531903,Texas State,Troy,3,-18,6.333333333333333,6.5,-6.0,0.5,-11.666666666666668,-11.5,11.666666666666668,12.0
2023,401520359,Texas A&M,South Carolina,3,13,-16.166666666666668,-14.5,17.0,2.5,-3.166666666666668,-1.5,3.166666666666668,4.0
2023,401524042,Stanford,Washington,3,-9,27.333333333333332,28.0,-26.5,1.5,18.333333333333332,19.0,-18.333333333333332,-17.5
2023,401520357,Ole Miss,Vanderbilt,3,26,-24.166666666666668,-24.0,24.5,0.5,1.8333333333333321,2.0,-1.8333333333333321,-1.5
2023,401531342,SMU,Tulsa,3,59,-20.5,-20.5,20.5,0.0,38.5,38.5,-38.5,-38.5
2023,401531430,North Texas,Memphis,3,-3,6.833333333333333,7.5,-6.5,1.0,3.833333333333333,4.5,-3.833333333333333,-3.5
2023,401532431,Eastern Michigan,Western Michigan,3,-24,3.0,3.0,-3.0,0.0,-21.0,-21.0,21.0,21.0
2023,401525876,Oklahoma State,Cincinnati,3,32,-7.333333333333333,-7.0,7.5,0.5,24.666666666666668,25.0,-24.666666666666668,-24.5
2023,401531929,Georgia Southern,Georgia State,3,17,-0.16666666666666666,1.0,1.5,2.5,16.833333333333332,18.0,-16.833333333333332,-15.5
2023,401520349,Army,Massachusetts,3,-7,-10.0,-10.0,10.0,0.0,-17.0,-17.0,17.0,17.0
2023,401520358,Penn State,Indiana,3,9,-31.333333333333332,-31.0,32.0,1.0,-22.333333333333332,-22.0,22.333333333333332,23.0
2023,401531900,James Madison,Old Dominion,3,3,-19.833333333333332,-19.5,20.5,1.0,-16.833333333333332,-16.5,16.833333333333332,17.5
2023,401520351,Boston College,UConn,3,7,-14.5,-14.5,14.5,0.0,-7.5,-7.5,7.5,7.5
2023,401532605,Hawai'i,San José State,3,-35,10.166666666666666,10.5,-10.0,0.5,-24.833333333333336,-24.5,24.833333333333336,25.0
2023,401532607,Boise State,Wyoming,3,25,-4.666666666666667,-4.5,5.0,0.5,20.333333333333332,20.5,-20.333333333333332,-20.0
2023,401520356,Northwestern,Maryland,3,6,14.0,14.5,-13.5,1.0,20.0,20.5,-20.0,-19.5
2023,401531407,Charlotte,Florida Atlantic,3,-22,3.6666666666666665,4.0,-3.5,0.5,-18.333333333333332,-18.0,18.333333333333332,18.5
2023,401532603,Colorado State,Air Force,3,-17,14.0,14.5,-13.0,1.5,-3.0,-2.5,3.0,4.0
2023,401520353,Kentucky,Tennessee,3,-6,3.6666666666666665,4.0,-3.5,0.5,-2.3333333333333335,-2.0,2.3333333333333335,2.5
2023,401531910,Texas State,Georgia Southern,2,21,-0.25,2.0,2.5,4.5,20.75,23.0,-20.75,-18.5
2023,401532433,Central Michigan,Northern Illinois,2,6,4.75,6.5,-3.0,3.5,10.75,12.5,-10.75,-9.0
2023,401525543,Louisville,Virginia Tech,2,31,-9.75,-9.5,10.0,0.5,21.25,21.5,-21.25,-21.0
2023,401520379,Vanderbilt,Auburn,2,-16,12.5,12.5,-12.5,0.0,-3.5,-3.5,3.5,3.5
2023,401532612,San Diego State,Utah State,2,-8,2.25,2.5,-2.0,0.5,-5.75,-5.5,5.75,6.0
2024,401635575,Pittsburgh,California,3,2,-3.5,-3.5,3.5,0.0,-1.5,-1.5,1.5,1.5
2024,401643828,UL Monroe,Texas State,3,-21,9.5,9.5,-9.5,0.0,-11.5,-11.5,11.5,11.5
2024,401628444,Clemson,South Carolina,3,-3,-2.6666666666666665,-2.5,3.0,0.5,-5.666666666666666,-5.5,5.666666666666666,6.0
2024,401636896,West Virginia,Iowa State,3,-12,3.0,3.0,-3.0,0.0,-9.0,-9.0,9.0,9.0
2024,401643829,Southern Miss,Marshall,3,-34,13.5,13.5,-13.5,0.0,-20.5,-20.5,20.5,20.5
2024,401629045,North Texas,Army,3,-11,6.5,6.5,-6.5,0.0,-4.5,-4.5,4.5,4.5
2024,401643826,James Madison,Georgia State,3,31,-14.833333333333334,-14.5,15.5,1.0,16.166666666666664,16.5,-16.166666666666664,-15.5
2024,401636921,Texas Tech,Colorado,3,-14,4.666666666666667,5.0,-4.5,0.5,-9.333333333333332,-9.0,9.333333333333332,9.5
2024,401629037,UAB,UConn,3,-8,7.5,7.5,-7.5,0.0,-0.5,-0.5,0.5,0.5
2024,401636938,Colorado,Oklahoma State,3,52,-15.333333333333334,-14.5,16.5,2.0,36.666666666666664,37.5,-36.666666666666664,-35.5
2024,401628544,Rutgers,Minnesota,2,7,6.5,6.5,-6.5,0.0,13.5,13.5,-13.5,-13.5
2024,401628439,Georgia,Georgia Tech,3,2,-17.333333333333332,-17.0,17.5,0.5,-15.333333333333332,-15.0,15.333333333333332,15.5
2024,401635578,Virginia,Louisville,3,-4,7.166666666666667,7.5,-7.0,0.5,3.166666666666667,3.5,-3.166666666666667,-3.0
2024,401645376,Tulane,Memphis,3,-10,-12.833333333333334,-12.5,13.5,1.0,-22.833333333333336,-22.5,22.833333333333336,23.5
2024,401635623,Syracuse,Miami,3,4,12.166666666666666,12.5,-12.0,0.5,16.166666666666664,16.5,-16.166666666666664,-16.0
2024,401641021,UTEP,Kennesaw State,3,8,-4.5,-4.5,4.5,0.0,3.5,3.5,-3.5,-3.5
2024,401628541,Indiana,Michigan,3,5,-14.5,-14.5,14.5,0.0,-9.5,-9.5,9.5,9.5
2024,401645364,Tulane,Temple,3,46,-25.666666666666668,-25.5,26.0,0.5,20.333333333333332,20.5,-20.333333333333332,-20.0
2024,401636895,UCF,Cincinnati,3,-6,-2.3333333333333335,-2.0,2.5,0.5,-8.333333333333334,-8.0,8.333333333333334,8.5
2024,401643827,Louisiana,Arkansas State,3,36,-14.166666666666666,-14.0,14.5,0.5,21.833333333333336,22.0,-21.833333333333336,-21.5
2024,401628512,Iowa,Washington,3,24,-2.6666666666666665,-2.5,3.0,0.5,21.333333333333332,21.5,-21.333333333333332,-21.0
2024,401628385,Alabama,South Carolina,3,2,-20.666666666666668,-19.5,21.5,2.0,-18.666666666666668,-17.5,18.666666666666668,19.5
2024,401628446,Vanderbilt,Tennessee,3,-13,9.833333333333334,10.5,-9.5,1.0,-3.166666666666666,-2.5,3.166666666666666,3.5
2024,401643755,Oregon State,San José State,3,-11,-2.8333333333333335,-2.5,3.0,0.5,-13.833333333333334,-13.5,13.833333333333334,14.0
2024,401628418,Vanderbilt,South Carolina,3,-21,5.833333333333333,6.0,-5.5,0.5,-15.166666666666668,-15.0,15.166666666666668,15.5
2024,401641004,Louisiana Tech,Jacksonville State,3,-7,9.833333333333334,10.0,-9.5,0.5,2.833333333333334,3.0,-2.833333333333334,-2.5
2024,401636920,TCU,Oklahoma State,3,25,-10.5,-10.5,10.5,0.0,14.5,14.5,-14.5,-14.5
2024,401628546,Penn State,Washington,3,29,-13.5,-13.5,13.5,0.0,15.5,15.5,-15.5,-15.5
2024,401636893,BYU,Arizona,3,22,-2.6666666666666665,-2.5,3.0,0.5,19.333333333333332,19.5,-19.333333333333332,-19.0
2024,401628443,Missouri,Arkansas,3,7,-3.1666666666666665,-3.0,3.5,0.5,3.8333333333333335,4.0,-3.8333333333333335,-3.5
2024,401641036,New Mexico State,Western Kentucky,3,-13,18.0,18.0,-18.0,0.0,5.0,5.0,-5.0,-5.0
2024,401635621,SMU,California,3,32,-12.166666666666666,-11.5,12.5,1.0,19.833333333333336,20.5,-19.833333333333336,-19.5
2024,401636941,Baylor,Kansas,3,28,1.0,2.5,1.0,3.5,29.0,30.5,-29.0,-27.0
2024,401628543,Oregon,Maryland,3,21,-24.0,-24.0,24.0,0.0,-3.0,-3.0,3.0,3.0
2024,401628416,Tennessee,Mississippi State,3,19,-26.333333333333332,-26.0,26.5,0.5,-7.333333333333332,-7.0,7.333333333333332,7.5
2024,401636932,Kansas,Colorado,3,16,1.8333333333333333,2.5,-1.5,1.0,17.833333333333332,18.5,-17.833333333333332,-17.5
2024,401645372,North Texas,East Carolina,3,-12,-2.5,-2.5,2.5,0.0,-14.5,-14.5,14.5,14.5
2024,401643751,Air Force,Fresno State,3,8,9.666666666666666,10.0,-9.5,0.5,17.666666666666664,18.0,-17.666666666666664,-17.5
2024,401643753,Hawai'i,UNLV,3,-2,12.666666666666666,13.5,-12.0,1.5,10.666666666666666,11.5,-10.666666666666666,-10.0
2024,401643756,Washington State,Utah State,3,21,-20.333333333333332,-20.0,20.5,0.5,0.6666666666666679,1.0,-0.6666666666666679,-0.5
2024,401628413,LSU,Alabama,3,-29,2.6666666666666665,3.0,-2.5,0.5,-26.333333333333332,-26.0,26.333333333333332,26.5
2024,401628542,UCLA,Iowa,3,3,6.5,6.5,-6.5,0.0,9.5,9.5,-9.5,-9.5
2024,401628545,Ohio State,Purdue,3,45,-37.333333333333336,-37.0,37.5,0.5,7.666666666666664,8.0,-7.666666666666664,-7.5
2024,401634773,Wake Forest,California,3,-10,7.166666666666667,7.5,-7.0,0.5,-2.833333333333333,-2.5,2.833333333333333,3.0
2024,401636922,Utah,BYU,3,-1,3.1666666666666665,3.5,-3.0,0.5,2.1666666666666665,2.5,-2.1666666666666665,-2.0
2024,401643754,San Diego State,New Mexico,3,-5,-1.3333333333333333,-1.0,1.5,0.5,-6.333333333333333,-6.0,6.333333333333333,6.5
2024,401643825,Coastal Carolina,App State,3,14,2.1666666666666665,2.5,-1.5,1.0,16.166666666666668,16.5,-16.166666666666668,-15.5
2024,401644760,Central Michigan,Bowling Green,3,-10,15.333333333333334,16.0,-14.5,1.5,5.333333333333334,6.0,-5.333333333333334,-4.5
2024,401645361,East Carolina,Florida Atlantic,3,35,-6.833333333333333,-5.5,7.5,2.0,28.166666666666668,29.5,-28.166666666666668,-27.5
2024,401635616,Florida State,Charleston Southern,2,34,-33.25,-33.0,33.5,0.5,0.75,1.0,-0.75,-0.5
2024,401644688,Ball State,Miami (OH),3,-6,12.833333333333334,13.0,-12.5,0.5,6.833333333333334,7.0,-6.833333333333334,-6.5
2024,401635614,Clemson,The Citadel,2,37,-49.0,-48.5,49.5,1.0,-12.0,-11.5,12.0,12.5
2024,401628434,South Carolina,Wofford,2,44,-42.5,-42.5,42.5,0.0,1.5,1.5,-1.5,-1.5
2024,401628417,Texas,Florida,3,32,-23.166666666666668,-22.0,24.5,2.5,8.833333333333332,10.0,-8.833333333333332,-7.5
2024,401636918,Cincinnati,West Virginia,3,-7,-5.333333333333333,-5.0,5.5,0.5,-12.333333333333332,-12.0,12.333333333333332,12.5
2024,401636919,Kansas,Iowa State,3,9,2.5,2.5,-2.5,0.0,11.5,11.5,-11.5,-11.5
2024,401640995,Middle Tennessee,Liberty,3,-20,12.666666666666666,13.0,-12.5,0.5,-7.333333333333334,-7.0,7.333333333333334,7.5
2024,401644761,Kent State,Ohio,3,-41,20.5,20.5,-20.5,0.0,-20.5,-20.5,20.5,20.5
2024,401645363,South Florida,Navy,3,-21,4.5,4.5,-4.5,0.0,-16.5,-16.5,16.5,16.5
2024,401628984,Notre Dame,Florida State,3,49,-25.5,-25.5,25.5,0.0,23.5,23.5,-23.5,-23.5
2024,401635606,Boston College,Syracuse,3,6,-3.8333333333333335,-3.0,5.5,2.5,2.1666666666666665,3.0,-2.1666666666666665,-0.5
2024,401635607,Virginia Tech,Clemson,3,-10,5.833333333333333,6.5,-5.5,1.0,-4.166666666666667,-3.5,4.166666666666667,4.5
2024,401635608,NC State,Duke,3,-10,-3.1666666666666665,-3.0,3.5,0.5,-13.166666666666666,-13.0,13.166666666666666,13.5
2024,401635609,Georgia Tech,Miami,3,5,9.5,9.5,-9.5,0.0,14.5,14.5,-14.5,-14.5
2024,401635610,Pittsburgh,Virginia,3,-5,-7.333333333333333,-7.0,7.5,0.5,-12.333333333333332,-12.0,12.333333333333332,12.5
2024,401636917,Arizona State,UCF,3,4,-2.5,-2.5,2.5,0.0,1.5,1.5,-1.5,-1.5
2024,401643752,Boise State,Nevada,3,7,-23.5,-23.5,23.5,0.0,-16.5,-16.5,16.5,16.5
2024,401644762,Western Michigan,Northern Illinois,3,-14,2.1666666666666665,2.5,-2.0,0.5,-11.833333333333334,-11.5,11.833333333333334,12.0
2024,401645362,Memphis,Rice,3,7,-7.166666666666667,-7.0,7.5,0.5,-0.16666666666666696,0.0,0.16666666666666696,0.5
2024,401644775,Akron,Toledo,3,7,9.333333333333334,9.5,-9.0,0.5,16.333333333333336,16.5,-16.333333333333336,-16.0
2024,401628414,Ole Miss,Georgia,3,18,2.0,2.5,-1.5,1.0,20.0,20.5,-20.0,-19.5
2024,401628415,Missouri,Oklahoma,3,7,3.5,3.5,-3.5,0.0,10.5,10.5,-10.5,-10.5
2024,401644776,Buffalo,Kent State,3,36,-23.666666666666668,-23.5,24.0,0.5,12.333333333333332,12.5,-12.333333333333332,-12.0
2024,401628553,Washington,UCLA,3,12,-5.0,-4.5,5.5,1.0,7.0,7.5,-7.0,-6.5
2024,401645370,Navy,Tulane,3,-35,7.333333333333333,7.5,-7.0,0.5,-27.666666666666668,-27.5,27.666666666666668,28.0
2024,401636924,BYU,Kansas,3,-4,-2.5,-2.0,3.0,1.0,-6.5,-6.0,6.5,7.0
2024,401635582,Pittsburgh,Clemson,3,-4,12.0,12.5,-11.5,1.0,8.0,8.5,-8.0,-7.5
2024,401636927,Kansas State,Arizona State,3,-10,-7.5,-7.5,7.5,0.0,-17.5,-17.5,17.5,17.5
2024,401628549,USC,Nebraska,3,8,-6.5,-6.5,6.5,0.0,1.5,1.5,-1.5,-1.5
2024,401644763,Buffalo,Ball State,3,3,-3.3333333333333335,-3.0,3.5,0.5,-0.3333333333333335,0.0,0.3333333333333335,0.5
2024,401644764,Bowling Green,Western Michigan,3,18,-9.5,-9.5,9.5,0.0,8.5,8.5,-8.5,-8.5
2024,401644689,Miami (OH),Kent State,3,27,-30.666666666666668,-30.5,31.0,0.5,-3.666666666666668,-3.5,3.666666666666668,4.0
2024,401644765,Toledo,Central Michigan,3,27,-14.833333333333334,-14.5,15.0,0.5,12.166666666666666,12.5,-12.166666666666666,-12.0
2024,401644766,Northern Illinois,Akron,3,13,-14.166666666666666,-14.0,14.5,0.5,-1.166666666666666,-1.0,1.166666666666666,1.5
2024,401644767,Ohio,Eastern Michigan,3,25,-10.5,-10.5,10.5,0.0,14.5,14.5,-14.5,-14.5
2024,401645365,Tulsa,East Carolina,3,-7,16.333333333333332,16.5,-16.0,0.5,9.333333333333332,9.5,-9.333333333333332,-9.0
2024,401636892,Arizona State,Utah,3,8,5.666666666666667,6.0,-5.5,0.5,13.666666666666668,14.0,-13.666666666666668,-13.5
2024,401644777,Ohio,Ball State,3,21,-17.666666666666668,-17.5,18.0,0.5,3.333333333333332,3.5,-3.333333333333332,-3.0
2024,401644691,Bowling Green,Miami (OH),3,-16,-2.8333333333333335,-2.5,3.0,0.5,-18.833333333333332,-18.5,18.833333333333332,19.0
2024,401643843,South Alabama,Texas State,3,-7,2.1666666666666665,2.5,-1.5,1.0,-4.833333333333334,-4.5,4.833333333333334,5.5
2024,401643769,Boise State,Oregon State,3,16,-17.666666666666668,-17.5,18.0,0.5,-1.6666666666666679,-1.5,1.6666666666666679,2.0
2024,401628387,Kentucky,Vanderbilt,3,-7,-12.666666666666666,-12.5,13.0,0.5,-19.666666666666664,-19.5,19.666666666666664,20.0
2024,401640997,Sam Houston,Liberty,3,2,2.3333333333333335,2.5,-2.0,0.5,4.333333333333334,4.5,-4.333333333333334,-4.0
2024,401635625,San José State,Stanford,3,3,-2.5,-2.5,2.5,0.0,0.5,0.5,-0.5,-0.5
2024,401628513,Maryland,Northwestern,3,-27,-10.833333333333334,-10.5,11.0,0.5,-37.833333333333336,-37.5,37.833333333333336,38.0
2024,401643733,Utah State,UNLV,3,-16,18.666666666666668,19.0,-18.5,0.5,2.666666666666668,3.0,-2.666666666666668,-2.5
2024,401641030,Western Kentucky,UTEP,3,27,-19.0,-18.5,19.5,1.0,8.0,8.5,-8.0,-7.5
2024,401643803,James Madison,Coastal Carolina,3,32,-6.833333333333333,-6.5,7.0,0.5,25.166666666666668,25.5,-25.166666666666668,-25.0
2024,401641009,Louisiana Tech,Middle Tennessee,3,27,-4.833333333333333,-4.5,5.0,0.5,22.166666666666668,22.5,-22.166666666666668,-22.0
2024,401645379,East Carolina,Navy,2,-14,-2.75,-2.5,3.0,0.5,-16.75,-16.5,16.75,17.0
2024,401645341,South Florida,Memphis,3,-18,10.166666666666666,10.5,-10.0,0.5,-7.833333333333334,-7.5,7.833333333333334,8.0
2024,401643770,Colorado State,Utah State,3,5,-5.333333333333333,-5.0,5.5,0.5,-0.33333333333333304,0.0,0.33333333333333304,0.5
2024,401645378,Army,UTSA,3,5,-6.333333333333333,-6.0,6.5,0.5,-1.333333333333333,-1.0,1.333333333333333,1.5
2024,401643845,Georgia State,Coastal Carolina,3,-21,-0.16666666666666666,1.0,1.0,2.0,-21.166666666666668,-20.0,21.166666666666668,22.0
2024,401643804,Georgia Southern,Marshall,3,1,-0.5,1.0,1.5,2.5,0.5,2.0,-0.5,0.5
2024,401628389,Massachusetts,Missouri,3,-42,27.166666666666668,27.5,-27.0,0.5,-14.833333333333332,-14.5,14.833333333333332,15.0
2024,401644685,Eastern Michigan,Miami (OH),3,-24,2.8333333333333335,3.0,-2.5,0.5,-21.166666666666668,-21.0,21.166666666666668,21.5
2024,401629038,Massachusetts,UConn,3,-5,9.333333333333334,10.5,-8.0,2.5,4.333333333333334,5.5,-4.333333333333334,-3.0
2024,401635574,NC State,Syracuse,3,-7,1.1666666666666667,1.5,-1.0,0.5,-5.833333333333333,-5.5,5.833333333333333,6.0
2024,401644780,Western Michigan,Eastern Michigan,3,8,-6.333333333333333,-6.0,6.5,0.5,1.666666666666667,2.0,-1.666666666666667,-1.5
2024,401644779,Northern Illinois,Central Michigan,3,8,-14.5,-13.5,16.5,3.0,-6.5,-5.5,6.5,8.5
2024,401645381,Temple,North Texas,3,-7,11.166666666666666,12.0,-10.5,1.5,4.166666666666666,5.0,-4.166666666666666,-3.5
2024,401644742,Western Michigan,Akron,3,10,-9.5,-9.5,9.5,0.0,0.5,0.5,-0.5,-0.5
2024,401644744,Bowling Green,Northern Illinois,3,-10,-3.1666666666666665,-3.0,3.5,0.5,-13.166666666666666,-13.0,13.166666666666666,13.5
2024,401644743,Kent State,Ball State,3,-2,3.1666666666666665,3.5,-3.0,0.5,1.1666666666666665,1.5,-1.1666666666666665,-1.0
2024,401645377,Charlotte,UAB,3,2,-0.5,1.0,1.5,2.5,1.5,3.0,-1.5,-0.5
2024,401643844,Georgia Southern,App State,3,9,-2.5,-2.5,2.5,0.0,6.5,6.5,-6.5,-6.5
2024,401643846,James Madison,Marshall,3,-2,-3.3333333333333335,-2.5,4.0,1.5,-5.333333333333334,-4.5,5.333333333333334,6.0
2024,401635576,Wake Forest,Clemson,3,-35,21.166666666666668,21.5,-21.0,0.5,-13.833333333333332,-13.5,13.833333333333332,14.0
2024,401643847,Arkansas State,Old Dominion,3,-8,5.5,5.5,-5.5,0.0,-2.5,-2.5,2.5,2.5
2024,401643805,Georgia State,Old Dominion,3,-7,-2.8333333333333335,-2.5,3.0,0.5,-9.833333333333334,-9.5,9.833333333333334,10.0
2024,401644746,Central Michigan,Ohio,3,-2,2.8333333333333335,3.0,-2.5,0.5,0.8333333333333335,1.0,-0.8333333333333335,-0.5
2024,401645344,Rice,UTSA,3,2,3.5,3.5,-3.5,0.0,5.5,5.5,-5.5,-5.5
2024,401640988,Florida International,Middle Tennessee,3,11,-9.166666666666666,-8.0,10.0,2.0,1.833333333333334,3.0,-1.833333333333334,-1.0
2024,401628570,UCLA,Fresno State,3,7,-7.5,-7.5,7.5,0.0,-0.5,-0.5,0.5,0.5
2024,401643768,San Diego State,Air Force,3,-11,6.0,6.5,-5.5,1.0,-5.0,-4.5,5.0,5.5
2024,401644745,Buffalo,Toledo,3,15,10.5,10.5,-10.5,0.0,25.5,25.5,-25.5,-25.5
2024,401645342,Army,UAB,3,34,-26.5,-25.5,27.0,1.5,7.5,8.5,-7.5,-7.0
2024,401635577,North Carolina,Georgia Tech,3,-7,3.5,3.5,-3.5,0.0,-3.5,-3.5,3.5,3.5
2024,401645343,Florida Atlantic,North Texas,3,-4,5.5,5.5,-5.5,0.0,1.5,1.5,-1.5,-1.5
2024,401645382,Rice,South Florida,3,7,5.666666666666667,6.0,-5.5,0.5,12.666666666666668,13.0,-12.666666666666668,-12.5
2024,401628511,Illinois,Purdue,3,1,-22.333333333333332,-21.5,23.0,1.5,-21.333333333333332,-20.5,21.333333333333332,22.0
2024,401643729,Colorado State,San José State,3,7,-2.5,-2.5,2.5,0.0,4.5,4.5,-4.5,-4.5
2024,401643807,UL Monroe,Southern Miss,3,17,-4.333333333333333,-4.0,4.5,0.5,12.666666666666668,13.0,-12.666666666666668,-12.5
2024,401643849,Troy,Southern Miss,3,32,-17.5,-17.5,17.5,0.0,14.5,14.5,-14.5,-14.5
2024,401645380,Tulsa,Florida Atlantic,3,-47,0.16666666666666666,2.5,1.0,3.5,-46.833333333333336,-44.5,46.833333333333336,48.0
2024,401641006,Western Kentucky,Jacksonville State,3,2,0.16666666666666666,1.0,1.0,2.0,2.1666666666666665,3.0,-2.1666666666666665,-1.0
2024,401628981,Notre Dame,Stanford,3,42,-22.5,-22.5,22.5,0.0,19.5,19.5,-19.5,-19.5
2024,401643848,UL Monroe,Louisiana,3,-14,9.0,10.0,-8.5,1.5,-5.0,-4.0,5.0,5.5
2024,401643727,New Mexico,Air Force,3,15,-6.833333333333333,-6.5,7.0,0.5,8.166666666666668,8.5,-8.166666666666668,-8.0
2024,401643806,Louisiana,App State,3,10,-10.166666666666666,-10.0,10.5,0.5,-0.16666666666666607,0.0,0.16666666666666607,0.5
2024,401643732,Wyoming,San Diego State,3,-3,-1.6666666666666667,-1.5,2.0,0.5,-4.666666666666667,-4.5,4.666666666666667,5.0
2024,401643730,Fresno State,Washington State,3,-8,3.5,3.5,-3.5,0.0,-4.5,-4.5,4.5,4.5
2024,401641014,Louisiana Tech,Kennesaw State,3,33,-11.333333333333334,-10.0,13.5,3.5,21.666666666666664,23.0,-21.666666666666664,-19.5
2024,401643773,Washington State,Wyoming,3,-1,-18.5,-18.5,18.5,0.0,-19.5,-19.5,19.5,19.5
2024,401643772,UNLV,Nevada,3,24,-17.5,-17.5,17.5,0.0,6.5,6.5,-6.5,-6.5
2024,401643808,Texas State,Arkansas State,3,32,-13.5,-13.5,13.5,0.0,18.5,18.5,-18.5,-18.5
2024,401643731,Nevada,Oregon State,3,5,2.8333333333333335,3.0,-2.5,0.5,7.833333333333334,8.0,-7.833333333333334,-7.5
2024,401628514,UCLA,Minnesota,3,-4,3.5,3.5,-3.5,0.0,-0.5,-0.5,0.5,0.5
2024,401643728,Hawai'i,Boise State,3,-21,20.833333333333332,21.0,-20.5,0.5,-0.16666666666666785,0.0,0.16666666666666785,0.5
2024,401628386,Georgia,Mississippi State,3,10,-33.833333333333336,-33.0,34.5,1.5,-23.833333333333336,-23.0,23.833333333333336,24.5
2024,401641031,New Mexico State,UTEP,3,-7,-3.3333333333333335,-3.0,3.5,0.5,-10.333333333333334,-10.0,10.333333333333334,10.5
2024,401641002,Jacksonville State,New Mexico State,3,41,-21.166666666666668,-21.0,21.5,0.5,19.833333333333332,20.0,-19.833333333333332,-19.5
2024,401643771,Hawai'i,New Mexico,3,8,5.666666666666667,6.5,-4.0,2.5,13.666666666666668,14.5,-13.666666666666668,-12.0
2024,401640982,Liberty,Florida International,3,7,-15.666666666666666,-15.5,16.0,0.5,-8.666666666666666,-8.5,8.666666666666666,9.0
2024,401628568,Wisconsin,Minnesota,3,-17,1.5,2.0,-1.0,1.0,-15.5,-15.0,15.5,16.0
2024,401636939,UCF,Utah,3,-14,-9.833333333333334,-9.5,10.0,0.5,-23.833333333333336,-23.5,23.833333333333336,24.0
2024,401628442,Ole Miss,Mississippi State,3,12,-26.166666666666668,-26.0,26.5,0.5,-14.166666666666668,-14.0,14.166666666666668,14.5
2024,401628562,Iowa,Nebraska,3,3,-3.1666666666666665,-3.0,3.5,0.5,-0.16666666666666652,0.0,0.16666666666666652,0.5
2024,401643759,Colorado State,Wyoming,3,14,-8.333333333333334,-7.5,9.0,1.5,5.666666666666666,6.5,-5.666666666666666,-5.0
2024,401628563,Northwestern,Illinois,3,-10,8.833333333333334,9.0,-8.5,0.5,-1.166666666666666,-1.0,1.166666666666666,1.5
2024,401628440,Kentucky,Louisville,3,-27,4.0,4.5,-3.5,1.0,-23.0,-22.5,23.0,23.5
2024,401645366,UTSA,North Texas,3,21,-1.3333333333333333,-1.0,1.5,0.5,19.666666666666668,20.0,-19.666666666666668,-19.5
2024,401636945,Texas Tech,West Virginia,3,37,-2.6666666666666665,-2.5,3.0,0.5,34.333333333333336,34.5,-34.333333333333336,-34.0
2024,401636940,Arizona,Arizona State,3,-42,7.5,7.5,-7.5,0.0,-34.5,-34.5,34.5,34.5
2024,401635620,Boston College,Pittsburgh,3,11,-3.5,-3.5,3.5,0.0,7.5,7.5,-7.5,-7.5
2024,401636923,Arizona,Houston,3,24,-1.1666666666666667,-1.0,1.5,0.5,22.833333333333332,23.0,-22.833333333333332,-22.5
2024,401628567,Michigan State,Rutgers,2,-27,-1.5,-1.5,1.5,0.0,-28.5,-28.5,28.5,28.5
2024,401628565,Penn State,Maryland,3,37,-26.0,-25.5,26.5,1.0,11.0,11.5,-11.0,-10.5
2024,401628571,USC,Notre Dame,3,-14,6.833333333333333,7.0,-6.5,0.5,-7.166666666666667,-7.0,7.166666666666667,7.5
2024,401636943,Cincinnati,TCU,3,-7,2.5,2.5,-2.5,0.0,-4.5,-4.5,4.5,4.5
2024,401628550,Northwestern,Ohio State,3,-24,28.666666666666668,29.5,-28.0,1.5,4.666666666666668,5.5,-4.666666666666668,-4.0
2024,401628438,Florida State,Florida,3,-20,17.166666666666668,17.5,-17.0,0.5,-2.833333333333332,-2.5,2.833333333333332,3.0
2024,401628441,LSU,Oklahoma,3,20,-5.5,-4.5,6.0,1.5,14.5,15.5,-14.5,-14.0
2024,401635581,California,Syracuse,3,-8,-10.333333333333334,-10.0,10.5,0.5,-18.333333333333336,-18.0,18.333333333333336,18.5
2024,401635583,North Carolina,Wake Forest,3,7,-10.333333333333334,-10.0,10.5,0.5,-3.333333333333334,-3.0,3.333333333333334,3.5
2024,401628564,Indiana,Purdue,3,66,-28.666666666666668,-28.5,29.0,0.5,37.33333333333333,37.5,-37.33333333333333,-37.0
2024,401636944,Iowa State,Kansas State,3,8,-2.0,-1.5,2.5,1.0,6.0,6.5,-6.0,-5.5
2024,401628517,Rutgers,Wisconsin,2,-35,-1.25,-1.0,1.5,0.5,-36.25,-36.0,36.25,36.5
2024,401635640,Virginia Tech,Virginia,3,20,-4.5,-4.5,4.5,0.0,15.5,15.5,-15.5,-15.5
2024,401628547,Illinois,Michigan State,3,22,-1.8333333333333333,-1.5,2.0,0.5,20.166666666666668,20.5,-20.166666666666668,-20.0
2024,401628445,Texas A&M,Texas,3,-10,4.5,4.5,-4.5,0.0,-5.5,-5.5,5.5,5.5
2024,401628569,Oregon,Washington,3,28,-17.333333333333332,-17.0,17.5,0.5,10.666666666666668,11.0,-10.666666666666668,-10.5
2024,401636942,BYU,Houston,3,12,-11.333333333333334,-9.5,12.5,3.0,0.6666666666666661,2.5,-0.6666666666666661,0.5
2024,401635517,Stanford,Louisville,3,3,20.833333333333332,21.0,-20.5,0.5,23.833333333333332,24.0,-23.833333333333332,-23.5
2024,401628985,Notre Dame,Virginia,3,21,-21.166666666666668,-20.5,21.5,1.0,-0.16666666666666785,0.5,0.16666666666666785,0.5
2024,401628552,Purdue,Penn State,3,-39,30.166666666666668,30.5,-30.0,0.5,-8.833333333333332,-8.5,8.833333333333332,9.0
2024,401628566,Ohio State,Michigan,3,-3,-20.0,-19.5,20.5,1.0,-23.0,-22.5,23.0,23.5
2024,401635622,Wake Forest,Duke,3,-6,3.5,3.5,-3.5,0.0,-2.5,-2.5,2.5,2.5
2024,401636929,West Virginia,Baylor,3,-14,2.0,2.5,-1.5,1.0,-12.0,-11.5,12.0,12.5
2024,401636926,Iowa State,Cincinnati,3,17,-7.166666666666667,-7.0,7.5,0.5,9.833333333333332,10.0,-9.833333333333332,-9.5
2024,401635624,North Carolina,NC State,3,-5,-2.1666666666666665,-2.0,2.5,0.5,-7.166666666666666,-7.0,7.166666666666666,7.5
2024,401635580,SMU,Boston College,3,10,-19.166666666666668,-19.0,19.5,0.5,-9.166666666666668,-9.0,9.166666666666668,9.5
2024,401628423,South Carolina,Missouri,3,4,-10.5,-10.5,10.5,0.0,-6.5,-6.5,6.5,6.5
2024,401628437,Alabama,Auburn,3,14,-10.833333333333334,-10.5,11.0,0.5,3.166666666666666,3.5,-3.166666666666666,-3.0
2024,401645369,Temple,Florida Atlantic,3,3,-2.1666666666666665,-2.0,2.5,0.5,0.8333333333333335,1.0,-0.8333333333333335,-0.5
2024,401643832,Marshall,Coastal Carolina,3,12,-7.5,-7.5,7.5,0.0,4.5,4.5,-4.5,-4.5
2024,401643830,Georgia Southern,Troy,3,-8,-7.166666666666667,-7.0,7.5,0.5,-15.166666666666668,-15.0,15.166666666666668,15.5
2024,401643833,Old Dominion,James Madison,3,-3,1.8333333333333333,2.5,-1.5,1.0,-1.1666666666666667,-0.5,1.1666666666666667,1.5
2024,401629046,Massachusetts,Liberty,3,-1,16.0,17.0,-14.5,2.5,15.0,16.0,-15.0,-13.5
2024,401641013,Western Kentucky,Louisiana Tech,3,-5,-11.833333333333334,-11.5,12.5,1.0,-16.833333333333336,-16.5,16.833333333333336,17.5
2024,401643831,Georgia State,Arkansas State,3,-7,-2.6666666666666665,-2.5,3.0,0.5,-9.666666666666666,-9.5,9.666666666666666,10.0
2024,401645368,Charlotte,South Florida,3,-35,-1.5,-1.5,1.5,0.0,-36.5,-36.5,36.5,36.5
2024,401641022,Kennesaw State,Sam Houston,3,-6,20.833333333333332,21.0,-20.5,0.5,14.833333333333332,15.0,-14.833333333333332,-14.5
2024,401643834,Louisiana,South Alabama,3,-2,-6.5,-6.5,6.5,0.0,-8.5,-8.5,8.5,8.5
2024,401643761,New Mexico,Washington State,3,3,10.833333333333334,11.5,-10.5,1.0,13.833333333333334,14.5,-13.833333333333334,-13.5
2024,401628426,Auburn,UL Monroe,3,34,-24.833333333333332,-24.5,25.5,1.0,9.166666666666668,9.5,-9.166666666666668,-8.5
2024,401643757,Air Force,Oregon State,3,28,2.6666666666666665,3.0,-2.5,0.5,30.666666666666668,31.0,-30.666666666666668,-30.5
2024,401643835,Texas State,Southern Miss,3,55,-27.5,-27.5,27.5,0.0,27.5,27.5,-27.5,-27.5
2024,401645367,Memphis,UAB,3,35,-16.666666666666668,-16.0,17.5,1.5,18.333333333333332,19.0,-18.333333333333332,-17.5
2024,401640986,Jacksonville State,Florida International,3,3,-12.5,-12.5,12.5,0.0,-9.5,-9.5,9.5,9.5
2024,401643760,Utah State,Hawai'i,3,45,2.5,2.5,-2.5,0.0,47.5,47.5,-47.5,-47.5
2024,401643758,San José State,Boise State,3,-21,14.333333333333334,14.5,-14.0,0.5,-6.666666666666666,-6.5,6.666666666666666,7.0
2024,401643762,UNLV,San Diego State,3,21,-21.0,-19.5,22.0,2.5,0.0,1.5,0.0,1.0
2024,401628388,LSU,Ole Miss,3,3,3.8333333333333335,4.0,-3.5,0.5,6.833333333333334,7.0,-6.833333333333334,-6.5
2024,401628390,Oklahoma,Texas,3,-31,16.833333333333332,17.0,-16.5,0.5,-14.166666666666668,-14.0,14.166666666666668,14.5
2024,401628515,Oregon,Ohio State,3,1,3.5,3.5,-3.5,0.0,4.5,4.5,-4.5,-4.5
2024,401628516,USC,Penn State,3,-3,3.6666666666666665,4.0,-3.5,0.5,0.6666666666666665,1.0,-0.6666666666666665,-0.5
2024,401628391,Tennessee,Florida,3,6,-13.833333333333334,-13.5,14.0,0.5,-7.833333333333334,-7.5,7.833333333333334,8.0
2024,401636894,Colorado,Kansas State,3,-3,3.5,3.5,-3.5,0.0,0.5,0.5,-0.5,-0.5
2024,401680057,Montana State,North Dakota State,2,-3,-5.25,-4.0,6.5,2.5,-8.25,-7.0,8.25,9.5
2024,401677191,Texas,Ohio State,3,-14,5.833333333333333,6.5,-5.5,1.0,-8.166666666666668,-7.5,8.166666666666668,8.5
2024,401677192,Notre Dame,Ohio State,3,-11,8.5,8.5,-8.5,0.0,-2.5,-2.5,2.5,2.5
2024,401729780,Montana State,Idaho,2,33,-14.5,-14.5,14.5,0.0,18.5,18.5,-18.5,-18.5
2024,401628395,Missouri,Auburn,3,4,-3.8333333333333335,-3.5,4.5,1.0,0.16666666666666652,0.5,-0.16666666666666652,0.5
2024,401677184,Georgia,Notre Dame,3,-13,1.1666666666666667,1.5,-1.0,0.5,-11.833333333333334,-11.5,11.833333333333334,12.0
2024,401628452,Michigan,Fresno State,2,20,-21.0,-21.0,21.0,0.0,-1.0,-1.0,1.0,1.0
2024,401644683,Northwestern,Miami (OH),3,7,-3.5,-3.0,4.0,1.0,3.5,4.0,-3.5,-3.0
2024,401634206,Colorado,North Dakota State,3,5,-10.0,-9.0,11.5,2.5,-5.0,-4.0,5.0,6.5
2024,401628449,Indiana,Florida International,3,24,-23.833333333333332,-20.5,25.5,5.0,0.16666666666666785,3.5,-0.16666666666666785,1.5
2024,401628381,Georgia,Auburn,3,18,-21.166666666666668,-21.0,21.5,0.5,-3.166666666666668,-3.0,3.166666666666668,3.5
2024,401628529,Michigan,Michigan State,3,7,-3.3333333333333335,-3.0,3.5,0.5,3.6666666666666665,4.0,-3.6666666666666665,-3.5
2024,401628421,Georgia,Tennessee,3,14,-8.5,-7.5,9.5,2.0,5.5,6.5,-5.5,-4.5
2024,401628404,Texas A&M,LSU,3,15,-1.8333333333333333,-1.5,2.0,0.5,13.166666666666666,13.5,-13.166666666666666,-13.0
2024,401628536,Michigan,Oregon,3,-21,14.5,14.5,-14.5,0.0,-6.5,-6.5,6.5,6.5
2024,401628334,LSU,USC,3,-7,-3.8333333333333335,-3.5,4.0,0.5,-10.833333333333334,-10.5,10.833333333333334,11.0
2024,401628530,Ohio State,Nebraska,3,4,-25.166666666666668,-25.0,25.5,0.5,-21.166666666666668,-21.0,21.166666666666668,21.5
2024,401636909,Kansas State,Kansas,3,2,-9.833333333333334,-9.5,10.0,0.5,-7.833333333333334,-7.5,7.833333333333334,8.0
2024,401628375,Auburn,Oklahoma,3,-6,-1.8333333333333333,-1.5,2.0,0.5,-7.833333333333333,-7.5,7.833333333333333,8.0
2024,401628433,Oklahoma,Alabama,3,21,14.0,14.5,-13.5,1.0,35.0,35.5,-35.0,-34.5
2024,401628397,Tennessee,Alabama,3,7,3.5,3.5,-3.5,0.0,10.5,10.5,-10.5,-10.5
2024,401628347,Michigan,Texas,3,-19,6.666666666666667,7.0,-6.5,0.5,-12.333333333333332,-12.0,12.333333333333332,12.5
2024,401628505,Washington,Michigan,3,10,-1.5,-1.5,1.5,0.0,8.5,8.5,-8.5,-8.5
2024,401635562,Duke,North Carolina,3,1,1.3333333333333333,1.5,-1.0,0.5,2.333333333333333,2.5,-2.333333333333333,-2.0
2024,401628420,Florida,LSU,3,11,2.8333333333333335,3.0,-2.5,0.5,13.833333333333334,14.0,-13.833333333333334,-13.5
2024,401628464,Iowa,Iowa State,3,-1,-2.8333333333333335,-2.5,3.0,0.5,-3.8333333333333335,-3.5,3.8333333333333335,4.0
2024,401628454,Nebraska,UTEP,2,33,-27.5,-27.5,27.5,0.0,5.5,5.5,-5.5,-5.5
2024,401628551,Wisconsin,Oregon,3,-3,13.5,13.5,-13.5,0.0,10.5,10.5,-10.5,-10.5
2024,401628561,UCLA,USC,3,-6,4.666666666666667,5.0,-4.5,0.5,-1.333333333333333,-1.0,1.333333333333333,1.5
2024,401634306,Florida State,Boston College,3,-15,-16.5,-16.5,16.5,0.0,-31.5,-31.5,31.5,31.5
2024,401628328,Oklahoma,Temple,3,48,-43.0,-42.5,43.5,1.0,5.0,5.5,-5.0,-4.5
2024,401628539,Penn State,Ohio State,3,-7,3.1666666666666665,3.5,-3.0,0.5,-3.8333333333333335,-3.5,3.8333333333333335,4.0
2024,401635596,Miami,Florida State,3,22,-22.166666666666668,-21.5,22.5,1.0,-0.16666666666666785,0.5,0.16666666666666785,0.5
2024,401640984,Florida International,Sam Houston,3,-3,5.333333333333333,6.5,-4.5,2.0,2.333333333333333,3.5,-2.333333333333333,-1.5
2024,401628419,Arkansas,Texas,3,-10,12.833333333333334,13.5,-12.0,1.5,2.833333333333334,3.5,-2.833333333333334,-2.0
2024,401636876,Oklahoma State,Utah,3,-3,0.8333333333333334,1.0,-0.5,0.5,-2.1666666666666665,-2.0,2.1666666666666665,2.5
2024,401673467,Miami (OH),Ohio,3,-35,-2.5,-2.5,2.5,0.0,-37.5,-37.5,37.5,37.5
2024,401628346,NC State,Tennessee,3,-41,10.666666666666666,13.5,-8.5,5.0,-30.333333333333336,-27.5,30.333333333333336,32.5
2024,401628374,Alabama,Georgia,3,7,-1.1666666666666667,2.0,7.5,9.5,5.833333333333333,9.0,-5.833333333333333,0.5
2024,401636883,Kansas State,Oklahoma State,3,22,-5.833333333333333,-5.5,6.0,0.5,16.166666666666668,16.5,-16.166666666666668,-16.0
2024,401641038,Sam Houston,Western Kentucky,3,-17,-1.3333333333333333,-1.0,1.5,0.5,-18.333333333333332,-18.0,18.333333333333332,18.5
2024,401628369,Oklahoma,Tennessee,3,-10,6.0,6.5,-5.5,1.0,-4.0,-3.5,4.0,4.5
2024,401634305,Pittsburgh,Kent State,3,31,-23.5,-23.5,23.5,0.0,7.5,7.5,-7.5,-7.5
2024,401628448,Minnesota,North Carolina,3,-2,0.3333333333333333,2.0,2.5,4.5,-1.6666666666666667,0.0,1.6666666666666667,4.5
2024,401628451,Maryland,UConn,3,43,-19.333333333333332,-18.5,20.5,2.0,23.666666666666668,24.5,-23.666666666666668,-22.5
2024,401643696,Nevada,SMU,3,-5,27.5,28.0,-27.0,1.0,22.5,23.0,-22.5,-22.0
2024,401640998,Jacksonville State,Coastal Carolina,3,-28,-3.5,-3.5,3.5,0.0,-31.5,-31.5,31.5,31.5
2024,401628457,West Virginia,Penn State,3,-22,8.333333333333334,10.0,-7.5,2.5,-13.666666666666666,-12.0,13.666666666666666,14.5
2024,401636900,Iowa State,UCF,3,3,-13.166666666666666,-13.0,13.5,0.5,-10.166666666666666,-10.0,10.166666666666666,10.5
2024,401634768,Virginia Tech,Boston College,3,21,-8.333333333333334,-8.0,8.5,0.5,12.666666666666666,13.0,-12.666666666666666,-12.5
2024,401634300,Stanford,TCU,3,-7,8.333333333333334,8.5,-8.0,0.5,1.333333333333334,1.5,-1.333333333333334,-1.0
2024,401628424,Texas A&M,New Mexico State,3,35,-38.833333333333336,-38.5,39.5,1.0,-3.8333333333333357,-3.5,3.8333333333333357,4.5
2024,401635525,Georgia Tech,Florida State,3,3,10.666666666666666,11.5,-10.0,1.5,13.666666666666666,14.5,-13.666666666666666,-13.0
2024,401643701,Troy,Nevada,3,-2,-10.166666666666666,-7.5,15.5,8.0,-12.166666666666666,-9.5,12.166666666666666,17.5
2024,401628332,Texas A&M,Notre Dame,3,-10,-2.6666666666666665,-2.5,3.0,0.5,-12.666666666666666,-12.5,12.666666666666666,13.0
2024,401641039,Rice,Sam Houston,3,-20,-9.833333333333334,-9.5,10.5,1.0,-29.833333333333336,-29.5,29.833333333333336,30.5
2024,401636925,Colorado,Utah,3,25,-13.5,-13.5,13.5,0.0,11.5,11.5,-11.5,-11.5
2024,401636609,Arizona State,Wyoming,3,41,-6.5,-6.5,6.5,0.0,34.5,34.5,-34.5,-34.5
2024,401643774,Charlotte,James Madison,2,-23,7.0,7.5,-6.5,1.0,-16.0,-15.5,16.0,16.5
2024,401636608,Arizona,New Mexico,3,22,-29.166666666666668,-28.0,30.5,2.5,-7.166666666666668,-6.0,7.166666666666668,8.5
2024,401628467,Nebraska,Colorado,3,18,-6.666666666666667,-6.5,7.0,0.5,11.333333333333332,11.5,-11.333333333333332,-11.0
2024,401628323,Georgia,Clemson,3,31,-11.666666666666666,-10.5,14.0,3.5,19.333333333333336,20.5,-19.333333333333336,-17.0
2024,401677189,Penn State,Notre Dame,3,-3,-1.3333333333333333,-1.0,1.5,0.5,-4.333333333333333,-4.0,4.333333333333333,4.5
2024,401636904,West Virginia,Kansas State,3,-27,2.5,2.5,-2.5,0.0,-24.5,-24.5,24.5,24.5
2024,401673463,SMU,Clemson,3,-3,-2.6666666666666665,-2.5,3.0,0.5,-5.666666666666666,-5.5,5.666666666666666,6.0
2024,401643700,Georgia Southern,Boise State,3,-11,12.5,13.0,-12.0,1.0,1.5,2.0,-1.5,-1.0
2024,401628329,South Carolina,Old Dominion,3,4,-20.333333333333332,-20.0,20.5,0.5,-16.333333333333332,-16.0,16.333333333333332,16.5
2024,401643775,South Alabama,North Texas,3,-14,-5.833333333333333,-5.5,6.0,0.5,-19.833333333333332,-19.5,19.833333333333332,20.0
2024,401636611,Houston,UNLV,2,-20,-2.25,-1.5,3.0,1.5,-22.25,-21.5,22.25,23.0
2024,401641011,Louisiana Tech,UTEP,3,4,-6.5,-6.5,6.5,0.0,-2.5,-2.5,2.5,2.5
2024,401677090,Navy,Oklahoma,3,1,1.3333333333333333,2.5,1.0,3.5,2.333333333333333,3.5,-2.333333333333333,0.0
2024,401628982,Georgia Tech,Notre Dame,3,-18,14.166666666666666,14.5,-14.0,0.5,-3.833333333333334,-3.5,3.833333333333334,4.0
2024,401677181,Boise State,Penn State,3,-17,12.0,12.5,-11.5,1.0,-5.0,-4.5,5.0,5.5
2024,401673465,Arizona State,Iowa State,3,26,0.5,1.5,1.5,3.0,26.5,27.5,-26.5,-24.5
2024,401628393,Florida,Kentucky,3,28,2.5,2.5,-2.5,0.0,30.5,30.5,-30.5,-30.5
2024,401677100,Army,Louisiana Tech,3,21,-14.5,-14.0,15.0,1.0,6.5,7.0,-6.5,-6.0
2024,401636897,Arizona,Colorado,3,-27,-2.5,-2.5,2.5,0.0,-29.5,-29.5,29.5,29.5
2024,401628518,Illinois,Michigan,3,14,5.833333333333333,6.0,-5.5,0.5,19.833333333333332,20.0,-19.833333333333332,-19.5
2024,401673466,Jacksonville State,Western Kentucky,3,40,-4.333333333333333,-4.0,4.5,0.5,35.666666666666664,36.0,-35.666666666666664,-35.5
2024,401640993,Kennesaw State,Liberty,3,3,27.166666666666668,27.5,-27.0,0.5,30.166666666666668,30.5,-30.166666666666668,-30.0
2024,401641003,Jacksonville State,Middle Tennessee,3,22,-20.5,-20.5,20.5,0.0,1.5,1.5,-1.5,-1.5
2024,401628396,Oklahoma,South Carolina,3,-26,1.5,2.5,-1.0,1.5,-24.5,-23.5,24.5,25.0
2024,401643815,Old Dominion,Georgia Southern,3,28,0.8333333333333334,1.0,-0.5,0.5,28.833333333333332,29.0,-28.833333333333332,-28.5
2024,401634770,Pittsburgh,Syracuse,3,28,-4.833333333333333,-4.5,5.0,0.5,23.166666666666668,23.5,-23.166666666666668,-23.0
2024,401634771,Boston College,Louisville,3,-4,7.166666666666667,7.5,-7.0,0.5,3.166666666666667,3.5,-3.166666666666667,-3.0
2024,401673469,Texas,Georgia,3,-3,-2.8333333333333335,-2.5,3.0,0.5,-5.833333333333334,-5.5,5.833333333333334,6.0
2024,401628521,Maryland,USC,3,1,6.666666666666667,7.0,-6.5,0.5,7.666666666666667,8.0,-7.666666666666667,-7.5
2024,401628519,Indiana,Nebraska,3,49,-6.5,-6.5,6.5,0.0,42.5,42.5,-42.5,-42.5
2024,401628453,Michigan State,Florida Atlantic,3,6,-12.0,-11.5,12.5,1.0,-6.0,-5.5,6.0,6.5
2024,401628461,Wisconsin,Western Michigan,3,14,-24.166666666666668,-24.0,24.5,0.5,-10.166666666666668,-10.0,10.166666666666668,10.5
2024,401673462,Army,Tulane,3,21,4.833333333333333,5.0,-4.5,0.5,25.833333333333332,26.0,-25.833333333333332,-25.5
2024,401643740,UNLV,Boise State,3,-5,3.8333333333333335,4.0,-3.5,0.5,-1.1666666666666665,-1.0,1.1666666666666665,1.5
2024,401673468,Boise State,UNLV,3,14,-3.8333333333333335,-3.5,4.0,0.5,10.166666666666666,10.5,-10.166666666666666,-10.0
2024,401628532,USC,Rutgers,2,22,-13.75,-13.5,14.0,0.5,8.25,8.5,-8.25,-8.0
2024,401673464,Oregon,Penn State,3,8,-3.3333333333333335,-3.0,3.5,0.5,4.666666666666666,5.0,-4.666666666666666,-4.5
2024,401629039,Massachusetts,Eastern Michigan,3,-14,-2.5,-2.5,2.5,0.0,-16.5,-16.5,16.5,16.5
2024,401641015,UTSA,Kennesaw State,2,12,-24.0,-24.0,24.0,0.0,-12.0,-12.0,12.0,12.0
2024,401628319,Alabama,Western Kentucky,3,63,-34.166666666666664,-31.0,37.5,6.5,28.833333333333336,32.0,-28.833333333333336,-25.5
2024,401645383,Army,Navy,3,-18,-6.333333333333333,-6.0,6.5,0.5,-24.333333333333332,-24.0,24.333333333333332,24.5
2024,401677182,Arizona State,Texas,3,-8,13.333333333333334,13.5,-13.0,0.5,5.333333333333334,5.5,-5.333333333333334,-5.0
2024,401628980,Notre Dame,Louisville,3,7,-6.5,-6.5,6.5,0.0,0.5,0.5,-0.5,-0.5
2024,401635552,Clemson,NC State,3,24,-17.833333333333332,-17.0,19.0,2.0,6.166666666666668,7.0,-6.166666666666668,-5.0
2024,401636911,UCF,BYU,3,-13,-2.5,-2.5,2.5,0.0,-15.5,-15.5,15.5,15.5
2024,401635569,Florida State,Clemson,3,-16,16.5,16.5,-16.5,0.0,0.5,0.5,-0.5,-0.5
2024,401628408,Georgia,Florida,3,14,-14.666666666666666,-14.5,15.0,0.5,-0.6666666666666661,-0.5,0.6666666666666661,1.0
2024,401628429,Florida,Ole Miss,3,7,13.0,13.5,-12.5,1.0,20.0,20.5,-20.0,-19.5
2024,401628531,Wisconsin,Penn State,3,-15,6.333333333333333,6.5,-6.0,0.5,-8.666666666666668,-8.5,8.666666666666668,9.0
2024,401628322,Florida,Miami,3,-24,2.5,2.5,-2.5,0.0,-21.5,-21.5,21.5,21.5
2024,401628353,Florida,Texas A&M,3,-13,3.6666666666666665,4.5,-3.0,1.5,-9.333333333333334,-8.5,9.333333333333334,10.0
2024,401628373,Texas A&M,Arkansas,3,4,-6.833333333333333,-6.5,7.5,1.0,-2.833333333333333,-2.5,2.833333333333333,3.5
2024,401643697,New Mexico,Montana State,3,-4,11.5,13.5,-10.5,3.0,7.5,9.5,-7.5,-6.5
2024,401628459,Hawai'i,UCLA,3,-3,13.5,13.5,-13.5,0.0,10.5,10.5,-10.5,-10.5
2024,401628489,Michigan,USC,3,3,4.166666666666667,4.5,-4.0,0.5,7.166666666666667,7.5,-7.166666666666667,-7.0
2024,401634767,Miami,Virginia Tech,3,4,-17.666666666666668,-17.5,18.0,0.5,-13.666666666666668,-13.5,13.666666666666668,14.0
2024,401636864,Kansas State,Arizona,3,24,-7.833333333333333,-7.0,9.5,2.5,16.166666666666668,17.0,-16.166666666666668,-14.5
2024,401635547,Pittsburgh,West Virginia,3,4,2.0,2.5,-1.5,1.0,6.0,6.5,-6.0,-5.5
2024,401635589,Louisville,Miami,3,-7,4.333333333333333,4.5,-4.0,0.5,-2.666666666666667,-2.5,2.666666666666667,3.0
2024,401677183,Oregon,Ohio State,3,-20,2.5,2.5,-2.5,0.0,-17.5,-17.5,17.5,17.5
2024,401643858,Hawai'i,Delaware State,3,21,-38.666666666666664,-38.0,39.5,1.5,-17.666666666666664,-17.0,17.666666666666664,18.5
2024,401644752,Akron,Eastern Michigan,3,4,2.5,2.5,-2.5,0.0,6.5,6.5,-6.5,-6.5
2024,401628333,Vanderbilt,Virginia Tech,3,7,13.333333333333334,13.5,-13.0,0.5,20.333333333333336,20.5,-20.333333333333336,-20.0
2024,401635600,Clemson,Louisville,3,-12,-11.166666666666666,-11.0,11.5,0.5,-23.166666666666664,-23.0,23.166666666666664,23.5
2024,401628483,Oregon State,Oregon,3,-35,17.666666666666668,19.0,-16.0,3.0,-17.333333333333332,-16.0,17.333333333333332,19.0
2024,401628484,Washington,Washington State,3,-5,-5.166666666666667,-4.0,6.0,2.0,-10.166666666666668,-9.0,10.166666666666668,11.0
2024,401644755,Ohio,Buffalo,3,31,-4.166666666666667,-4.0,4.5,0.5,26.833333333333332,27.0,-26.833333333333332,-26.5
2024,401628350,Wisconsin,Alabama,3,-32,15.166666666666666,15.5,-14.5,1.0,-16.833333333333336,-16.5,16.833333333333336,17.5
2024,401634304,Syracuse,Ohio,3,16,-17.333333333333332,-17.0,17.5,0.5,-1.3333333333333321,-1.0,1.3333333333333321,1.5
2024,401628402,Ole Miss,Oklahoma,3,12,-19.333333333333332,-19.0,19.5,0.5,-7.333333333333332,-7.0,7.333333333333332,7.5
2024,401628455,Ohio State,Akron,3,46,-49.5,-48.5,50.5,2.0,-3.5,-2.5,3.5,4.5
2024,401636861,Colorado State,Colorado,3,-19,7.5,7.5,-7.5,0.0,-11.5,-11.5,11.5,11.5
2024,401628324,Kentucky,Southern Miss,3,31,-25.5,-25.5,25.5,0.0,5.5,5.5,-5.5,-5.5
2024,401628383,Texas A&M,Missouri,3,31,-2.6666666666666665,-2.5,3.0,0.5,28.333333333333332,28.5,-28.333333333333332,-28.0
2024,401628504,Ohio State,Iowa,3,28,-17.166666666666668,-17.0,17.5,0.5,10.833333333333332,11.0,-10.833333333333332,-10.5
2024,401634302,Georgia Tech,Georgia State,2,23,-20.5,-20.5,20.5,0.0,2.5,2.5,-2.5,-2.5
2024,401628331,Texas,Colorado State,3,52,-35.0,-34.5,35.5,1.0,17.0,17.5,-17.0,-16.5
2024,401636886,Utah,Arizona,3,-13,-7.5,-7.5,7.5,0.0,-20.5,-20.5,20.5,20.5
2024,401634212,Oklahoma State,South Dakota State,3,24,-10.5,-9.5,12.5,3.0,13.5,14.5,-13.5,-11.5
2024,401628428,Auburn,Texas A&M,3,2,2.5,2.5,-2.5,0.0,4.5,4.5,-4.5,-4.5
2024,401628502,USC,Wisconsin,3,17,-13.666666666666666,-13.5,14.0,0.5,3.333333333333334,3.5,-3.333333333333334,-3.0
2024,401628400,Alabama,Missouri,3,34,-16.0,-15.5,16.5,1.0,18.0,18.5,-18.0,-17.5
2024,401628392,Arkansas,LSU,3,-24,2.8333333333333335,3.0,-2.5,0.5,-21.166666666666668,-21.0,21.166666666666668,21.5
2024,401636936,Utah,Iowa State,3,-3,5.5,6.5,-3.5,3.0,2.5,3.5,-2.5,-0.5
2024,401628398,Texas,Georgia,3,-15,-4.166666666666667,-4.0,4.5,0.5,-19.166666666666668,-19.0,19.166666666666668,19.5
2024,401635597,Virginia Tech,Georgia Tech,3,15,-11.166666666666666,-11.0,11.5,0.5,3.833333333333334,4.0,-3.833333333333334,-3.5
2024,401673470,Louisiana,Marshall,3,-28,-4.833333333333333,-4.5,5.0,0.5,-32.833333333333336,-32.5,32.833333333333336,33.0
2024,401636616,Tulane,Kansas State,3,-7,8.833333333333334,9.0,-8.5,0.5,1.833333333333334,2.0,-1.833333333333334,-1.5
2024,401643784,Memphis,Troy,3,21,-18.666666666666668,-18.5,19.0,0.5,2.333333333333332,2.5,-2.333333333333332,-2.0
2024,401635534,Syracuse,Georgia Tech,3,3,2.8333333333333335,3.0,-2.5,0.5,5.833333333333334,6.0,-5.833333333333334,-5.5
2024,401628470,Penn State,Bowling Green,3,7,-34.833333333333336,-34.0,35.5,1.5,-27.833333333333336,-27.0,27.833333333333336,28.5
2024,401628471,Rutgers,Akron,2,32,-24.5,-24.5,24.5,0.0,7.5,7.5,-7.5,-7.5
2024,401628336,Oklahoma State,Arkansas,3,8,-9.333333333333334,-7.5,10.5,3.0,-1.333333333333334,0.5,1.333333333333334,2.5
2024,401645323,Florida Atlantic,Army,3,-17,-2.0,-1.0,3.5,2.5,-19.0,-18.0,19.0,20.5
2024,401635533,Northwestern,Duke,3,-6,-2.1666666666666665,-1.5,2.5,1.0,-8.166666666666666,-7.5,8.166666666666666,8.5
2024,401634765,SMU,BYU,3,-3,-12.333333333333334,-11.5,13.0,1.5,-15.333333333333334,-14.5,15.333333333333334,16.0
2024,401635538,Cincinnati,Pittsburgh,3,-1,-0.5,2.5,2.0,4.5,-1.5,1.5,1.5,3.0
2024,401628548,Maryland,Rutgers,2,-14,-4.5,-4.5,4.5,0.0,-18.5,-18.5,18.5,18.5
2024,401635535,Louisville,Jacksonville State,3,35,-28.5,-27.5,29.0,1.5,6.5,7.5,-6.5,-6.0
2024,401636618,Utah,Baylor,3,11,-14.666666666666666,-14.5,15.0,0.5,-3.666666666666666,-3.5,3.666666666666666,4.0
2024,401636617,UCF,Sam Houston,3,31,-21.5,-21.5,21.5,0.0,9.5,9.5,-9.5,-9.5
2024,401635540,Virginia Tech,Marshall,3,17,-20.666666666666668,-20.5,21.0,0.5,-3.666666666666668,-3.5,3.666666666666668,4.0
2024,401643705,Air Force,San José State,3,-10,-3.1666666666666665,-1.5,5.0,3.5,-13.166666666666666,-11.5,13.166666666666666,15.0
2024,401635639,Wake Forest,Virginia,3,-1,0.5,1.5,1.0,2.5,-0.5,0.5,0.5,2.0
2024,401643778,Old Dominion,East Carolina,3,-6,-1.6666666666666667,-1.5,2.0,0.5,-7.666666666666667,-7.5,7.666666666666667,8.0
2024,401641016,Kennesaw State,Louisiana,3,-24,14.333333333333334,14.5,-14.0,0.5,-9.666666666666666,-9.5,9.666666666666666,10.0
2024,401643816,App State,Georgia State,3,7,-7.5,-7.5,7.5,0.0,-0.5,-0.5,0.5,0.5
2024,401635537,North Carolina,Charlotte,3,18,-21.5,-21.0,22.0,1.0,-3.5,-3.0,3.5,4.0
2024,401643781,Ohio,South Alabama,3,7,0.8333333333333334,2.0,1.0,3.0,7.833333333333333,9.0,-7.833333333333333,-6.0
2024,401643783,Texas State,UTSA,3,39,-2.0,-1.0,2.5,1.5,37.0,38.0,-37.0,-36.5
2024,401640979,Florida International,Central Michigan,3,36,4.166666666666667,5.5,-3.5,2.0,40.166666666666664,41.5,-40.166666666666664,-39.5
2024,401643708,Nevada,Georgia Southern,3,-3,-0.5,1.0,1.5,2.5,-3.5,-2.0,3.5,4.5
2024,401643780,UL Monroe,UAB,3,26,11.5,13.0,-10.5,2.5,37.5,39.0,-37.5,-36.5
2024,401628340,Kentucky,South Carolina,3,-25,-9.333333333333334,-9.0,9.5,0.5,-34.333333333333336,-34.0,34.333333333333336,34.5
2024,401628342,Ole Miss,Middle Tennessee,3,49,-42.5,-42.0,43.0,1.0,6.5,7.0,-6.5,-6.0
2024,401643779,Arkansas State,Tulsa,3,4,-8.666666666666666,-7.5,9.5,2.0,-4.666666666666666,-3.5,4.666666666666666,5.5
2024,401628344,Missouri,Buffalo,3,38,-33.666666666666664,-32.0,34.5,2.5,4.333333333333336,6.0,-4.333333333333336,-3.5
2024,401628335,Alabama,South Florida,3,26,-31.666666666666668,-30.5,33.5,3.0,-5.666666666666668,-4.5,5.666666666666668,7.5
2024,401628473,Washington,Eastern Michigan,3,21,-24.833333333333332,-24.5,25.0,0.5,-3.833333333333332,-3.5,3.833333333333332,4.0
2024,401628465,Maryland,Michigan State,3,-3,-8.333333333333334,-7.5,9.5,2.0,-11.333333333333334,-10.5,11.333333333333334,12.5
2024,401628337,Auburn,California,3,-7,-12.333333333333334,-11.5,13.0,1.5,-19.333333333333336,-18.5,19.333333333333336,20.0
2024,401645324,Navy,Temple,3,27,-12.166666666666666,-11.5,13.5,2.0,14.833333333333334,15.5,-14.833333333333334,-13.5
2024,401628977,Notre Dame,Northern Illinois,3,-2,-28.0,-27.5,28.5,1.0,-30.0,-29.5,30.0,30.5
2024,401629040,Toledo,Massachusetts,3,15,-17.5,-17.5,17.5,0.0,-2.5,-2.5,2.5,2.5
2024,401628462,Illinois,Kansas,3,6,4.833333333333333,5.5,-4.5,1.0,10.833333333333332,11.5,-10.833333333333332,-10.5
2024,401628468,Ohio State,Western Michigan,3,56,-37.333333333333336,-37.0,37.5,0.5,18.666666666666664,19.0,-18.666666666666664,-18.5
2024,401643817,James Madison,Southern Miss,3,17,-25.166666666666668,-24.0,27.5,3.5,-8.166666666666668,-7.0,8.166666666666668,10.5
2024,401644753,Ball State,Northern Illinois,3,2,13.5,13.5,-13.5,0.0,15.5,15.5,-15.5,-15.5
2024,401644756,Western Michigan,Kent State,3,31,-19.166666666666668,-19.0,19.5,0.5,11.833333333333332,12.0,-11.833333333333332,-11.5
2024,401635595,Duke,SMU,3,-1,11.5,11.5,-11.5,0.0,10.5,10.5,-10.5,-10.5
2024,401628472,USC,Utah State,3,48,-29.5,-28.5,30.5,2.0,18.5,19.5,-18.5,-17.5
2024,401640989,New Mexico State,Liberty,3,-6,22.166666666666668,22.5,-22.0,0.5,16.166666666666668,16.5,-16.166666666666668,-16.0
2024,401628345,Oklahoma,Houston,3,4,-27.666666666666668,-27.5,28.0,0.5,-23.666666666666668,-23.5,23.666666666666668,24.0
2024,401628469,Oregon,Boise State,3,3,-18.833333333333332,-17.5,21.0,3.5,-15.833333333333332,-14.5,15.833333333333332,18.0
2024,401628343,Arizona State,Mississippi State,3,7,-6.166666666666667,-5.5,6.5,1.0,0.833333333333333,1.5,-0.833333333333333,-0.5
2024,401643709,San Diego State,Oregon State,3,-21,5.666666666666667,6.0,-5.5,0.5,-15.333333333333332,-15.0,15.333333333333332,15.5
2024,401636859,Washington State,Texas Tech,3,21,0.8333333333333334,2.5,2.5,5.0,21.833333333333332,23.5,-21.833333333333332,-18.5
2024,401635532,Clemson,App State,3,46,-15.666666666666666,-13.5,17.0,3.5,30.333333333333336,32.5,-30.333333333333336,-29.0
2024,401636614,Arizona,Northern Arizona,2,12,-39.75,-36.5,43.0,6.5,-27.75,-24.5,27.75,31.0
2024,401628339,Georgia,Tennessee Tech,2,45,-54.5,-54.5,54.5,0.0,-9.5,-9.5,9.5,9.5
2024,401628341,LSU,Nicholls,2,23,-48.5,-46.5,50.5,4.0,-25.5,-23.5,25.5,27.5
2024,401636863,Kansas,UNLV,3,-3,-9.0,-7.0,10.5,3.5,-12.0,-10.0,12.0,13.5
2024,401628978,Purdue,Notre Dame,3,-59,8.666666666666666,11.5,-7.0,4.5,-50.333333333333336,-47.5,50.333333333333336,52.0
2024,401636866,TCU,UCF,3,-1,-2.1666666666666665,-1.5,2.5,1.0,-3.1666666666666665,-2.5,3.1666666666666665,3.5
2024,401628354,Kentucky,Georgia,3,-1,22.5,24.0,-21.5,2.5,21.5,23.0,-21.5,-20.5
2024,401635542,Florida State,Memphis,3,-8,-6.833333333333333,-6.5,7.0,0.5,-14.833333333333332,-14.5,14.833333333333332,15.0
2024,401628359,South Carolina,LSU,3,-3,6.666666666666667,7.0,-6.5,0.5,3.666666666666667,4.0,-3.666666666666667,-3.5
2024,401645353,Memphis,Charlotte,3,5,-16.833333333333332,-16.5,17.0,0.5,-11.833333333333332,-11.5,11.833333333333332,12.0
2024,401635598,Virginia,North Carolina,3,-27,-3.5,-3.5,3.5,0.0,-30.5,-30.5,30.5,30.5
2024,401634772,Georgia Tech,NC State,3,1,-7.833333333333333,-7.5,8.5,1.0,-6.833333333333333,-6.5,6.833333333333333,7.5
2024,401628555,Ohio State,Indiana,3,23,-10.5,-10.5,10.5,0.0,12.5,12.5,-12.5,-12.5
2024,401628559,Minnesota,Penn State,3,-1,11.166666666666666,11.5,-11.0,0.5,10.166666666666666,10.5,-10.166666666666666,-10.0
2024,401628983,Navy,Notre Dame,3,-37,13.333333333333334,14.5,-11.5,3.0,-23.666666666666664,-22.5,23.666666666666664,25.5
2024,401636930,Arizona State,BYU,3,5,-3.5,-3.5,3.5,0.0,1.5,1.5,-1.5,-1.5
2024,401677079,James Madison,Western Kentucky,3,10,-7.333333333333333,-7.0,7.5,0.5,2.666666666666667,3.0,-2.666666666666667,-2.5
2024,401677082,Sam Houston,Georgia Southern,3,5,3.8333333333333335,4.5,-3.5,1.0,8.833333333333334,9.5,-8.833333333333334,-8.5
2024,401640996,Liberty,Western Kentucky,3,17,-1.1666666666666667,-1.0,1.5,0.5,15.833333333333334,16.0,-15.833333333333334,-15.5
2024,401677077,Western Michigan,South Alabama,3,-7,6.833333333333333,9.0,-5.5,3.5,-0.16666666666666696,2.0,0.16666666666666696,1.5
2024,401645354,North Texas,Tulane,3,-8,7.333333333333333,7.5,-7.0,0.5,-0.666666666666667,-0.5,0.666666666666667,1.0
2024,401628436,Texas,Kentucky,3,17,-18.666666666666668,-18.5,19.0,0.5,-1.6666666666666679,-1.5,1.6666666666666679,2.0
2024,401640959,Notre Dame,Army,3,35,-14.5,-14.5,14.5,0.0,20.5,20.5,-20.5,-20.5
2024,401628431,LSU,Vanderbilt,3,7,-9.666666666666666,-9.5,10.0,0.5,-2.666666666666666,-2.5,2.666666666666666,3.0
2024,401677176,Texas,Clemson,3,14,-13.5,-13.5,13.5,0.0,0.5,0.5,-0.5,-0.5
2024,401628425,Alabama,Mercer,2,45,-42.25,-42.0,42.5,0.5,2.75,3.0,-2.75,-2.5
2024,401677178,Penn State,SMU,3,28,-8.0,-7.5,9.0,1.5,20.0,20.5,-20.0,-19.0
2024,401628526,Indiana,Washington,3,14,-5.5,-5.5,5.5,0.0,8.5,8.5,-8.5,-8.5
2024,401644772,Eastern Michigan,Buffalo,3,-17,-1.1666666666666667,-1.0,1.5,0.5,-18.166666666666668,-18.0,18.166666666666668,18.5
2024,401644773,Toledo,Ohio,3,-17,-0.8333333333333334,0.5,1.5,2.0,-17.833333333333332,-16.5,17.833333333333332,18.5
2024,401645352,East Carolina,Temple,3,22,-8.166666666666666,-7.5,8.5,1.0,13.833333333333334,14.5,-13.833333333333334,-13.5
2024,401628403,Mississippi State,Arkansas,3,-33,7.5,7.5,-7.5,0.0,-25.5,-25.5,25.5,25.5
2024,401677179,Notre Dame,Indiana,3,10,-6.833333333333333,-6.5,7.0,0.5,3.166666666666667,3.5,-3.166666666666667,-3.0
2024,401644687,Miami (OH),Central Michigan,3,39,-10.166666666666666,-9.5,10.5,1.0,28.833333333333336,29.5,-28.833333333333336,-28.5
2024,401677085,UTSA,Coastal Carolina,3,29,-3.8333333333333335,13.5,12.5,26.0,25.166666666666668,42.5,-25.166666666666668,-16.5
2024,401644690,Miami (OH),Northern Illinois,3,11,-1.8333333333333333,-1.5,2.5,1.0,9.166666666666666,9.5,-9.166666666666666,-8.5
2024,401628525,Oregon,Illinois,3,29,-22.333333333333332,-22.0,22.5,0.5,6.666666666666668,7.0,-6.666666666666668,-6.5
2024,401677086,Fresno State,Northern Illinois,3,-8,2.5,3.0,-2.0,1.0,-5.5,-5.0,5.5,6.0
2024,401644769,Kent State,Akron,3,-21,10.5,10.5,-10.5,0.0,-10.5,-10.5,10.5,10.5
2024,401644770,Central Michigan,Western Michigan,3,2,5.833333333333333,6.0,-5.5,0.5,7.833333333333333,8.0,-7.833333333333333,-7.5
2024,401677089,Bowling Green,Arkansas State,3,-7,-10.333333333333334,-10.0,10.5,0.5,-17.333333333333336,-17.0,17.333333333333336,17.5
2024,401677080,West Virginia,Memphis,3,-5,5.166666666666667,5.5,-5.0,0.5,0.16666666666666696,0.5,-0.16666666666666696,0.0
2024,401628528,Minnesota,Maryland,3,25,-5.833333333333333,-5.5,6.0,0.5,19.166666666666668,19.5,-19.166666666666668,-19.0
2024,401677084,Florida,Tulane,3,25,-9.833333333333334,-9.5,10.0,0.5,15.166666666666666,15.5,-15.166666666666666,-15.0
2024,401628422,Kentucky,Murray State,2,42,-41.5,-41.5,41.5,0.0,0.5,0.5,-0.5,-0.5
2024,401677177,Ohio State,Tennessee,3,25,-7.666666666666667,-7.5,8.0,0.5,17.333333333333332,17.5,-17.333333333333332,-17.0
2024,401677091,Vanderbilt,Georgia Tech,3,8,2.8333333333333335,3.0,-2.5,0.5,10.833333333333334,11.0,-10.833333333333334,-10.5
2024,401629035,UConn,Rice,3,7,-6.5,-6.5,6.5,0.0,0.5,0.5,-0.5,-0.5
2024,401643818,Arkansas State,Troy,3,3,-8.166666666666666,-7.5,8.5,1.0,-5.166666666666666,-4.5,5.166666666666666,5.5
2024,401729867,Washington State,Syracuse,3,-17,18.833333333333332,19.0,-18.5,0.5,1.8333333333333321,2.0,-1.8333333333333321,-1.5
2024,401677092,Arkansas,Texas Tech,3,13,3.3333333333333335,3.5,-3.0,0.5,16.333333333333332,16.5,-16.333333333333332,-16.0
2024,401677093,USC,Texas A&M,3,4,1.1666666666666667,3.5,3.5,7.0,5.166666666666667,7.5,-5.166666666666667,-0.5
2024,401677094,North Carolina,UConn,3,-13,-2.0,-1.5,2.5,1.0,-15.0,-14.5,15.0,15.5
2024,401628401,Kentucky,Auburn,3,-14,-1.8333333333333333,-1.5,2.0,0.5,-15.833333333333334,-15.5,15.833333333333334,16.0
2024,401677095,Nebraska,Boston College,3,5,-3.3333333333333335,-3.0,3.5,0.5,1.6666666666666665,2.0,-1.6666666666666665,-1.5
2024,401677097,Miami,Iowa State,3,-1,-5.0,-4.5,5.5,1.0,-6.0,-5.5,6.0,6.5
2024,401636910,TCU,Texas Tech,3,1,-4.833333333333333,-4.5,5.0,0.5,-3.833333333333333,-3.5,3.833333333333333,4.0
2024,401677096,TCU,Louisiana,3,31,-9.666666666666666,-9.5,10.0,0.5,21.333333333333336,21.5,-21.333333333333336,-21.0
2024,401643819,South Alabama,UL Monroe,3,29,-7.166666666666667,-7.0,7.5,0.5,21.833333333333332,22.0,-21.833333333333332,-21.5
2024,401677188,Colorado State,Miami (OH),3,-26,1.6666666666666667,2.5,-1.0,1.5,-24.333333333333332,-23.5,24.333333333333332,25.0
2024,401677098,NC State,East Carolina,3,-5,-7.333333333333333,-7.0,7.5,0.5,-12.333333333333332,-12.0,12.333333333333332,12.5
2024,401677099,Colorado,BYU,3,-22,-2.8333333333333335,-2.5,3.0,0.5,-24.833333333333332,-24.5,24.833333333333332,25.0
2024,401641033,Fresno State,New Mexico State,3,48,-19.833333333333332,-19.5,20.0,0.5,28.166666666666668,28.5,-28.166666666666668,-28.0
2024,401629041,Buffalo,Massachusetts,3,31,-3.8333333333333335,-3.5,4.5,1.0,27.166666666666668,27.5,-27.166666666666668,-26.5
2024,401628479,Michigan,Arkansas State,3,10,-22.0,-21.5,22.5,1.0,-12.0,-11.5,12.0,12.5
2024,401636908,Houston,Utah,3,3,4.666666666666667,5.0,-4.5,0.5,7.666666666666667,8.0,-7.666666666666667,-7.5
2024,401636867,Texas State,Arizona State,3,-3,-1.1666666666666667,2.0,3.0,5.0,-4.166666666666667,-1.0,4.166666666666667,6.0
2024,401635541,California,San Diego State,3,21,-18.666666666666668,-18.0,19.5,1.5,2.333333333333332,3.0,-2.333333333333332,-1.5
2024,401628475,Illinois,Central Michigan,3,21,-20.833333333333332,-20.0,21.5,1.5,0.16666666666666785,1.0,-0.16666666666666785,0.5
2024,401628357,Missouri,Boston College,3,6,-15.166666666666666,-14.5,16.5,2.0,-9.166666666666666,-8.5,9.166666666666666,10.5
2024,401635546,NC State,Louisiana Tech,3,10,-20.833333333333332,-20.5,21.5,1.0,-10.833333333333332,-10.5,10.833333333333332,11.5
2024,401636868,Texas Tech,North Texas,3,45,-10.333333333333334,-9.5,11.0,1.5,34.666666666666664,35.5,-34.666666666666664,-34.0
2024,401636860,Baylor,Air Force,3,28,-16.666666666666668,-15.5,17.5,2.0,11.333333333333332,12.5,-11.333333333333332,-10.5
2024,401628476,UCLA,Indiana,3,-29,3.1666666666666665,3.5,-2.5,1.0,-25.833333333333332,-25.5,25.833333333333332,26.5
2024,401643785,East Carolina,App State,3,-2,1.1666666666666667,2.5,0.5,3.0,-0.8333333333333333,0.5,0.8333333333333333,2.5
2024,401628360,Tennessee,Kent State,3,71,-48.833333333333336,-47.5,49.5,2.0,22.166666666666664,23.5,-22.166666666666664,-21.5
2024,401636869,Tulsa,Oklahoma State,3,-35,18.333333333333332,20.0,-17.5,2.5,-16.666666666666668,-15.0,16.666666666666668,17.5
2024,401636870,Utah State,Utah,3,-17,20.666666666666668,21.5,-20.0,1.5,3.666666666666668,4.5,-3.666666666666668,-3.0
2024,401636862,Houston,Rice,3,26,-4.333333333333333,-3.5,5.0,1.5,21.666666666666668,22.5,-21.666666666666668,-21.0
2024,401636906,Baylor,Oklahoma State,3,10,-6.833333333333333,-6.5,7.0,0.5,3.166666666666667,3.5,-3.166666666666667,-3.0
2024,401628478,Virginia,Maryland,3,-14,-1.1666666666666667,2.0,3.0,5.0,-15.166666666666666,-12.0,15.166666666666666,17.0
2024,401641017,San José State,Kennesaw State,3,21,-17.5,-16.5,19.0,2.5,3.5,4.5,-3.5,-2.0
2024,401628361,Texas,UTSA,3,49,-35.5,-34.5,36.5,2.0,13.5,14.5,-13.5,-12.5
2024,401643789,Southern Miss,South Florida,3,-25,11.666666666666666,13.0,-10.5,2.5,-13.333333333333334,-12.0,13.333333333333334,14.5
2024,401641040,Sam Houston,Hawai'i,3,18,-4.0,-3.5,4.5,1.0,14.0,14.5,-14.0,-13.5
2024,401641024,Middle Tennessee,Western Kentucky,3,-28,8.5,10.5,-7.5,3.0,-19.5,-17.5,19.5,20.5
2024,401628355,Wake Forest,Ole Miss,3,-34,21.5,23.5,-20.5,3.0,-12.5,-10.5,12.5,13.5
2024,401629030,Duke,UConn,3,5,-16.833333333333332,-16.0,17.5,1.5,-11.833333333333332,-11.0,11.833333333333332,12.5
2024,401628358,Oklahoma,Tulane,3,15,-13.333333333333334,-13.0,13.5,0.5,1.666666666666666,2.0,-1.666666666666666,-1.5
2024,401640999,Eastern Michigan,Jacksonville State,3,3,1.0,2.5,2.0,4.5,4.0,5.5,-4.0,-1.0
2024,401640990,Liberty,UTEP,3,18,-23.666666666666668,-23.5,24.0,0.5,-5.666666666666668,-5.5,5.666666666666668,6.0
2024,401628477,Iowa,Troy,3,17,-23.333333333333332,-22.5,24.0,1.5,-6.333333333333332,-5.5,6.333333333333332,7.0
2024,401636865,Miami (OH),Cincinnati,3,-11,3.0,3.5,-2.5,1.0,-8.0,-7.5,8.0,8.5
2024,401640980,Florida Atlantic,Florida International,3,18,-4.333333333333333,-3.5,6.0,2.5,13.666666666666668,14.5,-13.666666666666668,-12.0
2024,401643786,Temple,Coastal Carolina,3,-8,17.333333333333332,17.5,-17.0,0.5,9.333333333333332,9.5,-9.333333333333332,-9.0
2024,401635548,Old Dominion,Virginia Tech,3,-20,15.333333333333334,16.5,-14.0,2.5,-4.666666666666666,-3.5,4.666666666666666,6.0
2024,401628356,Mississippi State,Toledo,3,-24,-11.333333333333334,-10.5,13.0,2.5,-35.333333333333336,-34.5,35.333333333333336,37.0
2024,401628352,Auburn,New Mexico,3,26,-25.833333333333332,-24.0,28.0,4.0,0.16666666666666785,2.0,-0.16666666666666785,2.0
2024,401628481,Minnesota,Nevada,3,27,-16.833333333333332,-16.0,17.5,1.5,10.166666666666668,11.0,-10.166666666666668,-9.5
2024,401628362,Georgia State,Vanderbilt,3,4,9.166666666666666,10.0,-8.5,1.5,13.166666666666666,14.0,-13.166666666666666,-12.5
2024,401635544,Miami,Ball State,3,62,-36.5,-36.5,36.5,0.0,25.5,25.5,-25.5,-25.5
2024,401628351,Arkansas,UAB,3,10,-23.666666666666668,-23.5,24.0,0.5,-13.666666666666668,-13.5,13.666666666666668,14.0
2024,401636871,Wyoming,BYU,3,-20,9.666666666666666,10.0,-9.5,0.5,-10.333333333333334,-10.0,10.333333333333334,10.5
2024,401677081,UNLV,California,3,11,-3.1666666666666665,-3.0,3.5,0.5,7.833333333333334,8.0,-7.833333333333334,-7.5
2024,401677101,Missouri,Iowa,3,3,-1.6666666666666667,-1.0,2.5,1.5,1.3333333333333333,2.0,-1.3333333333333333,-0.5
2024,401628405,Vanderbilt,Texas,3,-3,16.833333333333332,17.0,-16.5,0.5,13.833333333333332,14.0,-13.833333333333332,-13.5
2024,401677102,Michigan,Alabama,3,6,16.5,16.5,-16.5,0.0,22.5,22.5,-22.5,-22.5
2024,401641019,Middle Tennessee,Kennesaw State,3,9,-9.0,-8.0,10.5,2.5,0.0,1.0,0.0,1.5
2024,401628366,Ole Miss,Georgia Southern,3,39,-35.166666666666664,-35.0,35.5,0.5,3.8333333333333357,4.0,-3.8333333333333357,-3.5
2024,401628371,Texas,UL Monroe,3,48,-43.0,-41.5,44.0,2.5,5.0,6.5,-5.0,-4.0
2024,401628493,Penn State,Kent State,3,56,-48.833333333333336,-48.5,49.0,0.5,7.166666666666664,7.5,-7.166666666666664,-7.0
2024,401628370,South Carolina,Akron,3,43,-24.5,-22.5,26.0,3.5,18.5,20.5,-18.5,-17.0
2024,401628492,Ohio State,Marshall,3,35,-39.166666666666664,-38.5,40.0,1.5,-4.166666666666664,-3.5,4.166666666666664,5.0
2024,401635558,Coastal Carolina,Virginia,3,-19,3.5,3.5,-3.5,0.0,-15.5,-15.5,15.5,15.5
2024,401628498,Michigan State,Ohio State,3,-31,23.5,23.5,-23.5,0.0,-7.5,-7.5,7.5,7.5
2024,401643790,App State,South Alabama,3,-34,-7.666666666666667,-7.5,8.0,0.5,-41.666666666666664,-41.5,41.666666666666664,42.0
2024,401677103,Illinois,South Carolina,3,4,9.5,9.5,-9.5,0.0,13.5,13.5,-13.5,-13.5
2024,401640983,UTEP,Florida International,3,9,6.833333333333333,7.0,-6.5,0.5,15.833333333333332,16.0,-15.833333333333332,-15.5
2024,401644736,Northern Illinois,Buffalo,3,-3,-12.833333333333334,-12.5,13.0,0.5,-15.833333333333334,-15.5,15.833333333333334,16.0
2024,401641010,New Mexico State,Louisiana Tech,3,3,12.5,12.5,-12.5,0.0,15.5,15.5,-15.5,-15.5
2024,401628490,Boston College,Michigan State,3,4,-4.5,-4.5,4.5,0.0,-0.5,-0.5,0.5,0.5
2024,401636374,Troy,Florida A&M,2,22,-21.5,-21.5,21.5,0.0,0.5,0.5,-0.5,-0.5
2024,401643810,Marshall,Georgia State,3,15,-9.166666666666666,-8.5,9.5,1.0,5.833333333333334,6.5,-5.833333333333334,-5.5
2024,401643809,South Alabama,Troy,3,16,-9.5,-8.5,10.0,1.5,6.5,7.5,-6.5,-6.0
2024,401643715,Temple,Utah State,3,16,6.5,6.5,-6.5,0.0,22.5,22.5,-22.5,-22.5
2024,401677190,Washington,Louisville,3,-1,-1.1666666666666667,-1.0,1.5,0.5,-2.166666666666667,-2.0,2.166666666666667,2.5
2024,401641000,Jacksonville State,Southern Miss,3,37,-6.166666666666667,-6.0,6.5,0.5,30.833333333333332,31.0,-30.833333333333332,-30.5
2024,401677104,LSU,Baylor,3,13,3.0,3.5,-2.5,1.0,16.0,16.5,-16.0,-15.5
2024,401643741,Colorado State,New Mexico,3,11,-3.6666666666666665,-3.5,4.0,0.5,7.333333333333334,7.5,-7.333333333333334,-7.0
2024,401634769,Duke,Florida State,3,7,-2.6666666666666665,-2.5,3.0,0.5,4.333333333333334,4.5,-4.333333333333334,-4.0
2024,401636907,Colorado,Cincinnati,3,11,-6.166666666666667,-6.0,6.5,0.5,4.833333333333333,5.0,-4.833333333333333,-4.5
2024,401629031,UConn,Florida Atlantic,3,34,-0.5,0.5,1.0,1.5,33.5,34.5,-33.5,-33.0
2024,401636875,Iowa State,Arkansas State,3,45,-19.833333333333332,-18.5,20.5,2.0,25.166666666666668,26.5,-25.166666666666668,-24.5
2024,401677105,Ole Miss,Duke,3,32,-16.333333333333332,-14.5,17.5,3.0,15.666666666666668,17.5,-15.666666666666668,-14.5
2024,401641034,Sam Houston,New Mexico State,3,20,-15.0,-14.5,15.5,1.0,5.0,5.5,-5.0,-4.5
2024,401636899,Cincinnati,Arizona State,3,10,-5.0,-4.5,5.5,1.0,5.0,5.5,-5.0,-4.5
2024,401628488,Maryland,Villanova,2,18,-22.25,-22.0,22.5,0.5,-4.25,-4.0,4.25,4.5
2024,401635599,Stanford,Wake Forest,3,-3,2.8333333333333335,3.0,-2.5,0.5,-0.16666666666666652,0.0,0.16666666666666652,0.5
2024,401635594,California,Oregon State,3,37,-12.5,-11.5,13.0,1.5,24.5,25.5,-24.5,-24.0
2024,401677106,Texas State,North Texas,3,2,-15.0,-14.0,15.5,1.5,-13.0,-12.0,13.0,13.5
2024,401643713,Nevada,Eastern Washington,2,33,-13.5,-13.5,13.5,0.0,19.5,19.5,-19.5,-19.5
2024,401643745,Wyoming,Utah State,3,-2,2.0,2.5,-1.5,1.0,0.0,0.5,0.0,0.5
2024,401677107,Virginia Tech,Minnesota,3,-14,10.166666666666666,10.5,-10.0,0.5,-3.833333333333334,-3.5,3.833333333333334,4.0
2024,401628394,Mississippi State,Texas A&M,3,-10,21.166666666666668,21.5,-21.0,0.5,11.166666666666668,11.5,-11.166666666666668,-11.0
2024,401628979,Notre Dame,Miami (OH),3,25,-27.333333333333332,-27.0,27.5,0.5,-2.333333333333332,-2.0,2.333333333333332,2.5
2024,401677083,Jacksonville State,Ohio,3,-3,6.166666666666667,6.5,-5.5,1.0,3.166666666666667,3.5,-3.166666666666667,-2.5
2024,401645329,Navy,Memphis,3,12,8.833333333333334,9.5,-8.5,1.0,20.833333333333336,21.5,-20.833333333333336,-20.5
2024,401636905,Arizona,West Virginia,3,-5,-5.5,-5.5,5.5,0.0,-10.5,-10.5,10.5,10.5
2024,401677108,Liberty,Buffalo,3,-19,4.0,4.5,-3.5,1.0,-15.0,-14.5,15.0,15.5
2024,401635588,Clemson,Virginia,3,17,-20.166666666666668,-20.0,20.5,0.5,-3.166666666666668,-3.0,3.166666666666668,3.5
2024,401677087,San José State,South Florida,3,-2,1.3333333333333333,2.0,-0.5,1.5,-0.6666666666666667,0.0,0.6666666666666667,1.5
2024,401677180,Toledo,Pittsburgh,3,2,6.666666666666667,7.0,-6.5,0.5,8.666666666666668,9.0,-8.666666666666668,-8.5
2024,401643742,Fresno State,San José State,3,23,-6.5,-6.5,6.5,0.0,16.5,16.5,-16.5,-16.5
2024,401634247,Pittsburgh,Youngstown State,2,56,-28.25,-27.0,29.5,2.5,27.75,29.0,-27.75,-26.5
2024,401643744,San Diego State,Washington State,3,-3,17.166666666666668,17.5,-17.0,0.5,14.166666666666668,14.5,-14.166666666666668,-14.0
2024,401643720,UNLV,Fresno State,3,45,-2.5,-2.5,2.5,0.0,42.5,42.5,-42.5,-42.5
2024,401636885,UCF,Colorado,3,-27,-12.5,-12.5,12.5,0.0,-39.5,-39.5,39.5,39.5
2024,401643719,Boise State,Washington State,3,21,-6.5,-6.5,6.5,0.0,14.5,14.5,-14.5,-14.5
2024,401636877,Texas Tech,Arizona State,3,8,-4.5,-4.5,4.5,0.0,3.5,3.5,-3.5,-3.5
2024,401628523,Purdue,Oregon,3,-35,29.666666666666668,30.0,-29.5,0.5,-5.333333333333332,-5.0,5.333333333333332,5.5
2024,401677088,Kansas State,Rutgers,2,3,-7.25,-7.0,7.5,0.5,-4.25,-4.0,4.25,4.5
2024,401643735,Nevada,Fresno State,3,-3,2.8333333333333335,3.0,-2.5,0.5,-0.16666666666666652,0.0,0.16666666666666652,0.5
2024,401636898,BYU,Oklahoma State,3,3,-8.166666666666666,-7.5,8.5,1.0,-5.166666666666666,-4.5,5.166666666666666,5.5
2024,401628527,Iowa,Northwestern,3,26,-16.5,-16.5,16.5,0.0,9.5,9.5,-9.5,-9.5
2024,401628363,Auburn,Arkansas,3,-10,-2.5,-2.5,2.5,0.0,-12.5,-12.5,12.5,12.5
2024,401629034,UConn,Wake Forest,3,-3,2.5,2.5,-2.5,0.0,-0.5,-0.5,0.5,0.5
2024,401645346,Army,East Carolina,3,17,-17.833333333333332,-17.5,18.5,1.0,-0.8333333333333321,-0.5,0.8333333333333321,1.5
2024,401629042,Massachusetts,Central Connecticut,2,4,-19.5,-19.5,19.5,0.0,-15.5,-15.5,15.5,15.5
2024,401636872,BYU,Kansas State,3,29,7.333333333333333,7.5,-7.0,0.5,36.333333333333336,36.5,-36.333333333333336,-36.0
2024,401643711,New Mexico,Fresno State,3,-17,12.333333333333334,13.5,-11.5,2.0,-4.666666666666666,-3.5,4.666666666666666,5.5
2024,401644686,Miami (OH),Ohio,3,10,-3.5,-3.5,3.5,0.0,6.5,6.5,-6.5,-6.5
2024,401643812,Georgia Southern,James Madison,3,14,9.333333333333334,10.0,-8.5,1.5,23.333333333333336,24.0,-23.333333333333336,-22.5
2024,401645330,UTSA,Houston Christian,2,38,-36.0,-35.5,36.5,1.0,2.0,2.5,-2.0,-1.5
2024,401628365,LSU,UCLA,3,17,-21.5,-21.5,21.5,0.0,-4.5,-4.5,4.5,4.5
2024,401636874,Colorado,Baylor,3,7,-2.3333333333333335,-2.0,2.5,0.5,4.666666666666666,5.0,-4.666666666666666,-4.5
2024,401645351,Temple,Tulsa,3,10,-3.0,-2.5,3.5,1.0,7.0,7.5,-7.0,-6.5
2024,401637162,Boise State,Portland State,2,42,-42.75,-42.5,43.0,0.5,-0.75,-0.5,0.75,1.0
2024,401644749,Buffalo,Western Michigan,3,-7,1.3333333333333333,1.5,-1.0,0.5,-5.666666666666667,-5.5,5.666666666666667,6.0
2024,401643712,Hawai'i,Northern Iowa,2,29,-10.25,-10.0,10.5,0.5,18.75,19.0,-18.75,-18.5
2024,401643743,Hawai'i,Nevada,3,21,-2.1666666666666665,-1.5,2.5,1.0,18.833333333333332,19.5,-18.833333333333332,-18.5
2024,401643813,Old Dominion,Texas State,3,10,10.5,10.5,-10.5,0.0,20.5,20.5,-20.5,-20.5
2024,401645347,Navy,Charlotte,3,34,-16.5,-16.5,16.5,0.0,17.5,17.5,-17.5,-17.5
2024,401643717,Oregon State,Purdue,3,17,-1.8333333333333333,-1.5,2.5,1.0,15.166666666666666,15.5,-15.166666666666666,-14.5
2024,401628372,Texas A&M,Bowling Green,3,6,-21.166666666666668,-21.0,21.5,0.5,-15.166666666666668,-15.0,15.166666666666668,15.5
2024,401645355,Tulsa,UTSA,3,1,9.5,9.5,-9.5,0.0,10.5,10.5,-10.5,-10.5
2024,401643811,Coastal Carolina,Louisiana,3,-10,6.333333333333333,6.5,-6.0,0.5,-3.666666666666667,-3.5,3.666666666666667,4.0
2024,401644750,Eastern Michigan,Central Michigan,3,4,-3.5,-3.5,3.5,0.0,0.5,0.5,-0.5,-0.5
2024,401641037,Western Kentucky,Toledo,3,5,2.3333333333333335,2.5,-2.0,0.5,7.333333333333334,7.5,-7.333333333333334,-7.0
2024,401636902,Texas Tech,Baylor,3,-24,-4.5,-4.5,4.5,0.0,-28.5,-28.5,28.5,28.5
2024,401645349,Memphis,North Texas,3,8,-10.5,-10.5,10.5,0.0,-2.5,-2.5,2.5,2.5
2024,401644748,Bowling Green,Kent State,3,21,-23.833333333333332,-23.5,24.0,0.5,-2.833333333333332,-2.5,2.833333333333332,3.0
2024,401645345,South Florida,UAB,3,10,-14.166666666666666,-14.0,14.5,0.5,-4.166666666666666,-4.0,4.166666666666666,4.5
2024,401644751,Northern Illinois,Toledo,3,-7,-3.1666666666666665,-3.0,3.5,0.5,-10.166666666666666,-10.0,10.166666666666666,10.5
2024,401644754,Toledo,Bowling Green,3,-15,-2.0,-1.5,2.5,1.0,-17.0,-16.5,17.0,17.5
2024,401635555,South Florida,Miami,3,-35,16.333333333333332,17.0,-15.5,1.5,-18.666666666666668,-18.0,18.666666666666668,19.5
2024,401643737,Utah State,New Mexico,3,-5,0.8333333333333334,1.0,-0.5,0.5,-4.166666666666667,-4.0,4.166666666666667,4.5
2024,401643716,North Texas,Wyoming,3,27,-7.0,-6.5,7.5,1.0,20.0,20.5,-20.0,-19.5
2024,401636903,Utah,TCU,3,-6,-3.8333333333333335,-3.0,5.5,2.5,-9.833333333333334,-9.0,9.833333333333334,11.5
2024,401635551,Florida State,California,3,5,-2.8333333333333335,-2.5,3.0,0.5,2.1666666666666665,2.5,-2.1666666666666665,-2.0
2024,401628522,Northwestern,Wisconsin,3,-20,9.5,9.5,-9.5,0.0,-10.5,-10.5,10.5,10.5
2024,401640991,Liberty,East Carolina,3,11,-7.5,-7.5,7.5,0.0,3.5,3.5,-3.5,-3.5
2024,401643734,Air Force,Colorado State,3,-8,5.833333333333333,6.0,-5.5,0.5,-2.166666666666667,-2.0,2.166666666666667,2.5
2024,401641008,Louisiana Tech,Tulsa,3,-3,-2.3333333333333335,-1.5,3.0,1.5,-5.333333333333334,-4.5,5.333333333333334,6.0
2024,401643738,San José State,Wyoming,3,10,-12.5,-11.5,13.0,1.5,-2.5,-1.5,2.5,3.0
2024,401641028,Colorado State,UTEP,3,10,-8.5,-8.5,8.5,0.0,1.5,1.5,-1.5,-1.5
2024,401635587,California,NC State,3,-1,-9.5,-9.5,9.5,0.0,-10.5,-10.5,10.5,10.5
2024,401635604,Syracuse,Virginia Tech,3,7,3.5,3.5,-3.5,0.0,10.5,10.5,-10.5,-10.5
2024,401636901,Kansas,Houston,3,28,-4.833333333333333,-4.5,5.5,1.0,23.166666666666668,23.5,-23.166666666666668,-22.5
2024,401635557,SMU,TCU,3,24,1.6666666666666667,2.5,-1.0,1.5,25.666666666666668,26.5,-25.666666666666668,-25.0
2024,401635627,SMU,Pittsburgh,3,23,-7.166666666666667,-7.0,7.5,0.5,15.833333333333332,16.0,-15.833333333333332,-15.5
2024,401645348,UTSA,Florida Atlantic,3,14,-4.166666666666667,-4.0,4.5,0.5,9.833333333333332,10.0,-9.833333333333332,-9.5
2024,401628406,Arkansas,Ole Miss,3,-32,8.0,8.5,-7.5,1.0,-24.0,-23.5,24.0,24.5
2024,401628399,Vanderbilt,Ball State,3,10,-27.5,-27.5,27.5,0.0,-17.5,-17.5,17.5,17.5
2024,401635590,Stanford,SMU,3,-30,16.5,16.5,-16.5,0.0,-13.5,-13.5,13.5,13.5
2024,401635553,Middle Tennessee,Duke,3,-28,14.666666666666666,15.0,-14.5,0.5,-13.333333333333334,-13.0,13.333333333333334,13.5
2024,401643739,Oregon State,UNLV,3,-8,6.5,6.5,-6.5,0.0,-1.5,-1.5,1.5,1.5
2024,401643736,Washington State,Hawai'i,3,32,-18.666666666666668,-18.5,19.0,0.5,13.333333333333332,13.5,-13.333333333333332,-13.0
2024,401645350,Tulane,Rice,3,14,-21.833333333333332,-21.5,22.5,1.0,-7.833333333333332,-7.5,7.833333333333332,8.5
2024,401635554,Louisville,Georgia Tech,3,12,-8.833333333333334,-8.5,9.5,1.0,3.166666666666666,3.5,-3.166666666666666,-2.5
2024,401643814,Southern Miss,Arkansas State,3,-16,7.0,7.0,-7.0,0.0,-9.0,-9.0,9.0,9.0
2024,401643820,Texas State,Louisiana,3,-6,-3.8333333333333335,-3.5,4.0,0.5,-9.833333333333334,-9.5,9.833333333333334,10.0
2024,401628535,Iowa,Wisconsin,3,32,-2.5,-2.5,2.5,0.0,29.5,29.5,-29.5,-29.5
2024,401628520,Michigan State,Iowa,3,12,6.666666666666667,7.0,-6.5,0.5,18.666666666666668,19.0,-18.666666666666668,-18.5
2024,401628491,Washington,Northwestern,3,19,-11.833333333333334,-11.5,12.0,0.5,7.166666666666666,7.5,-7.166666666666666,-7.0
2024,401628411,South Carolina,Texas A&M,3,24,3.1666666666666665,3.5,-3.0,0.5,27.166666666666668,27.5,-27.166666666666668,-27.0
2024,401628368,Missouri,Vanderbilt,3,3,-18.0,-17.5,18.5,1.0,-15.0,-14.5,15.0,15.5
2024,401628487,Minnesota,Iowa,3,-17,2.8333333333333335,3.0,-2.5,0.5,-14.166666666666666,-14.0,14.166666666666666,14.5
2024,401636879,West Virginia,Kansas,3,4,-1.3333333333333333,-1.0,1.5,0.5,2.666666666666667,3.0,-2.666666666666667,-2.5
2024,401645308,Massachusetts,Wagner,2,28,-23.25,-23.0,23.5,0.5,4.75,5.0,-4.75,-4.5
2024,401628486,Indiana,Charlotte,3,38,-28.5,-28.5,28.5,0.0,9.5,9.5,-9.5,-9.5
2024,401628367,Mississippi State,Florida,3,-17,6.666666666666667,7.0,-6.5,0.5,-10.333333333333332,-10.0,10.333333333333332,10.5
2024,401635556,North Carolina,James Madison,3,-20,-10.833333333333334,-10.0,11.5,1.5,-30.833333333333336,-30.0,30.833333333333336,31.5
2024,401628494,Virginia Tech,Rutgers,2,-3,-3.25,-3.0,3.5,0.5,-6.25,-6.0,6.25,6.5
2024,401645328,Army,Rice,3,23,-7.333333333333333,-7.0,7.5,0.5,15.666666666666668,16.0,-15.666666666666668,-15.5
2024,401643791,Louisiana,Tulane,3,-8,1.5,1.5,-1.5,0.0,-6.5,-6.5,6.5,6.5
2024,401628364,Kentucky,Ohio,3,35,-20.666666666666668,-19.0,21.5,2.5,14.333333333333332,16.0,-14.333333333333332,-13.5
2024,401644735,Central Michigan,Ball State,3,3,-6.166666666666667,-5.5,6.5,1.0,-3.166666666666667,-2.5,3.166666666666667,3.5
2024,401628485,Nebraska,Illinois,3,-7,-8.833333333333334,-8.0,9.5,1.5,-15.833333333333334,-15.0,15.833333333333334,16.5
2024,401634766,Syracuse,Stanford,3,-2,-8.833333333333334,-7.5,9.5,2.0,-10.833333333333334,-9.5,10.833333333333334,11.5
2024,401643714,Washington State,San José State,3,2,-13.0,-13.0,13.0,0.0,-11.0,-11.0,11.0,11.0
2024,401636873,Cincinnati,Houston,3,34,-3.8333333333333335,-3.5,4.0,0.5,30.166666666666668,30.5,-30.166666666666668,-30.0
2024,401628524,Rutgers,UCLA,2,-3,-4.25,-4.0,4.5,0.5,-7.25,-7.0,7.25,7.5
2024,401628500,UCLA,Oregon,3,-21,23.5,23.5,-23.5,0.0,2.5,2.5,-2.5,-2.5
2024,401628495,Penn State,Illinois,3,14,-19.333333333333332,-19.0,19.5,0.5,-5.333333333333332,-5.0,5.333333333333332,5.5
2024,401628377,Ole Miss,Kentucky,3,-3,-15.0,-14.5,15.5,1.0,-18.0,-17.5,18.0,18.5
2024,401635563,SMU,Florida State,3,26,-5.833333333333333,-5.5,6.0,0.5,20.166666666666668,20.5,-20.166666666666668,-20.0
2024,401645374,UTSA,Temple,3,24,-16.833333333333332,-16.5,17.5,1.0,7.166666666666668,7.5,-7.166666666666668,-6.5
2024,401645331,Temple,Army,3,-28,14.5,21.5,-11.0,10.5,-13.5,-6.5,13.5,17.0
2024,401628558,Michigan State,Purdue,3,7,-14.166666666666666,-14.0,14.5,0.5,-7.166666666666666,-7.0,7.166666666666666,7.5
2024,401643792,Georgia State,Georgia Southern,3,-17,-3.5,-3.5,3.5,0.0,-20.5,-20.5,20.5,20.5
2024,401644739,Kent State,Eastern Michigan,3,-19,13.833333333333334,14.0,-13.5,0.5,-5.166666666666666,-5.0,5.166666666666666,5.5
2024,401645334,East Carolina,UTSA,3,10,-2.0,-1.5,2.5,1.0,8.0,8.5,-8.0,-7.5
2024,401635561,Clemson,Stanford,3,26,-23.833333333333332,-23.5,24.0,0.5,2.166666666666668,2.5,-2.166666666666668,-2.0
2024,401644738,Ohio,Akron,3,20,-8.0,-7.5,8.5,1.0,12.0,12.5,-12.0,-11.5
2024,401635564,NC State,Northern Illinois,3,7,-7.166666666666667,-7.0,7.5,0.5,-0.16666666666666696,0.0,0.16666666666666696,0.5
2024,401635659,Wake Forest,Louisiana,3,-3,-2.8333333333333335,-2.5,3.0,0.5,-5.833333333333334,-5.5,5.833333333333334,6.0
2024,401643721,Central Michigan,San Diego State,3,1,-2.5,-2.5,2.5,0.0,-1.5,-1.5,1.5,1.5
2024,401628496,Indiana,Maryland,3,14,-7.5,-7.5,7.5,0.0,6.5,6.5,-6.5,-6.5
2024,401635619,Virginia,SMU,3,-26,10.833333333333334,11.5,-10.5,1.0,-15.166666666666666,-14.5,15.166666666666666,15.5
2024,401643793,James Madison,Ball State,3,56,-21.5,-20.5,22.0,1.5,34.5,35.5,-34.5,-34.0
2024,401643795,Bowling Green,Old Dominion,3,-3,-11.166666666666666,-11.0,11.5,0.5,-14.166666666666666,-14.0,14.166666666666666,14.5
2024,401629032,UConn,Buffalo,3,44,-5.833333333333333,-5.5,6.0,0.5,38.166666666666664,38.5,-38.166666666666664,-38.0
2024,401635560,Boston College,Western Kentucky,3,1,-7.5,-7.5,7.5,0.0,-6.5,-6.5,6.5,6.5
2024,401629043,Miami (OH),Massachusetts,3,3,-15.166666666666666,-14.5,15.5,1.0,-12.166666666666666,-11.5,12.166666666666666,12.5
2024,401636937,West Virginia,UCF,3,10,3.1666666666666665,3.5,-3.0,0.5,13.166666666666666,13.5,-13.166666666666666,-13.0
2024,401635617,Louisville,Pittsburgh,3,28,-7.333333333333333,-7.0,7.5,0.5,20.666666666666668,21.0,-20.666666666666668,-20.5
2024,401643794,Marshall,Western Michigan,3,7,-3.5,-3.5,3.5,0.0,3.5,3.5,-3.5,-3.5
2024,401636935,TCU,Arizona,3,21,-10.666666666666666,-10.5,11.0,0.5,10.333333333333334,10.5,-10.333333333333334,-10.0
2024,401636882,Kansas,TCU,3,-11,-1.5,-1.5,1.5,0.0,-12.5,-12.5,12.5,12.5
2024,401636884,Texas Tech,Cincinnati,3,3,-3.1666666666666665,-3.0,3.5,0.5,-0.16666666666666652,0.0,0.16666666666666652,0.5
2024,401628560,Nebraska,Wisconsin,3,19,-1.3333333333333333,-1.0,1.5,0.5,17.666666666666668,18.0,-17.666666666666668,-17.5
2024,401645337,Tulane,South Florida,3,35,-4.5,-4.0,5.5,1.5,30.5,31.0,-30.5,-29.5
2024,401641041,Sam Houston,Texas State,3,1,10.833333333333334,11.0,-10.5,0.5,11.833333333333334,12.0,-11.833333333333334,-11.5
2024,401628432,Mississippi State,Missouri,3,-19,9.5,9.5,-9.5,0.0,-9.5,-9.5,9.5,9.5
2024,401645332,UAB,Navy,3,-23,4.833333333333333,5.5,-4.5,1.0,-18.166666666666668,-17.5,18.166666666666668,18.5
2024,401628557,Michigan,Northwestern,3,44,-10.5,-10.5,10.5,0.0,33.5,33.5,-33.5,-33.5
2024,401628499,Purdue,Nebraska,3,-18,10.166666666666666,10.5,-10.0,0.5,-7.833333333333334,-7.5,7.833333333333334,8.0
2024,401636934,Oklahoma State,Texas Tech,3,-8,4.833333333333333,5.0,-4.5,0.5,-3.166666666666667,-3.0,3.166666666666667,3.5
2024,401636931,Houston,Baylor,3,-10,6.833333333333333,7.0,-6.5,0.5,-3.166666666666667,-3.0,3.166666666666667,3.5
2024,401641025,Memphis,Middle Tennessee,3,17,-27.166666666666668,-27.0,27.5,0.5,-10.166666666666668,-10.0,10.166666666666668,10.5
2024,401628376,LSU,South Alabama,3,32,-20.833333333333332,-20.5,21.0,0.5,11.166666666666668,11.5,-11.166666666666668,-11.0
2024,401628556,Maryland,Iowa,3,-16,4.166666666666667,4.5,-4.0,0.5,-11.833333333333332,-11.5,11.833333333333332,12.0
2024,401636880,Baylor,BYU,3,-6,-3.1666666666666665,-3.0,3.5,0.5,-9.166666666666666,-9.0,9.166666666666666,9.5
2024,401628378,Texas,Mississippi State,3,22,-37.5,-37.0,38.5,1.5,-15.5,-15.0,15.5,16.5
2024,401636881,Houston,Iowa State,3,-20,16.333333333333332,16.5,-16.0,0.5,-3.666666666666668,-3.5,3.666666666666668,4.0
2024,401643796,Troy,UL Monroe,3,-4,-6.166666666666667,-6.0,6.5,0.5,-10.166666666666668,-10.0,10.166666666666668,10.5
2024,401635615,Duke,Virginia Tech,3,3,2.5,2.5,-2.5,0.0,5.5,5.5,-5.5,-5.5
2024,401645336,North Texas,Tulsa,3,32,-7.166666666666667,-7.0,7.5,0.5,24.833333333333332,25.0,-24.833333333333332,-24.5
2024,401645333,Rice,Charlotte,3,-1,-4.166666666666667,-4.0,4.5,0.5,-5.166666666666667,-5.0,5.166666666666667,5.5
2024,401635618,Miami,Wake Forest,3,28,-23.5,-23.5,23.5,0.0,4.5,4.5,-4.5,-4.5
2024,401628497,Michigan,Minnesota,3,3,-10.5,-10.5,10.5,0.0,-7.5,-7.5,7.5,7.5
2024,401640981,Florida International,Louisiana Tech,3,7,2.0,2.0,-2.0,0.0,9.0,9.0,-9.0,-9.0
2024,401641035,New Mexico State,New Mexico,3,-10,9.166666666666666,9.5,-8.5,1.0,-0.8333333333333339,-0.5,0.8333333333333339,1.5
2024,401643718,Wyoming,Air Force,3,12,4.166666666666667,4.5,-4.0,0.5,16.166666666666668,16.5,-16.166666666666668,-16.0
2024,401635613,California,Stanford,3,3,-15.0,-14.5,15.5,1.0,-12.0,-11.5,12.0,12.5
2024,401628501,Rutgers,Washington,2,3,-1.25,-1.0,1.5,0.5,1.75,2.0,-1.75,-1.5
2024,401635518,Syracuse,UConn,3,7,-9.833333333333334,-9.5,10.0,0.5,-2.833333333333334,-2.5,2.833333333333334,3.0
2024,401635612,Boston College,North Carolina,3,20,2.1666666666666665,3.0,-1.5,1.5,22.166666666666668,23.0,-22.166666666666668,-21.5
2024,401636933,Kansas State,Cincinnati,3,26,-7.5,-7.5,7.5,0.0,18.5,18.5,-18.5,-18.5
2024,401628506,Oregon,Michigan State,3,21,-22.166666666666668,-21.5,22.5,1.0,-1.1666666666666679,-0.5,1.1666666666666679,1.5
2024,401643767,San José State,UNLV,3,-11,7.5,7.5,-7.5,0.0,-3.5,-3.5,3.5,3.5
2024,401641005,Jacksonville State,Sam Houston,3,10,-5.333333333333333,-5.0,5.5,0.5,4.666666666666667,5.0,-4.666666666666667,-4.5
2024,401643837,Coastal Carolina,Georgia Southern,3,-20,-1.8333333333333333,-1.5,2.0,0.5,-21.833333333333332,-21.5,21.833333333333332,22.0
2024,401635571,Louisville,SMU,3,-7,-6.666666666666667,-6.5,7.0,0.5,-13.666666666666668,-13.5,13.666666666666668,14.0
2024,401628380,Florida,UCF,3,11,1.1666666666666667,1.5,-1.0,0.5,12.166666666666666,12.5,-12.166666666666666,-12.0
2024,401643838,Old Dominion,Marshall,3,-7,-2.8333333333333335,-2.5,3.0,0.5,-9.833333333333334,-9.5,9.833333333333334,10.0
2024,401628382,South Carolina,Ole Miss,3,-24,10.166666666666666,10.5,-10.0,0.5,-13.833333333333334,-13.5,13.833333333333334,14.0
2024,401644774,Ball State,Bowling Green,3,-25,12.5,12.5,-12.5,0.0,-12.5,-12.5,12.5,12.5
2024,401635568,California,Miami,3,-1,9.5,10.0,-8.5,1.5,8.5,9.0,-8.5,-7.5
2024,401636890,Oklahoma State,West Virginia,3,-24,-2.5,-2.5,2.5,0.0,-26.5,-26.5,26.5,26.5
2024,401643836,App State,James Madison,3,14,7.0,7.5,-6.5,1.0,21.0,21.5,-21.0,-20.5
2024,401645371,Florida Atlantic,Charlotte,3,-12,3.1666666666666665,3.5,-3.0,0.5,-8.833333333333334,-8.5,8.833333333333334,9.0
2024,401628379,Arkansas,Tennessee,3,5,14.166666666666666,14.5,-14.0,0.5,19.166666666666664,19.5,-19.166666666666664,-19.0
2024,401645375,South Florida,Tulsa,3,33,-16.0,-13.5,17.5,4.0,17.0,19.5,-17.0,-15.5
2024,401645335,Florida Atlantic,Wagner,2,31,-34.75,-34.5,35.0,0.5,-3.75,-3.5,3.75,4.0
2024,401628430,Georgia,Massachusetts,3,38,-42.333333333333336,-42.0,42.5,0.5,-4.333333333333336,-4.0,4.333333333333336,4.5
2024,401635565,Syracuse,Holy Cross,2,28,-30.75,-30.0,31.5,1.5,-2.75,-2.0,2.75,3.5
2024,401641018,Kennesaw State,UT Martin,2,-11,1.75,2.0,-1.5,0.5,-9.25,-9.0,9.25,9.5
2024,401628435,Tennessee,UTEP,3,56,-41.5,-41.5,41.5,0.0,14.5,14.5,-14.5,-14.5
2024,401640987,Kennesaw State,Florida International,3,1,8.833333333333334,9.0,-8.5,0.5,9.833333333333334,10.0,-9.833333333333334,-9.5
2024,401641027,Middle Tennessee,New Mexico State,3,-15,-3.3333333333333335,-3.0,3.5,0.5,-18.333333333333332,-18.0,18.333333333333332,18.5
2024,401643766,Utah State,San Diego State,3,21,-4.833333333333333,-4.5,5.0,0.5,16.166666666666668,16.5,-16.166666666666668,-16.0
2024,401643840,Louisiana,Troy,3,21,-7.5,-7.5,7.5,0.0,13.5,13.5,-13.5,-13.5
2024,401643763,Nevada,Air Force,3,-3,-2.6666666666666665,-2.5,3.0,0.5,-5.666666666666666,-5.5,5.666666666666666,6.0
2024,401645373,UAB,Rice,3,26,6.833333333333333,7.0,-6.5,0.5,32.833333333333336,33.0,-32.833333333333336,-32.5
2024,401643842,Texas State,Georgia State,3,-8,-22.833333333333332,-22.5,23.0,0.5,-30.833333333333332,-30.5,30.833333333333332,31.0
2024,401628572,Oregon State,Washington State,3,3,10.833333333333334,11.0,-10.5,0.5,13.833333333333334,14.0,-13.833333333333334,-13.5
2024,401643839,Arkansas State,UL Monroe,3,7,-2.8333333333333335,-2.5,3.0,0.5,4.166666666666666,4.5,-4.166666666666666,-4.0
2024,401628427,Arkansas,Louisiana Tech,3,21,-23.5,-23.5,23.5,0.0,-2.5,-2.5,2.5,2.5
2024,401643764,Wyoming,Boise State,3,-4,23.166666666666668,25.5,-22.0,3.5,19.166666666666668,21.5,-19.166666666666668,-18.0
2024,401643841,Southern Miss,South Alabama,3,-21,24.166666666666668,24.5,-24.0,0.5,3.166666666666668,3.5,-3.166666666666668,-3.0
2024,401643765,Fresno State,Colorado State,3,6,-3.3333333333333335,-3.0,3.5,0.5,2.6666666666666665,3.0,-2.6666666666666665,-2.5
2024,401635572,North Carolina,Pittsburgh,3,-10,2.5,2.5,-2.5,0.0,-7.5,-7.5,7.5,7.5
2024,401634779,UNLV,Syracuse,3,-3,-5.5,-5.5,5.5,0.0,-8.5,-8.5,8.5,8.5
2024,401628507,Minnesota,USC,3,7,8.833333333333334,9.5,-8.5,1.0,15.833333333333334,16.5,-15.833333333333334,-15.5
2024,401628554,Rutgers,Illinois,2,-7,-2.25,-2.0,2.5,0.5,-9.25,-9.0,9.25,9.5
2024,401643797,Troy,Texas State,3,-21,14.5,14.5,-14.5,0.0,-6.5,-6.5,6.5,6.5
2024,401641029,UTEP,Sam Houston,3,-20,9.833333333333334,10.0,-9.5,0.5,-10.166666666666666,-10.0,10.166666666666666,10.5
2024,401636891,TCU,Houston,3,-11,-16.5,-16.5,16.5,0.0,-27.5,-27.5,27.5,27.5
2024,401641001,Kennesaw State,Jacksonville State,3,-39,17.333333333333332,17.5,-17.0,0.5,-21.666666666666668,-21.5,21.666666666666668,22.0
2024,401645340,Charlotte,East Carolina,3,31,9.166666666666666,9.5,-8.5,1.0,40.166666666666664,40.5,-40.166666666666664,-39.5
2024,401643798,Coastal Carolina,Old Dominion,3,8,-4.166666666666667,-4.0,4.5,0.5,3.833333333333333,4.0,-3.833333333333333,-3.5
2024,401645338,UAB,Tulane,3,-51,19.333333333333332,20.0,-18.5,1.5,-31.666666666666668,-31.0,31.666666666666668,32.5
2024,401635638,NC State,Wake Forest,3,-4,-4.166666666666667,-4.0,4.5,0.5,-8.166666666666668,-8.0,8.166666666666668,8.5
2024,401644741,Ball State,Western Michigan,3,-3,10.166666666666666,10.5,-10.0,0.5,7.166666666666666,7.5,-7.166666666666666,-7.0
2024,401643799,Marshall,App State,3,15,-3.1666666666666665,-3.0,3.5,0.5,11.833333333333334,12.0,-11.833333333333334,-11.5
2024,401635570,Georgia Tech,Duke,2,10,-10.0,-10.0,10.0,0.0,0.0,0.0,0.0,0.0
2024,401643722,Air Force,Navy,3,-27,9.833333333333334,10.0,-9.5,0.5,-17.166666666666664,-17.0,17.166666666666664,17.5
2024,401635567,Virginia,Boston College,3,10,-1.8333333333333333,-1.5,2.0,0.5,8.166666666666666,8.5,-8.166666666666666,-8.0
2024,401629044,Northern Illinois,Massachusetts,3,14,-13.833333333333334,-13.5,14.0,0.5,0.16666666666666607,0.5,-0.16666666666666607,0.0
2024,401644740,Akron,Bowling Green,3,-7,16.666666666666668,17.0,-16.5,0.5,9.666666666666668,10.0,-9.666666666666668,-9.5
2024,401644684,Toledo,Miami (OH),3,10,-4.833333333333333,-4.5,5.5,1.0,5.166666666666667,5.5,-5.166666666666667,-4.5
2024,401628384,Vanderbilt,Alabama,3,5,23.0,23.5,-22.5,1.0,28.0,28.5,-28.0,-27.5
2024,401643723,Boise State,Utah State,3,32,-27.833333333333332,-27.5,28.0,0.5,4.166666666666668,4.5,-4.166666666666668,-4.0
2024,401636888,Arizona State,Kansas,3,4,-2.5,-2.5,2.5,0.0,1.5,1.5,-1.5,-1.5
2024,401628503,Northwestern,Indiana,3,-17,12.5,12.5,-12.5,0.0,-4.5,-4.5,4.5,4.5
2024,401636887,Arizona,Texas Tech,3,-6,-5.833333333333333,-5.5,6.0,0.5,-11.833333333333332,-11.5,11.833333333333332,12.0
2024,401645339,Tulsa,Army,3,-42,13.666666666666666,14.0,-13.5,0.5,-28.333333333333336,-28.0,28.333333333333336,28.5
2024,401635573,Stanford,Virginia Tech,3,-24,9.166666666666666,9.5,-8.5,1.0,-14.833333333333334,-14.5,14.833333333333334,15.5
2024,401643726,San José State,Nevada,3,4,-7.166666666666667,-7.0,7.5,0.5,-3.166666666666667,-3.0,3.166666666666667,3.5
2024,401629033,UConn,Temple,3,9,-17.5,-17.5,17.5,0.0,-8.5,-8.5,8.5,8.5
2024,401636889,Iowa State,Baylor,3,22,-12.833333333333334,-12.5,13.0,0.5,9.166666666666666,9.5,-9.166666666666666,-9.0
2024,401643802,Southern Miss,Louisiana,3,-10,17.166666666666668,17.5,-16.5,1.0,7.166666666666668,7.5,-7.166666666666668,-6.5
2024,401643800,Arkansas State,South Alabama,3,2,2.5,2.5,-2.5,0.0,4.5,4.5,-4.5,-4.5
2024,401643801,UL Monroe,James Madison,3,2,16.5,16.5,-16.5,0.0,18.5,18.5,-18.5,-18.5
2024,401643724,Oregon State,Colorado State,3,8,-10.333333333333334,-10.0,10.5,0.5,-2.333333333333334,-2.0,2.333333333333334,2.5
2024,401643725,San Diego State,Hawai'i,3,3,-1.5,-1.5,1.5,0.0,1.5,1.5,-1.5,-1.5
2024,401628509,Wisconsin,Purdue,3,46,-11.833333333333334,-11.5,12.0,0.5,34.166666666666664,34.5,-34.166666666666664,-34.0
2024,401628510,Penn State,UCLA,3,16,-29.666666666666668,-29.5,30.0,0.5,-13.666666666666668,-13.5,13.666666666666668,14.0
2024,401640985,Florida International,New Mexico State,3,21,-7.166666666666667,-7.0,7.5,0.5,13.833333333333332,14.0,-13.833333333333332,-13.5
2024,401641012,Sam Houston,Louisiana Tech,3,6,-10.5,-10.5,10.5,0.0,-4.5,-4.5,4.5,4.5
2024,401640994,Liberty,Jacksonville State,3,-10,-2.5,-2.5,2.5,0.0,-12.5,-12.5,12.5,12.5
2024,401645356,Charlotte,Tulane,3,-31,14.5,14.5,-14.5,0.0,-16.5,-16.5,16.5,16.5
2024,401641020,Western Kentucky,Kennesaw State,3,17,-23.666666666666668,-23.5,24.0,0.5,-6.666666666666668,-6.5,6.666666666666668,7.0
2024,401628540,Washington,USC,3,5,2.1666666666666665,2.5,-2.0,0.5,7.166666666666666,7.5,-7.166666666666666,-7.0
2024,401628533,Illinois,Minnesota,3,-8,2.6666666666666665,3.0,-2.5,0.5,-5.333333333333334,-5.0,5.333333333333334,5.5
2024,401635601,Miami,Duke,3,22,-20.5,-19.5,21.0,1.5,1.5,2.5,-1.5,-1.0
2024,401628534,Michigan State,Indiana,3,-37,7.5,7.5,-7.5,0.0,-29.5,-29.5,29.5,29.5
2024,401636914,Iowa State,Texas Tech,3,-1,-13.833333333333334,-13.5,14.5,1.0,-14.833333333333334,-14.5,14.833333333333334,15.5
2024,401628412,Tennessee,Kentucky,3,10,-17.5,-17.5,17.5,0.0,-7.5,-7.5,7.5,7.5
2024,401628407,Auburn,Vanderbilt,3,-10,-7.833333333333333,-7.5,8.5,1.0,-17.833333333333332,-17.5,17.833333333333332,18.5
2024,401645357,Florida Atlantic,South Florida,3,-23,1.5,1.5,-1.5,0.0,-21.5,-21.5,21.5,21.5
2024,401629036,UConn,Georgia State,3,7,-7.166666666666667,-7.0,7.5,0.5,-0.16666666666666696,0.0,0.16666666666666696,0.5
2024,401643747,Boise State,San Diego State,3,32,-24.5,-24.5,24.5,0.0,7.5,7.5,-7.5,-7.5
2024,401643746,Army,Air Force,3,17,-18.166666666666668,-18.0,18.5,0.5,-1.1666666666666679,-1.0,1.1666666666666679,1.5
2024,401643822,Marshall,UL Monroe,2,5,-10.5,-10.5,10.5,0.0,-5.5,-5.5,5.5,5.5
2024,401636916,UCF,Arizona,3,44,-6.166666666666667,-5.5,6.5,1.0,37.833333333333336,38.5,-37.833333333333336,-37.5
2024,401644757,Akron,Buffalo,3,-11,0.8333333333333334,2.5,1.0,3.5,-10.166666666666666,-8.5,10.166666666666666,12.0
2024,401643821,App State,Old Dominion,3,8,2.6666666666666665,3.0,-2.5,0.5,10.666666666666666,11.0,-10.666666666666666,-10.5
2024,401635516,NC State,Stanford,3,31,-9.666666666666666,-9.5,10.0,0.5,21.333333333333336,21.5,-21.333333333333336,-21.0
2024,401635602,Florida State,North Carolina,3,-24,2.5,2.5,-2.5,0.0,-21.5,-21.5,21.5,21.5
2024,401636912,Baylor,TCU,3,3,-2.5,-2.5,2.5,0.0,0.5,0.5,-0.5,-0.5
2024,401644758,Eastern Michigan,Toledo,3,-1,10.166666666666666,10.5,-10.0,0.5,9.166666666666666,9.5,-9.166666666666666,-9.0
2024,401628538,Purdue,Northwestern,3,-6,-3.0,-2.5,3.5,1.0,-9.0,-8.5,9.0,9.5
2024,401645359,UTSA,Memphis,3,8,7.166666666666667,7.5,-7.0,0.5,15.166666666666668,15.5,-15.166666666666668,-15.0
2024,401636915,Oklahoma State,Arizona State,3,-21,4.833333333333333,5.0,-4.5,0.5,-16.166666666666668,-16.0,16.166666666666668,16.5
2024,401645360,Rice,Navy,3,14,12.833333333333334,13.5,-12.5,1.0,26.833333333333336,27.5,-26.833333333333336,-26.5
2024,401641026,UTEP,Middle Tennessee,3,-7,-1.8333333333333333,-1.5,2.0,0.5,-8.833333333333334,-8.5,8.833333333333334,9.0
2024,401628537,Nebraska,UCLA,3,-7,-7.833333333333333,-7.5,8.5,1.0,-14.833333333333332,-14.5,14.833333333333332,15.5
2024,401645358,UAB,Tulsa,3,38,-2.5,-2.5,2.5,0.0,35.5,35.5,-35.5,-35.5
2024,401636913,Houston,Kansas State,3,5,11.666666666666666,13.0,-9.5,3.5,16.666666666666664,18.0,-16.666666666666664,-14.5
2024,401643824,Troy,Coastal Carolina,3,14,4.0,4.5,-3.5,1.0,18.0,18.5,-18.0,-17.5
2024,401643750,New Mexico,Wyoming,3,-4,-7.666666666666667,-7.5,8.0,0.5,-11.666666666666668,-11.5,11.666666666666668,12.0
2024,401643823,South Alabama,Georgia Southern,3,-4,-5.5,-5.5,5.5,0.0,-9.5,-9.5,9.5,9.5
2024,401628409,Mississippi State,Massachusetts,3,25,-19.166666666666668,-18.5,19.5,1.0,5.833333333333332,6.5,-5.833333333333332,-5.5
2024,401643749,Fresno State,Hawai'i,3,-1,-12.333333333333334,-12.0,12.5,0.5,-13.333333333333334,-13.0,13.333333333333334,13.5
2024,401643748,Nevada,Colorado State,3,-17,2.1666666666666665,2.5,-2.0,0.5,-14.833333333333334,-14.5,14.833333333333334,15.0
2024,401628508,Nebraska,Rutgers,2,7,-6.25,-5.5,7.0,1.5,0.75,1.5,-0.75,0.0
2024,401628410,Oklahoma,Maine,2,45,-37.5,-37.5,37.5,0.0,7.5,7.5,-7.5,-7.5
2025,401777329,Western Michigan,Miami (OH),4,10,-2.375,-2.0,2.5,0.5,7.625,8.0,-7.625,-7.5
2025,401777325,Jacksonville State,Kennesaw State,4,-4,1.875,3.0,1.5,4.5,-2.125,-1.0,2.125,5.5
2025,401778309,Louisville,Toledo,3,5,-10.833333333333334,-8.5,12.5,4.0,-5.833333333333334,-3.5,5.833333333333334,7.5
2025,401777327,Texas Tech,BYU,4,27,-12.75,-12.5,13.5,1.0,14.25,14.5,-14.25,-13.5
2025,401777353,Ohio State,Indiana,4,-3,-4.0,-3.5,5.5,2.0,-7.0,-6.5,7.0,8.5
2025,401777326,Boise State,UNLV,4,17,-5.375,-3.5,6.0,2.5,11.625,13.5,-11.625,-11.0
2025,401778334,Mississippi State,Wake Forest,3,-14,-2.8333333333333335,-2.5,3.0,0.5,-16.833333333333332,-16.5,16.833333333333332,17.0
2025,401777328,Virginia,Duke,3,-7,-3.5,-3.5,3.5,0.0,-10.5,-10.5,10.5,10.5
2025,401779842,Ole Miss,Tulane,3,31,-16.833333333333332,-16.5,17.5,1.0,14.166666666666668,14.5,-14.166666666666668,-13.5
2025,401778326,Illinois,Tennessee,3,2,2.8333333333333335,3.0,-2.5,0.5,4.833333333333334,5.0,-4.833333333333334,-4.5
2025,401778304,South Florida,Old Dominion,3,-14,-3.6666666666666665,-3.0,4.0,1.0,-17.666666666666668,-17.0,17.666666666666668,18.0
2025,401756961,Arizona State,Arizona,3,-16,2.0,2.5,-1.5,1.0,-14.0,-13.5,14.0,14.5
2025,401777351,Alabama,Georgia,4,-21,1.75,2.5,-1.5,1.0,-19.25,-18.5,19.25,19.5
2025,401778303,Jacksonville State,Troy,3,4,-3.1666666666666665,-3.0,3.5,0.5,0.8333333333333335,1.0,-0.8333333333333335,-0.5
2025,401779840,Oklahoma,Alabama,3,-10,-1.8333333333333333,-1.5,2.5,1.0,-11.833333333333334,-11.5,11.833333333333334,12.5
2025,401779843,Oregon,James Madison,3,17,-21.166666666666668,-20.5,22.5,2.0,-4.166666666666668,-3.5,4.166666666666668,5.5
2025,401778315,UTSA,Florida International,3,37,-7.166666666666667,-7.0,7.5,0.5,29.833333333333332,30.0,-29.833333333333332,-29.5
2025,401762521,Navy,Army,4,1,-5.5,-3.5,6.5,3.0,-4.5,-2.5,4.5,5.5
2025,401778332,Texas State,Rice,3,31,-19.5,-19.5,19.5,0.0,11.5,11.5,-11.5,-11.5
2025,401778328,Vanderbilt,Iowa,3,-7,-3.0,-3.0,3.0,0.0,-10.0,-10.0,10.0,10.0
2025,401762517,Tulsa,UAB,3,-7,-9.333333333333334,-9.0,9.5,0.5,-16.333333333333336,-16.0,16.333333333333336,16.5
2025,401777324,Tulane,North Texas,4,13,1.625,2.5,-1.0,1.5,14.625,15.5,-14.625,-14.0
2025,401756966,Oklahoma State,Iowa State,3,-7,13.833333333333334,14.0,-13.5,0.5,6.833333333333334,7.0,-6.833333333333334,-6.5
2025,401752924,Purdue,Indiana,3,-53,28.5,28.5,-28.5,0.0,-24.5,-24.5,24.5,24.5
2025,401761664,Old Dominion,Georgia State,3,17,-28.666666666666668,-28.5,29.0,0.5,-11.666666666666668,-11.5,11.666666666666668,12.0
2025,401777352,James Madison,Troy,4,17,-24.0,-22.5,24.5,2.0,-7.0,-5.5,7.0,7.5
2025,401778302,Washington,Boise State,3,28,-9.833333333333334,-9.5,10.0,0.5,18.166666666666664,18.5,-18.166666666666664,-18.0
2025,401778307,NC State,Memphis,3,24,-4.333333333333333,-3.5,6.0,2.5,19.666666666666668,20.5,-19.666666666666668,-18.0
2025,401752717,Arkansas,Notre Dame,3,-43,5.333333333333333,5.5,-5.0,0.5,-37.666666666666664,-37.5,37.666666666666664,38.0
2025,401778310,Southern Miss,Western Kentucky,3,-11,-2.8333333333333335,-2.5,3.0,0.5,-13.833333333333334,-13.5,13.833333333333334,14.0
2025,401752846,Nebraska,Michigan,3,-3,0.6666666666666666,1.5,1.0,2.5,-2.3333333333333335,-1.5,2.3333333333333335,4.0
2025,401752842,Washington State,Washington,3,-35,20.833333333333332,21.0,-20.5,0.5,-14.166666666666668,-14.0,14.166666666666668,14.5
2025,401778308,Utah State,Washington State,3,-13,-1.3333333333333333,-1.0,1.5,0.5,-14.333333333333334,-14.0,14.333333333333334,14.5
2025,401752852,Washington,Ohio State,3,-18,9.333333333333334,9.5,-9.0,0.5,-8.666666666666666,-8.5,8.666666666666666,9.0
2025,401752719,Ole Miss,LSU,3,5,-2.8333333333333335,-2.5,3.5,1.0,2.1666666666666665,2.5,-2.1666666666666665,-1.5
2025,401756847,Kansas,Fresno State,3,24,-14.166666666666666,-14.0,14.5,0.5,9.833333333333334,10.0,-9.833333333333334,-9.5
2025,401757218,Western Kentucky,Sam Houston,3,17,-9.833333333333334,-9.5,10.5,1.0,7.166666666666666,7.5,-7.166666666666666,-6.5
2025,401754516,Hawai'i,Stanford,3,3,-1.6666666666666667,-1.5,2.0,0.5,1.3333333333333333,1.5,-1.3333333333333333,-1.0
2025,401762522,South Florida,Boise State,3,27,6.166666666666667,8.5,-4.5,4.0,33.166666666666664,35.5,-33.166666666666664,-31.5
2025,401752794,Rutgers,Ohio,3,3,-14.166666666666666,-11.5,15.5,4.0,-11.166666666666666,-8.5,11.166666666666666,12.5
2025,401756848,UCF,Jacksonville State,3,7,-19.166666666666668,-16.5,20.5,4.0,-12.166666666666668,-9.5,12.166666666666668,13.5
2025,401754373,NC State,East Carolina,3,7,-13.333333333333334,-12.5,14.0,1.5,-6.333333333333334,-5.5,6.333333333333334,7.0
2025,401762789,Akron,Wyoming,3,-10,6.0,8.5,-4.5,4.0,-4.0,-1.5,4.0,5.5
2025,401752793,Minnesota,Buffalo,3,13,-17.166666666666668,-16.5,18.5,2.0,-4.166666666666668,-3.5,4.166666666666668,5.5
2025,401762791,Wisconsin,Miami (OH),3,17,-18.0,-17.5,18.5,1.0,-1.0,-0.5,1.0,1.5
2025,401752796,Cincinnati,Nebraska,3,-3,6.0,6.5,-5.5,1.0,3.0,3.5,-3.0,-2.5
2025,401752802,Michigan State,Western Michigan,3,17,-20.833333333333332,-18.5,22.5,4.0,-3.833333333333332,-1.5,3.833333333333332,5.5
2025,401754374,Wake Forest,Kennesaw State,3,1,-18.166666666666668,-17.5,18.5,1.0,-17.166666666666668,-16.5,17.166666666666668,17.5
2025,401761589,Charlotte,App State,3,-23,10.333333333333334,19.5,-3.0,16.5,-12.666666666666666,-3.5,12.666666666666666,20.0
2025,401754375,Colorado,Georgia Tech,3,-7,3.6666666666666665,4.0,-3.5,0.5,-3.3333333333333335,-3.0,3.3333333333333335,3.5
2025,401752667,Baylor,Auburn,3,-14,0.3333333333333333,1.5,1.5,3.0,-13.666666666666666,-12.5,13.666666666666666,15.5
2025,401757224,Sam Houston,UNLV,3,-17,10.333333333333334,13.5,-8.5,5.0,-6.666666666666666,-3.5,6.666666666666666,8.5
2025,401760358,San José State,Central Michigan,3,-2,-13.5,-11.5,14.5,3.0,-15.5,-13.5,15.5,16.5
2025,401752801,Purdue,Ball State,3,31,-16.5,-16.5,16.5,0.0,14.5,14.5,-14.5,-14.5
2025,401752797,Maryland,Florida Atlantic,3,32,-14.166666666666666,-12.5,16.5,4.0,17.833333333333336,19.5,-17.833333333333336,-15.5
2025,401752673,Southern Miss,Mississippi State,3,-17,13.833333333333334,15.5,-11.5,4.0,-3.166666666666666,-1.5,3.166666666666666,5.5
2025,401752803,Tulane,Northwestern,3,20,-6.0,-5.0,6.5,1.5,14.0,15.0,-14.0,-13.5
2025,401752670,Kentucky,Toledo,3,8,-9.833333333333334,-9.5,10.0,0.5,-1.833333333333334,-1.5,1.833333333333334,2.0
2025,401752806,Indiana,Old Dominion,3,13,-23.333333333333332,-23.0,23.5,0.5,-10.333333333333332,-10.0,10.333333333333332,10.5
2025,401752665,Florida State,Alabama,3,14,13.5,13.5,-13.5,0.0,27.5,27.5,-27.5,-27.5
2025,401752669,Georgia,Marshall,3,38,-38.833333333333336,-38.5,39.5,1.0,-0.8333333333333357,-0.5,0.8333333333333357,1.5
2025,401752807,Penn State,Nevada,3,35,-44.166666666666664,-43.5,45.5,2.0,-9.166666666666664,-8.5,9.166666666666664,10.5
2025,401762456,Massachusetts,Temple,3,-32,2.3333333333333335,3.0,-1.5,1.5,-29.666666666666668,-29.0,29.666666666666668,30.5
2025,401754616,Virginia,Coastal Carolina,3,41,-13.166666666666666,-12.5,13.5,1.0,27.833333333333336,28.5,-27.833333333333336,-27.5
2025,401752678,Texas A&M,UTSA,3,18,-23.0,-21.5,24.0,2.5,-5.0,-3.5,5.0,6.0
2025,401752671,Clemson,LSU,3,-7,-4.833333333333333,-3.5,5.5,2.0,-11.833333333333332,-10.5,11.833333333333332,12.5
2025,401752808,Michigan,New Mexico,3,17,-35.166666666666664,-34.5,36.5,2.0,-18.166666666666664,-17.5,18.166666666666664,19.5
2025,401752798,USC,Missouri State,3,60,-35.833333333333336,-34.5,36.5,2.0,24.166666666666664,25.5,-24.166666666666664,-23.5
2025,401757225,Utah State,UTEP,3,12,-4.5,-3.5,5.5,2.0,7.5,8.5,-7.5,-6.5
2025,401752672,Ole Miss,Georgia State,3,56,-35.166666666666664,-33.5,38.5,5.0,20.833333333333336,22.5,-20.833333333333336,-17.5
2025,401761592,Louisiana,Rice,3,-2,-11.166666666666666,-9.5,14.5,5.0,-13.166666666666666,-11.5,13.166666666666666,16.5
2025,401761594,Texas State,Eastern Michigan,3,25,-13.833333333333334,-13.5,14.0,0.5,11.166666666666666,11.5,-11.166666666666666,-11.0
2025,401760361,Fresno State,Georgia Southern,3,28,-1.0,1.5,2.5,4.0,27.0,29.5,-27.0,-25.5
2025,401756849,Arizona,Hawai'i,3,34,-14.833333333333334,-13.5,15.5,2.0,19.166666666666664,20.5,-19.166666666666664,-18.5
2025,401752936,Oregon State,California,3,-19,0.8333333333333334,3.0,3.0,6.0,-18.166666666666668,-16.0,18.166666666666668,22.0
2025,401752805,Washington,Colorado State,3,17,-21.833333333333332,-20.5,22.5,2.0,-4.833333333333332,-3.5,4.833333333333332,5.5
2025,401752800,UCLA,Utah,3,-33,6.5,6.5,-6.5,0.0,-26.5,-26.5,26.5,26.5
2025,401754522,Miami,Notre Dame,3,3,2.6666666666666665,3.0,-2.5,0.5,5.666666666666666,6.0,-5.666666666666666,-5.5
2025,401754523,North Carolina,TCU,3,-34,3.3333333333333335,3.5,-3.0,0.5,-30.666666666666668,-30.5,30.666666666666668,31.0
2025,401752822,Iowa State,Iowa,3,3,-2.6666666666666665,-1.5,3.5,2.0,0.3333333333333335,1.5,-0.3333333333333335,0.5
2025,401752689,Missouri,Kansas,3,11,-6.333333333333333,-5.5,7.0,1.5,4.666666666666667,5.5,-4.666666666666667,-4.0
2025,401752690,Oklahoma,Michigan,3,11,-3.5,-3.0,4.0,1.0,7.5,8.0,-7.5,-7.0
2025,401778319,BYU,Georgia Tech,3,4,-3.5,-3.5,3.5,0.0,0.5,0.5,-0.5,-0.5
2025,401778306,Western Michigan,Kennesaw State,3,35,-3.3333333333333335,-3.0,3.5,0.5,31.666666666666668,32.0,-31.666666666666668,-31.5
2025,401752680,South Carolina,Virginia Tech,3,13,-7.666666666666667,-7.0,8.5,1.5,5.333333333333333,6.0,-5.333333333333333,-4.5
2025,401752676,Tennessee,Syracuse,3,19,-13.5,-13.5,13.5,0.0,5.5,5.5,-5.5,-5.5
2025,401752841,Oregon,Oregon State,3,34,-34.0,-33.5,34.5,1.0,0.0,0.5,0.0,0.5
2025,401752727,Florida,Texas,3,8,4.5,4.5,-4.5,0.0,12.5,12.5,-12.5,-12.5
2025,401756901,Utah,Texas Tech,3,-24,-3.5,-3.5,3.5,0.0,-27.5,-27.5,27.5,27.5
2025,401752843,Indiana,Illinois,3,53,-7.0,-6.5,7.5,1.0,46.0,46.5,-46.0,-45.5
2025,401756922,Utah,Arizona State,3,32,-9.166666666666666,-8.5,9.5,1.0,22.833333333333336,23.5,-22.833333333333336,-22.5
2025,401754553,Florida State,Miami,3,-6,3.1666666666666665,3.5,-2.5,1.0,-2.8333333333333335,-2.5,2.8333333333333335,3.5
2025,401752871,Notre Dame,USC,3,10,-10.666666666666666,-10.5,11.0,0.5,-0.6666666666666661,-0.5,0.6666666666666661,1.0
2025,401754564,Miami,Louisville,3,-3,-10.5,-10.5,10.5,0.0,-13.5,-13.5,13.5,13.5
2025,401752718,Georgia,Alabama,3,-3,-2.3333333333333335,-2.0,2.5,0.5,-5.333333333333334,-5.0,5.333333333333334,5.5
2025,401752736,Texas,Oklahoma,3,17,-2.5,-2.5,2.5,0.0,14.5,14.5,-14.5,-14.5
2025,401754591,Louisville,Clemson,3,-1,-1.8333333333333333,-1.5,2.5,1.0,-2.833333333333333,-2.5,2.833333333333333,3.5
2025,401752751,South Carolina,Alabama,3,-7,11.833333333333334,12.5,-11.5,1.0,4.833333333333334,5.5,-4.833333333333334,-4.5
2025,401757165,Notre Dame,Boise State,3,21,-21.5,-21.5,21.5,0.0,-0.5,-0.5,0.5,0.5
2025,401754552,North Carolina,Clemson,3,-28,15.166666666666666,15.5,-14.5,1.0,-12.833333333333334,-12.5,12.833333333333334,13.5
2025,401752766,Georgia,Texas,3,25,-3.6666666666666665,-3.5,4.0,0.5,21.333333333333332,21.5,-21.333333333333332,-21.0
2025,401752870,Oregon,Indiana,3,-10,-7.0,-6.5,7.5,1.0,-17.0,-16.5,17.0,17.5
2025,401752742,Georgia,Ole Miss,3,8,-7.5,-7.5,7.5,0.0,0.5,0.5,-0.5,-0.5
2025,401756932,Kansas,Kansas State,3,-25,-3.5,-3.5,3.5,0.0,-28.5,-28.5,28.5,28.5
2025,401756923,Arizona State,Texas Tech,3,4,8.0,8.5,-7.5,1.0,12.0,12.5,-12.0,-11.5
2025,401752755,Florida,Georgia,3,-4,6.833333333333333,7.0,-6.5,0.5,2.833333333333333,3.0,-2.833333333333333,-2.5
2025,401752881,Michigan State,Michigan,3,-11,13.5,13.5,-13.5,0.0,2.5,2.5,-2.5,-2.5
2025,401752889,Ohio State,Penn State,3,24,-17.666666666666668,-17.5,18.0,0.5,6.333333333333332,6.5,-6.333333333333332,-6.0
2025,401752748,LSU,Texas A&M,3,-24,1.5,1.5,-1.5,0.0,-22.5,-22.5,22.5,22.5
2025,401754586,Clemson,Florida State,3,14,-1.5,-1.5,1.5,0.0,12.5,12.5,-12.5,-12.5
2025,401754581,SMU,Miami,3,6,7.833333333333333,8.5,-6.5,2.0,13.833333333333332,14.5,-13.833333333333332,-12.5
2025,401752765,Alabama,Oklahoma,3,-2,-6.5,-6.5,6.5,0.0,-8.5,-8.5,8.5,8.5
2025,401752792,Texas,Texas A&M,3,10,2.5,2.5,-2.5,0.0,12.5,12.5,-12.5,-12.5
2025,401761665,Louisiana,UL Monroe,3,3,-11.0,-10.5,11.5,1.0,-8.0,-7.5,8.0,8.5
2025,401756956,Colorado,Arizona State,3,-25,6.833333333333333,7.0,-6.5,0.5,-18.166666666666668,-18.0,18.166666666666668,18.5
2025,401838053,Arkansas State,Missouri State,3,6,-1.5,-1.5,1.5,0.0,4.5,4.5,-4.5,-4.5
2025,401752911,Oregon,USC,3,15,-11.333333333333334,-10.5,12.5,2.0,3.666666666666666,4.5,-3.666666666666666,-2.5
2025,401752775,Florida,Tennessee,3,-20,3.3333333333333335,3.5,-3.0,0.5,-16.666666666666668,-16.5,16.666666666666668,17.0
2025,401778318,Army,UConn,3,25,-7.166666666666667,-5.5,8.5,3.0,17.833333333333332,19.5,-17.833333333333332,-16.5
2025,401778320,Fresno State,Miami (OH),3,15,-5.333333333333333,-5.0,5.5,0.5,9.666666666666668,10.0,-9.666666666666668,-9.5
2025,401779841,Texas A&M,Miami,3,-7,-3.0,-3.0,3.0,0.0,-10.0,-10.0,10.0,10.0
2025,401752823,UNLV,UCLA,2,7,2.5,2.5,-2.5,0.0,9.5,9.5,-9.5,-9.5
2025,401760371,UNLV,Idaho State,2,7,-30.5,-30.5,30.5,0.0,-23.5,-23.5,23.5,23.5
2025,401752688,Mississippi State,Arizona State,2,4,5.75,6.0,-5.5,0.5,9.75,10.0,-9.75,-9.5
2025,401752948,Washington State,San Diego State,2,23,-2.25,-2.0,2.5,0.5,20.75,21.0,-20.75,-20.5
2025,401754528,Louisville,James Madison,2,14,-15.25,-15.0,15.5,0.5,-1.25,-1.0,1.25,1.5
2025,401767476,Nicholls,Incarnate Word,2,14,13.5,13.5,-13.5,0.0,27.5,27.5,-27.5,-27.5
2025,401752826,Maryland,Northern Illinois,2,11,-16.75,-16.5,17.0,0.5,-5.75,-5.5,5.75,6.0
2025,401762518,Tulane,Charlotte,3,27,-31.0,-30.5,31.5,1.0,-4.0,-3.5,4.0,4.5
2025,401762790,Bowling Green,Lafayette,2,19,-21.25,-21.0,21.5,0.5,-2.25,-2.0,2.25,2.5
2025,401752709,Miami,Florida,3,19,-8.5,-8.5,8.5,0.0,10.5,10.5,-10.5,-10.5
2025,401752873,Michigan,Washington,3,17,-4.166666666666667,-4.0,4.5,0.5,12.833333333333332,13.0,-12.833333333333332,-12.5
2025,401752804,Oregon,Montana State,2,46,-28.25,-28.0,28.5,0.5,17.75,18.0,-17.75,-17.5
2025,401754618,Syracuse,UConn,2,7,-7.25,-7.0,7.5,0.5,-0.25,0.0,0.25,0.5
2025,401754525,SMU,Baylor,2,-3,-2.75,-2.5,3.0,0.5,-5.75,-5.5,5.75,6.0
2025,401752825,Duke,Illinois,2,-26,2.5,2.5,-2.5,0.0,-23.5,-23.5,23.5,23.5
2025,401752811,Penn State,Florida International,2,34,-41.75,-41.5,42.0,0.5,-7.75,-7.5,7.75,8.0
2025,401752699,LSU,Florida,3,10,-5.0,-4.5,5.5,1.0,5.0,5.5,-5.0,-4.5
2025,401752684,Florida,South Florida,2,-2,-18.5,-18.5,18.5,0.0,-20.5,-20.5,20.5,20.5
2025,401762432,Army,Tarleton State,2,-3,-14.25,-14.0,14.5,0.5,-17.25,-17.0,17.25,17.5
2025,401757167,UConn,Central Connecticut,2,46,-28.75,-28.0,29.5,1.5,17.25,18.0,-17.25,-16.5
2025,401756846,Kansas State,Iowa State,3,-3,-3.0,-2.5,3.5,1.0,-6.0,-5.5,6.0,6.5
2025,401757219,Delaware,Delaware State,2,18,-30.5,-30.5,30.5,0.0,-12.5,-12.5,12.5,12.5
2025,401762434,Navy,VMI,2,45,-42.25,-42.0,42.5,0.5,2.75,3.0,-2.75,-2.5
2025,401752816,Michigan State,Boston College,2,2,-3.5,-3.5,3.5,0.0,-1.5,-1.5,1.5,1.5
2025,401752677,Ohio State,Texas,3,7,-2.1666666666666665,-1.5,3.0,1.5,4.833333333333334,5.5,-4.833333333333334,-4.0
2025,401752668,Florida,Long Island University,2,55,-46.75,-46.5,47.0,0.5,8.25,8.5,-8.25,-8.0
2025,401752666,Arkansas,Alabama A&M,2,45,-47.0,-45.5,48.5,3.0,-2.0,-0.5,2.0,3.5
2025,401761603,UTSA,Texas State,2,-7,-4.5,-4.5,4.5,0.0,-11.5,-11.5,11.5,11.5
2025,401752686,Kentucky,Ole Miss,2,-7,7.75,8.0,-7.5,0.5,0.75,1.0,-0.75,-0.5
2025,401756885,Texas Tech,Kent State,2,48,-48.0,-47.5,48.5,1.0,0.0,0.5,0.0,0.5
2025,401767126,Portland State,Tarleton State,2,-42,17.0,17.5,-16.5,1.0,-25.0,-24.5,25.0,25.5
2025,401754529,Pittsburgh,Central Michigan,2,28,-21.5,-21.5,21.5,0.0,6.5,6.5,-6.5,-6.5
2025,401752812,Indiana,Kennesaw State,2,47,-35.5,-35.5,35.5,0.0,11.5,11.5,-11.5,-11.5
2025,401757227,Jacksonville State,Liberty,2,10,6.25,6.5,-6.0,0.5,16.25,16.5,-16.25,-16.0
2025,401778312,Hawai'i,California,3,4,-1.5,-1.5,1.5,0.0,2.5,2.5,-2.5,-2.5
2025,401831583,SMU,Arizona,3,5,-2.5,-2.5,2.5,0.0,2.5,2.5,-2.5,-2.5
2025,401761588,UL Monroe,Saint Francis,2,29,-30.75,-30.5,31.0,0.5,-1.75,-1.5,1.75,2.0
2025,401752674,Missouri,Central Arkansas,2,55,-39.0,-38.5,39.5,1.0,16.0,16.5,-16.0,-15.5
2025,401756880,Cincinnati,Bowling Green,2,14,-22.0,-21.5,22.5,1.0,-8.0,-7.5,8.0,8.5
2025,401778325,Louisiana Tech,Coastal Carolina,3,9,-10.0,-10.0,10.0,0.0,-1.0,-1.0,1.0,1.0
2025,401833989,Montana State,Montana,2,25,-5.5,-4.5,6.5,2.0,19.5,20.5,-19.5,-18.5
2025,401752705,Tennessee,Georgia,3,-3,3.5,3.5,-3.5,0.0,0.5,0.5,-0.5,-0.5
2025,401754623,Georgia Tech,Clemson,3,3,2.8333333333333335,3.0,-2.5,0.5,5.833333333333334,6.0,-5.833333333333334,-5.5
2025,401756960,Utah,Kansas State,3,4,-17.833333333333332,-17.5,18.5,1.0,-13.833333333333332,-13.5,13.833333333333332,14.5
2025,401769071,Texas Tech,Oregon,3,-23,-1.3333333333333333,-1.0,1.5,0.5,-24.333333333333332,-24.0,24.333333333333332,24.5
2025,401754520,Pittsburgh,Duquesne,2,52,-39.25,-39.0,39.5,0.5,12.75,13.0,-12.75,-12.5
2025,401754519,Louisville,Eastern Kentucky,2,34,-37.75,-37.5,38.0,0.5,-3.75,-3.5,3.75,4.0
2025,401778327,TCU,USC,3,3,4.5,4.5,-4.5,0.0,7.5,7.5,-7.5,-7.5
2025,401778305,Delaware,Louisiana,3,7,1.5,1.5,-1.5,0.0,8.5,8.5,-8.5,-8.5
2025,401769072,Indiana,Alabama,3,35,-7.5,-7.5,7.5,0.0,27.5,27.5,-27.5,-27.5
2025,401778322,Missouri,Virginia,3,-6,-4.0,-4.0,4.0,0.0,-10.0,-10.0,10.0,10.0
2025,401769073,Georgia,Ole Miss,3,-5,-6.0,-6.0,6.0,0.0,-11.0,-11.0,11.0,11.0
2025,401778323,Houston,LSU,3,3,-1.3333333333333333,-1.0,1.5,0.5,1.6666666666666667,2.0,-1.6666666666666667,-1.5
2025,401778311,Ohio,UNLV,3,7,6.333333333333333,6.5,-6.0,0.5,13.333333333333332,13.5,-13.333333333333332,-13.0
2025,401778313,Northwestern,Central Michigan,3,27,-13.0,-12.0,13.5,1.5,14.0,15.0,-14.0,-13.5
2025,401778314,Minnesota,New Mexico,3,3,-1.6666666666666667,-1.5,2.0,0.5,1.3333333333333333,1.5,-1.3333333333333333,-1.0
2025,401778316,East Carolina,Pittsburgh,3,6,10.666666666666666,13.5,-6.0,7.5,16.666666666666664,19.5,-16.666666666666664,-12.0
2025,401778317,Clemson,Penn State,3,-12,-2.5,-2.5,2.5,0.0,-14.5,-14.5,14.5,14.5
2025,401778321,San Diego State,North Texas,3,-2,6.0,7.5,-3.0,4.5,4.0,5.5,-4.0,-1.0
2025,401778324,App State,Georgia Southern,3,-19,10.0,10.0,-10.0,0.0,-9.0,-9.0,9.0,9.0
2025,401769070,Ohio State,Miami,3,-10,-7.666666666666667,-7.5,8.0,0.5,-17.666666666666668,-17.5,17.666666666666668,18.0
2025,401778331,Utah,Nebraska,3,22,-13.666666666666666,-13.5,14.0,0.5,8.333333333333334,8.5,-8.333333333333334,-8.0
2025,401769075,Ole Miss,Miami,3,-4,3.0,3.0,-3.0,0.0,-1.0,-1.0,1.0,1.0
2025,401769074,Indiana,Oregon,3,34,-3.0,-3.0,3.0,0.0,31.0,31.0,-31.0,-31.0
2025,401769076,Indiana,Miami,3,6,-7.333333333333333,-7.0,7.5,0.5,-1.333333333333333,-1.0,1.333333333333333,1.5
2025,401778333,Cincinnati,Navy,3,-22,6.333333333333333,7.5,-4.0,3.5,-15.666666666666668,-14.5,15.666666666666668,18.0
2025,401754526,BYU,Stanford,2,24,-20.5,-20.5,20.5,0.0,3.5,3.5,-3.5,-3.5
2025,401756883,Ohio,West Virginia,2,7,3.5,3.5,-3.5,0.0,10.5,10.5,-10.5,-10.5
2025,401756850,Arizona State,Northern Arizona,2,19,-30.0,-29.5,30.5,1.0,-11.0,-10.5,11.0,11.5
2025,401762457,Tulsa,Abilene Christian,2,28,-5.25,-5.0,5.5,0.5,22.75,23.0,-22.75,-22.5
2025,401752759,Alabama,LSU,3,11,-10.166666666666666,-10.0,10.5,0.5,0.8333333333333339,1.0,-0.8333333333333339,-0.5
2025,401752893,Penn State,Indiana,3,-3,14.0,14.5,-13.5,1.0,11.0,11.5,-11.0,-10.5
2025,401754638,West Virginia,Pittsburgh,3,7,6.833333333333333,7.0,-6.5,0.5,13.833333333333332,14.0,-13.833333333333332,-13.5
2025,401752693,Texas,San José State,2,31,-36.75,-36.5,37.0,0.5,-5.75,-5.5,5.75,6.0
2025,401754524,NC State,Virginia,2,4,-2.75,-2.5,3.0,0.5,1.25,1.5,-1.25,-1.0
2025,401752694,Texas A&M,Utah State,2,22,-34.5,-34.5,34.5,0.0,-12.5,-12.5,12.5,12.5
2025,401752682,Arkansas,Arkansas State,2,42,-24.0,-23.5,24.5,1.0,18.0,18.5,-18.0,-17.5
2025,401778330,Texas,Michigan,3,14,-5.166666666666667,-4.0,7.0,3.0,8.833333333333332,10.0,-8.833333333333332,-7.0
2025,401762461,Western Michigan,North Texas,2,-3,12.25,12.5,-12.0,0.5,9.25,9.5,-9.25,-9.0
2025,401754518,Boston College,Fordham,2,56,-34.75,-34.5,35.0,0.5,21.25,21.5,-21.25,-21.0
2025,401756878,West Virginia,Robert Morris,2,42,-41.75,-40.0,43.5,3.5,0.25,2.0,-0.25,1.5
2025,401756884,Rice,Houston,2,-26,13.5,13.5,-13.5,0.0,-12.5,-12.5,12.5,12.5
2025,401756853,Iowa State,South Dakota,2,48,-15.0,-13.5,16.5,3.0,33.0,34.5,-33.0,-31.5
2025,401761598,Georgia State,Memphis,2,-22,15.0,15.5,-14.5,1.0,-7.0,-6.5,7.0,7.5
2025,401778329,Duke,Arizona State,3,3,-3.3333333333333335,-2.0,4.0,2.0,-0.3333333333333335,1.0,0.3333333333333335,1.0
2025,401752820,Wisconsin,Middle Tennessee,2,32,-28.5,-28.5,28.5,0.0,3.5,3.5,-3.5,-3.5
2025,401752789,Oklahoma,LSU,3,4,-11.5,-11.5,11.5,0.0,-7.5,-7.5,7.5,7.5
2025,401752795,Illinois,Western Illinois,2,49,-48.5,-48.5,48.5,0.0,0.5,0.5,-0.5,-0.5
2025,401757311,Sam Houston,Florida International,3,-40,10.5,10.5,-10.5,0.0,-29.5,-29.5,29.5,29.5
2025,401752818,Rutgers,Miami (OH),2,28,-15.5,-15.5,15.5,0.0,12.5,12.5,-12.5,-12.5
2025,401757221,Louisiana Tech,SE Louisiana,2,24,-14.5,-14.5,14.5,0.0,9.5,9.5,-9.5,-9.5
2025,401757223,New Mexico State,Bryant,2,16,-19.5,-19.5,19.5,0.0,-3.5,-3.5,3.5,3.5
2025,401752824,Oregon,Oklahoma State,2,66,-28.5,-28.5,28.5,0.0,37.5,37.5,-37.5,-37.5
2025,401752947,Washington State,Idaho,2,3,-16.75,-16.5,17.0,0.5,-13.75,-13.5,13.75,14.0
2025,401757228,Marshall,Missouri State,2,-1,-7.25,-7.0,7.5,0.5,-8.25,-8.0,8.25,8.5
2025,401756881,Colorado,Delaware,2,24,-23.5,-23.5,23.5,0.0,0.5,0.5,-0.5,-0.5
2025,401752937,Oregon State,Fresno State,2,-9,-1.25,-1.0,1.5,0.5,-10.25,-10.0,10.25,10.5
2025,401754637,Clemson,Troy,2,11,-30.25,-29.5,31.0,1.5,-19.25,-18.5,19.25,20.0
2025,401762458,Navy,UAB,2,14,-21.5,-20.5,22.5,2.0,-7.5,-6.5,7.5,8.5
2025,401756882,Kansas State,Army,2,-3,-16.75,-16.5,17.0,0.5,-19.75,-19.5,19.75,20.0
2025,401752675,Oklahoma,Illinois State,2,32,-39.0,-38.5,39.5,1.0,-7.0,-6.5,7.0,7.5
2025,401757220,Liberty,Maine,2,21,-25.5,-25.5,25.5,0.0,-4.5,-4.5,4.5,4.5
2025,401756851,BYU,Portland State,2,69,-44.0,-43.5,44.5,1.0,25.0,25.5,-25.0,-24.5
2025,401754521,SMU,East Texas A&M,2,29,-50.75,-50.5,51.0,0.5,-21.75,-21.5,21.75,22.0
2025,401756855,Kansas State,North Dakota,2,3,-27.5,-27.5,27.5,0.0,-24.5,-24.5,24.5,24.5
2025,401757226,Western Kentucky,North Alabama,2,49,-27.5,-27.5,27.5,0.0,21.5,21.5,-21.5,-21.5
2025,401762433,Memphis,Chattanooga,2,35,-30.5,-30.5,30.5,0.0,4.5,4.5,-4.5,-4.5
2025,401752784,Auburn,Alabama,3,-7,6.833333333333333,7.0,-6.5,0.5,-0.16666666666666696,0.0,0.16666666666666696,0.5
2025,401756852,Houston,Stephen F. Austin,2,27,-24.0,-23.5,24.5,1.0,3.0,3.5,-3.0,-2.5
2025,401752679,Vanderbilt,Charleston Southern,2,42,-38.0,-37.5,38.5,1.0,4.0,4.5,-4.0,-3.5
2025,401761595,Troy,Nicholls,2,18,-18.0,-16.5,19.5,3.0,0.0,1.5,0.0,1.5
2025,401761593,South Alabama,Morgan State,2,17,-28.5,-28.5,28.5,0.0,-11.5,-11.5,11.5,11.5
2025,401762435,North Texas,Lamar,2,51,-27.5,-27.5,27.5,0.0,23.5,23.5,-23.5,-23.5
2025,401761601,South Alabama,Tulane,2,-2,13.5,13.5,-13.5,0.0,11.5,11.5,-11.5,-11.5
2025,401761590,James Madison,Weber State,2,35,-27.0,-26.5,27.5,1.0,8.0,8.5,-8.0,-7.5
2025,401757222,Middle Tennessee,Austin Peay,2,-20,-15.5,-14.5,16.5,2.0,-35.5,-34.5,35.5,36.5
2025,401756941,Kansas State,Texas Tech,3,-23,7.333333333333333,7.5,-7.0,0.5,-15.666666666666668,-15.5,15.666666666666668,16.0
2025,401762430,UAB,Alabama State,2,10,-21.25,-21.0,21.5,0.5,-11.25,-11.0,11.25,11.5
2025,401752687,LSU,Louisiana Tech,2,16,-36.5,-36.5,36.5,0.0,-20.5,-20.5,20.5,20.5
2025,401752814,USC,Georgia Southern,2,39,-28.75,-28.5,29.0,0.5,10.25,10.5,-10.25,-10.0
2025,401760359,Air Force,Bucknell,2,36,-30.75,-30.5,31.0,0.5,5.25,5.5,-5.25,-5.0
2025,401752683,Auburn,Ball State,2,39,-42.75,-42.5,43.0,0.5,-3.75,-3.5,3.75,4.0
2025,401757232,Toledo,Western Kentucky,2,24,-8.0,-7.5,8.5,1.0,16.0,16.5,-16.0,-15.5
2025,401752810,Nebraska,Akron,2,68,-33.75,-33.5,34.0,0.5,34.25,34.5,-34.25,-34.0
2025,401752681,Alabama,UL Monroe,2,73,-34.25,-34.0,34.5,0.5,38.75,39.0,-38.75,-38.5
2025,401757229,New Mexico State,Tulsa,2,7,3.25,3.5,-3.0,0.5,10.25,10.5,-10.25,-10.0
2025,401762793,Northern Illinois,Holy Cross,2,2,-13.5,-13.5,13.5,0.0,-11.5,-11.5,11.5,11.5
2025,401757230,Hawai'i,Sam Houston,2,17,-7.25,-7.0,7.5,0.5,9.75,10.0,-9.75,-9.5
2025,401752707,Notre Dame,Texas A&M,3,-1,-6.833333333333333,-6.5,7.5,1.0,-7.833333333333333,-7.5,7.833333333333333,8.5
2025,401752923,Michigan State,Maryland,3,10,-4.166666666666667,-4.0,4.5,0.5,5.833333333333333,6.0,-5.833333333333333,-5.5
2025,401754614,Stanford,Notre Dame,3,-29,32.833333333333336,33.5,-32.5,1.0,3.8333333333333357,4.5,-3.8333333333333357,-3.5
2025,401760424,Hawai'i,Wyoming,3,20,-8.5,-8.5,8.5,0.0,11.5,11.5,-11.5,-11.5
2025,401752917,Washington,Oregon,3,-12,6.666666666666667,7.0,-6.5,0.5,-5.333333333333333,-5.0,5.333333333333333,5.5
2025,401767080,Southern Utah,Idaho State,2,22,-4.5,-4.5,4.5,0.0,17.5,17.5,-17.5,-17.5
2025,401752922,Illinois,Northwestern,3,7,-7.166666666666667,-7.0,7.5,0.5,-0.16666666666666696,0.0,0.16666666666666696,0.5
2025,401761667,Texas State,South Alabama,3,23,-9.666666666666666,-9.5,10.0,0.5,13.333333333333334,13.5,-13.333333333333334,-13.0
2025,401752916,Nebraska,Iowa,3,-24,5.666666666666667,6.0,-5.5,0.5,-18.333333333333332,-18.0,18.333333333333332,18.5
2025,401752695,Virginia Tech,Vanderbilt,2,-24,-2.0,-1.5,2.5,1.0,-26.0,-25.5,26.0,26.5
2025,401752786,Georgia Tech,Georgia,3,-7,16.166666666666668,16.5,-15.5,1.0,9.166666666666668,9.5,-9.166666666666668,-8.5
2025,401756934,Utah,Colorado,3,46,-14.166666666666666,-14.0,14.5,0.5,31.833333333333336,32.0,-31.833333333333336,-31.5
2025,401762868,Massachusetts,Bowling Green,3,-31,14.166666666666666,14.5,-14.0,0.5,-16.833333333333336,-16.5,16.833333333333336,17.0
2025,401761666,Southern Miss,Troy,3,-10,-6.833333333333333,-6.5,7.0,0.5,-16.833333333333332,-16.5,16.833333333333332,17.0
2025,401756854,Kansas,Wagner,2,39,-46.0,-45.5,46.5,1.0,-7.0,-6.5,7.0,7.5
2025,401752738,Alabama,Tennessee,3,17,-8.666666666666666,-8.5,9.0,0.5,8.333333333333334,8.5,-8.333333333333334,-8.0
2025,401756965,Kansas State,Colorado,3,10,-16.5,-16.5,16.5,0.0,-6.5,-6.5,6.5,6.5
2025,401752910,UCLA,Washington,3,-34,10.666666666666666,11.0,-10.5,0.5,-23.333333333333336,-23.0,23.333333333333336,23.5
2025,401752778,Oklahoma,Missouri,3,11,-4.5,-4.5,4.5,0.0,6.5,6.5,-6.5,-6.5
2025,401754600,North Carolina,Duke,3,-7,6.833333333333333,7.0,-6.5,0.5,-0.16666666666666696,0.0,0.16666666666666696,0.5
2025,401752875,Iowa,Penn State,3,1,-3.1666666666666665,-3.0,3.5,0.5,-2.1666666666666665,-2.0,2.1666666666666665,2.5
2025,401762516,Memphis,Navy,3,-11,-3.6666666666666665,-3.5,4.0,0.5,-14.666666666666666,-14.5,14.666666666666666,15.0
2025,401760421,Colorado State,Air Force,3,-21,2.5,2.5,-2.5,0.0,-18.5,-18.5,18.5,18.5
2025,401756964,Kansas,Utah,3,-10,10.166666666666666,10.5,-10.0,0.5,0.16666666666666607,0.5,-0.16666666666666607,0.0
2025,401762875,Miami (OH),Ball State,3,21,-16.666666666666668,-16.5,17.0,0.5,4.333333333333332,4.5,-4.333333333333332,-4.0
2025,401762441,UTSA,Army,3,-3,-8.5,-8.5,8.5,0.0,-11.5,-11.5,11.5,11.5
2025,401752731,Auburn,Georgia,3,-10,4.5,4.5,-4.5,0.0,-5.5,-5.5,5.5,5.5
2025,401760422,Utah State,Boise State,3,-1,1.6666666666666667,2.0,-1.5,0.5,0.6666666666666667,1.0,-0.6666666666666667,-0.5
2025,401757310,Delaware,UTEP,3,30,-4.5,-4.5,4.5,0.0,25.5,25.5,-25.5,-25.5
2025,401752865,Illinois,Ohio State,3,-18,15.0,15.5,-14.5,1.0,-3.0,-2.5,3.0,3.5
2025,401754613,Virginia,Virginia Tech,3,20,-8.666666666666666,-8.0,9.5,1.5,11.333333333333334,12.0,-11.333333333333334,-10.5
2025,401762520,South Florida,Rice,3,49,-28.333333333333332,-28.0,28.5,0.5,20.666666666666668,21.0,-20.666666666666668,-20.5
2025,401754612,NC State,North Carolina,3,23,-7.166666666666667,-7.0,7.5,0.5,15.833333333333332,16.0,-15.833333333333332,-15.5
2025,401761663,Marshall,Georgia Southern,3,-5,-10.333333333333334,-10.0,10.5,0.5,-15.333333333333334,-15.0,15.333333333333334,15.5
2025,401754608,Syracuse,Boston College,3,-22,2.8333333333333335,3.0,-2.5,0.5,-19.166666666666668,-19.0,19.166666666666668,19.5
2025,401752854,Penn State,Oregon,3,-6,-4.0,-3.5,4.5,1.0,-10.0,-9.5,10.0,10.5
2025,401752920,Rutgers,Penn State,3,-4,14.166666666666666,14.5,-14.0,0.5,10.166666666666666,10.5,-10.166666666666666,-10.0
2025,401754611,Pittsburgh,Miami,3,-31,6.5,6.5,-6.5,0.0,-24.5,-24.5,24.5,24.5
2025,401762519,Florida Atlantic,East Carolina,3,-39,6.833333333333333,7.0,-6.5,0.5,-32.166666666666664,-32.0,32.166666666666664,32.5
2025,401752790,South Carolina,Clemson,3,-14,-2.5,-2.5,2.5,0.0,-16.5,-16.5,16.5,16.5
2025,401752785,Florida,Florida State,3,19,1.3333333333333333,1.5,-1.0,0.5,20.333333333333332,20.5,-20.333333333333332,-20.0
2025,401756968,West Virginia,Texas Tech,3,-49,24.333333333333332,24.5,-24.0,0.5,-24.666666666666668,-24.5,24.666666666666668,25.0
2025,401752726,Alabama,Vanderbilt,3,16,-13.5,-13.5,13.5,0.0,2.5,2.5,-2.5,-2.5
2025,401760426,New Mexico,San Diego State,3,6,1.3333333333333333,1.5,-1.0,0.5,7.333333333333333,7.5,-7.333333333333333,-7.0
2025,401760363,Boise State,Eastern Washington,2,37,-33.25,-33.0,33.5,0.5,3.75,4.0,-3.75,-3.5
2025,401752817,Northwestern,Western Illinois,2,35,-31.0,-30.5,31.5,1.0,4.0,4.5,-4.0,-3.5
2025,401762462,Temple,Howard,2,48,-27.75,-27.5,28.0,0.5,20.25,20.5,-20.25,-20.0
2025,401752692,Tennessee,East Tennessee State,2,55,-40.0,-39.5,40.5,1.0,15.0,15.5,-15.0,-14.5
2025,401752685,Georgia,Austin Peay,2,22,-46.75,-46.5,47.0,0.5,-24.75,-24.5,24.75,25.0
2025,401762459,East Carolina,Campbell,2,53,-30.25,-30.0,30.5,0.5,22.75,23.0,-22.75,-22.5
2025,401752919,USC,UCLA,3,19,-21.333333333333332,-21.0,21.5,0.5,-2.333333333333332,-2.0,2.333333333333332,2.5
2025,401752788,Mississippi State,Ole Miss,3,-19,7.333333333333333,7.5,-7.0,0.5,-11.666666666666668,-11.5,11.666666666666668,12.0
2025,401756963,BYU,UCF,3,20,-17.5,-17.5,17.5,0.0,2.5,2.5,-2.5,-2.5
2025,401760367,Wyoming,Northern Iowa,2,24,-13.75,-13.5,14.0,0.5,10.25,10.5,-10.25,-10.0
2025,401760366,New Mexico,Idaho State,2,10,-17.5,-17.5,17.5,0.0,-7.5,-7.5,7.5,7.5
2025,401762794,Buffalo,Saint Francis,2,39,-37.25,-37.0,37.5,0.5,1.75,2.0,-1.75,-1.5
2025,401761602,Southern Miss,Jackson State,2,18,-13.5,-13.5,13.5,0.0,4.5,4.5,-4.5,-4.5
2025,401761599,Old Dominion,North Carolina Central,2,48,-21.75,-21.5,22.0,0.5,26.25,26.5,-26.25,-26.0
2025,401762460,Florida Atlantic,Florida A&M,2,42,-21.25,-21.0,21.5,0.5,20.75,21.0,-20.75,-20.5
2025,401757315,New Mexico State,Middle Tennessee,3,-7,-3.3333333333333335,-3.0,3.5,0.5,-10.333333333333334,-10.0,10.333333333333334,10.5
2025,401756887,Utah,Cal Poly,2,54,-42.5,-42.5,42.5,0.0,11.5,11.5,-11.5,-11.5
2025,401762869,Eastern Michigan,Western Michigan,3,-10,9.833333333333334,10.0,-9.5,0.5,-0.16666666666666607,0.0,0.16666666666666607,0.5
2025,401757231,UTEP,UT Martin,2,25,-7.5,-7.5,7.5,0.0,17.5,17.5,-17.5,-17.5
2025,401761597,Coastal Carolina,Charleston Southern,2,13,-28.0,-27.5,28.5,1.0,-15.0,-14.5,15.0,15.5
2025,401761600,Louisiana,McNeese,2,24,-19.25,-19.0,19.5,0.5,4.75,5.0,-4.75,-4.5
2025,401752819,Purdue,Southern Illinois,2,17,-21.0,-19.5,22.5,3.0,-4.0,-2.5,4.0,5.5
2025,401757314,Missouri State,Louisiana Tech,3,-12,-2.5,-2.5,2.5,0.0,-14.5,-14.5,14.5,14.5
2025,401752791,Tennessee,Vanderbilt,3,-21,-2.3333333333333335,-2.0,2.5,0.5,-23.333333333333332,-23.0,23.333333333333332,23.5
2025,401752921,Michigan,Ohio State,3,-18,9.5,9.5,-9.5,0.0,-8.5,-8.5,8.5,8.5
2025,401754620,Wake Forest,Western Carolina,2,32,-17.5,-17.5,17.5,0.0,14.5,14.5,-14.5,-14.5
2025,401752787,Louisville,Kentucky,3,41,0.6666666666666666,1.5,1.0,2.5,41.666666666666664,42.5,-41.666666666666664,-40.0
2025,401754610,Duke,Wake Forest,3,17,-2.5,-2.5,2.5,0.0,14.5,14.5,-14.5,-14.5
2025,401757313,Liberty,Kennesaw State,3,-6,2.5,2.5,-2.5,0.0,-3.5,-3.5,3.5,3.5
2025,401756962,Baylor,Houston,3,-7,-2.5,-2.5,2.5,0.0,-9.5,-9.5,9.5,9.5
2025,401752815,Ohio State,Grambling,2,70,-53.5,-51.5,55.5,4.0,16.5,18.5,-16.5,-14.5
2025,401762872,Central Michigan,Toledo,3,-18,11.166666666666666,11.5,-10.5,1.0,-6.833333333333334,-6.5,6.833333333333334,7.5
2025,401761596,App State,Lindenwood,2,7,-30.5,-29.5,31.5,2.0,-23.5,-22.5,23.5,24.5
2025,401754622,Georgia Tech,Gardner-Webb,2,47,-37.5,-37.5,37.5,0.0,9.5,9.5,-9.5,-9.5
2025,401754530,California,Texas Southern,2,32,-44.5,-44.5,44.5,0.0,-12.5,-12.5,12.5,12.5
2025,401752783,Arkansas,Missouri,3,-14,4.5,4.5,-4.5,0.0,-9.5,-9.5,9.5,9.5
2025,401762442,North Texas,Temple,3,27,-20.333333333333332,-20.0,20.5,0.5,6.666666666666668,7.0,-6.666666666666668,-6.5
2025,401762795,Eastern Michigan,Long Island University,2,-5,-22.0,-21.5,22.5,1.0,-27.0,-26.5,27.0,27.5
2025,401752836,Indiana,Indiana State,2,73,-47.5,-47.5,47.5,0.0,25.5,25.5,-25.5,-25.5
2025,401756879,Arizona,Weber State,2,45,-31.5,-31.5,31.5,0.0,13.5,13.5,-13.5,-13.5
2025,401760365,Nevada,Sacramento State,2,3,-8.75,-8.0,9.5,1.5,-5.75,-5.0,5.75,6.5
2025,401756893,Houston,Colorado,3,16,-3.8333333333333335,-3.5,4.0,0.5,12.166666666666666,12.5,-12.166666666666666,-12.0
2025,401756888,Arizona,Kansas State,3,6,1.5,1.5,-1.5,0.0,7.5,7.5,-7.5,-7.5
2025,401754531,Wake Forest,NC State,3,-10,7.333333333333333,7.5,-7.0,0.5,-2.666666666666667,-2.5,2.666666666666667,3.0
2025,401756886,UCF,North Carolina A&T,2,61,-37.5,-37.0,38.0,1.0,23.5,24.0,-23.5,-23.0
2025,401752837,UCLA,New Mexico,3,-25,-15.5,-15.5,15.5,0.0,-40.5,-40.5,40.5,40.5
2025,401762816,Massachusetts,Bryant,2,-1,-15.5,-14.5,16.5,2.0,-16.5,-15.5,16.5,17.5
2025,401752691,South Carolina,South Carolina State,2,28,-42.75,-42.5,43.0,0.5,-14.75,-14.5,14.75,15.0
2025,401752821,Washington,UC Davis,2,60,-28.75,-28.0,29.5,1.5,31.25,32.0,-31.25,-30.5
2025,401754621,Florida State,East Texas A&M,2,74,-44.5,-43.5,45.5,2.0,29.5,30.5,-29.5,-28.5
2025,401756967,TCU,Cincinnati,3,22,-3.1666666666666665,-3.0,3.5,0.5,18.833333333333332,19.0,-18.833333333333332,-18.5
2025,401761661,App State,Arkansas State,3,-1,0.6666666666666666,1.5,1.0,2.5,-0.33333333333333337,0.5,0.33333333333333337,2.0
2025,401752831,Northwestern,Oregon,3,-20,25.5,26.5,-24.5,2.0,5.5,6.5,-5.5,-4.5
2025,401754527,Charlotte,North Carolina,2,-17,15.75,16.5,-15.0,1.5,-1.25,-0.5,1.25,2.0
2025,401754534,Tulane,Duke,3,7,-0.5,1.5,1.5,3.0,6.5,8.5,-6.5,-5.5
2025,401752703,Temple,Oklahoma,3,-39,23.833333333333332,24.5,-23.5,1.0,-15.166666666666668,-14.5,15.166666666666668,15.5
2025,401761608,Troy,Memphis,3,-21,4.5,4.5,-4.5,0.0,-16.5,-16.5,16.5,16.5
2025,401752696,Alabama,Wisconsin,3,24,-18.5,-17.5,19.5,2.0,5.5,6.5,-5.5,-4.5
2025,401754532,Syracuse,Colgate,3,42,-36.833333333333336,-36.5,37.5,1.0,5.166666666666664,5.5,-5.166666666666664,-4.5
2025,401752938,Texas Tech,Oregon State,3,31,-24.0,-23.5,24.5,1.0,7.0,7.5,-7.0,-6.5
2025,401752949,North Texas,Washington State,3,49,-6.5,-6.5,6.5,0.0,42.5,42.5,-42.5,-42.5
2025,401754536,Virginia Tech,Old Dominion,3,-19,-5.5,-5.5,5.5,0.0,-24.5,-24.5,24.5,24.5
2025,401752832,Purdue,USC,3,-16,20.5,20.5,-20.5,0.0,4.5,4.5,-4.5,-4.5
2025,401752835,Penn State,Villanova,3,46,-47.166666666666664,-46.5,47.5,1.0,-1.1666666666666643,-0.5,1.1666666666666643,1.5
2025,401752830,Iowa,Massachusetts,3,40,-35.333333333333336,-35.0,35.5,0.5,4.666666666666664,5.0,-4.666666666666664,-4.5
2025,401752704,South Carolina,Vanderbilt,3,-24,-2.8333333333333335,-2.5,3.0,0.5,-26.833333333333332,-26.5,26.833333333333332,27.0
2025,401756895,Wyoming,Utah,3,-25,24.5,24.5,-24.5,0.0,-0.5,-0.5,0.5,0.5
2025,401762465,Tulsa,Navy,3,-19,13.666666666666666,14.0,-13.5,0.5,-5.333333333333334,-5.0,5.333333333333334,5.5
2025,401752838,Maryland,Towson,3,27,-28.5,-28.5,28.5,0.0,-1.5,-1.5,1.5,1.5
2025,401754535,Miami,South Florida,3,37,-17.666666666666668,-17.5,18.0,0.5,19.333333333333332,19.5,-19.333333333333332,-19.0
2025,401762817,Kent State,Buffalo,3,-3,24.0,24.5,-23.5,1.0,21.0,21.5,-21.0,-20.5
2025,401752839,Michigan,Central Michigan,3,60,-27.666666666666668,-27.5,28.0,0.5,32.33333333333333,32.5,-32.33333333333333,-32.0
2025,401760364,Colorado State,Northern Colorado,2,4,-34.75,-34.5,35.0,0.5,-30.75,-30.5,30.75,31.0
2025,401757168,Delaware,UConn,3,3,8.666666666666666,9.5,-8.0,1.5,11.666666666666666,12.5,-11.666666666666666,-11.0
2025,401752918,Minnesota,Wisconsin,3,10,2.5,2.5,-2.5,0.0,12.5,12.5,-12.5,-12.5
2025,401761662,Coastal Carolina,James Madison,3,-49,24.0,24.5,-23.5,1.0,-25.0,-24.5,25.0,25.5
2025,401752697,Auburn,South Alabama,3,16,-26.333333333333332,-26.0,26.5,0.5,-10.333333333333332,-10.0,10.333333333333332,10.5
2025,401754615,Missouri State,SMU,3,-18,28.833333333333332,29.5,-28.5,1.0,10.833333333333332,11.5,-10.833333333333332,-10.5
2025,401756890,Arkansas State,Iowa State,3,-8,21.0,21.5,-20.5,1.0,13.0,13.5,-13.0,-12.5
2025,401761607,Southern Miss,App State,3,16,2.8333333333333335,3.0,-2.5,0.5,18.833333333333332,19.0,-18.833333333333332,-18.5
2025,401754639,North Carolina,Richmond,3,35,-24.5,-24.5,24.5,0.0,10.5,10.5,-10.5,-10.5
2025,401757257,Louisiana Tech,New Mexico State,3,35,-10.166666666666666,-10.0,10.5,0.5,24.833333333333336,25.0,-24.833333333333336,-24.5
2025,401752702,Missouri,Louisiana,3,42,-27.5,-27.5,27.5,0.0,14.5,14.5,-14.5,-14.5
2025,401756891,Baylor,Samford,3,35,-52.0,-51.5,52.5,1.0,-17.0,-16.5,17.0,17.5
2025,401752946,Washington State,Oregon State,3,24,-14.166666666666666,-14.0,14.5,0.5,9.833333333333334,10.0,-9.833333333333334,-9.5
2025,401752698,Kentucky,Eastern Michigan,3,25,-26.666666666666668,-26.5,27.0,0.5,-1.6666666666666679,-1.5,1.6666666666666679,2.0
2025,401752700,Ole Miss,Arkansas,3,6,-3.8333333333333335,-3.5,4.5,1.0,2.1666666666666665,2.5,-2.1666666666666665,-1.5
2025,401754609,California,SMU,3,3,13.5,13.5,-13.5,0.0,16.5,16.5,-16.5,-16.5
2025,401752840,California,Minnesota,3,13,3.1666666666666665,3.5,-3.0,0.5,16.166666666666668,16.5,-16.166666666666668,-16.0
2025,401760423,San José State,Fresno State,3,-27,3.3333333333333335,3.5,-3.0,0.5,-23.666666666666668,-23.5,23.666666666666668,24.0
2025,401760425,Nevada,UNLV,3,-25,7.5,7.5,-7.5,0.0,-17.5,-17.5,17.5,17.5
2025,401754619,Virginia,William & Mary,3,39,-30.333333333333332,-29.5,31.0,1.5,8.666666666666668,9.5,-8.666666666666668,-8.0
2025,401762871,Northern Illinois,Kent State,3,-4,-5.0,-4.5,5.5,1.0,-9.0,-8.5,9.0,9.5
2025,401752706,Texas,UTEP,3,17,-39.833333333333336,-39.5,40.5,1.0,-22.833333333333336,-22.5,22.833333333333336,23.5
2025,401760368,Utah State,Air Force,3,19,4.0,4.5,-3.5,1.0,23.0,23.5,-23.0,-22.5
2025,401757258,Nevada,Middle Tennessee,3,-1,-9.333333333333334,-9.0,9.5,0.5,-10.333333333333334,-10.0,10.333333333333334,10.5
2025,401752828,Nebraska,Houston Christian,3,52,-47.833333333333336,-46.5,48.5,2.0,4.166666666666664,5.5,-4.166666666666664,-3.5
2025,401757256,Bowling Green,Liberty,3,10,6.0,6.5,-5.5,1.0,16.0,16.5,-16.0,-15.5
2025,401757233,Florida International,Florida Atlantic,3,10,-2.0,-1.5,2.5,1.0,8.0,8.5,-8.0,-7.5
2025,401752827,Ohio State,Ohio,3,28,-28.333333333333332,-28.0,28.5,0.5,-0.33333333333333215,0.0,0.33333333333333215,0.5
2025,401757234,Georgia Southern,Jacksonville State,3,7,-3.1666666666666665,-3.0,3.5,0.5,3.8333333333333335,4.0,-3.8333333333333335,-3.5
2025,401752829,Illinois,Western Michigan,3,38,-27.5,-27.5,27.5,0.0,10.5,10.5,-10.5,-10.5
2025,401756889,Arizona State,Texas State,3,19,-18.5,-18.5,18.5,0.0,0.5,0.5,-0.5,-0.5
2025,401754533,Stanford,Boston College,3,10,13.833333333333334,14.0,-13.5,0.5,23.833333333333336,24.0,-23.833333333333336,-23.5
2025,401761604,Coastal Carolina,East Carolina,3,-38,7.166666666666667,7.5,-7.0,0.5,-30.833333333333332,-30.5,30.833333333333332,31.0
2025,401762818,Ball State,New Hampshire,3,5,-2.8333333333333335,-2.5,3.0,0.5,2.1666666666666665,2.5,-2.1666666666666665,-2.0
2025,401762463,UAB,Akron,3,3,-12.666666666666666,-12.0,13.5,1.5,-9.666666666666666,-9.0,9.666666666666666,10.5
2025,401762870,Buffalo,Ohio,3,-5,7.166666666666667,7.5,-7.0,0.5,2.166666666666667,2.5,-2.166666666666667,-2.0
2025,401756892,Cincinnati,Northwestern State,2,70,-48.5,-48.5,48.5,0.0,21.5,21.5,-21.5,-21.5
2025,401762464,Charlotte,Monmouth,3,7,-2.6666666666666665,-2.5,3.0,0.5,4.333333333333334,4.5,-4.333333333333334,-4.0
2025,401762466,Rice,Prairie View A&M,3,21,-29.0,-28.0,29.5,1.5,-8.0,-7.0,8.0,8.5
2025,401756894,TCU,Abilene Christian,3,21,-42.0,-41.5,42.5,1.0,-21.0,-20.5,21.0,21.5
2025,401752844,Rutgers,Iowa,3,-10,2.3333333333333335,2.5,-2.0,0.5,-7.666666666666666,-7.5,7.666666666666666,8.0
2025,401760369,Fresno State,Southern,3,49,-37.166666666666664,-35.5,38.5,3.0,11.833333333333336,13.5,-11.833333333333336,-10.5
2025,401760370,Hawai'i,Portland State,3,20,-36.5,-35.5,37.5,2.0,-16.5,-15.5,16.5,17.5
2025,401754636,TCU,SMU,3,11,-6.5,-6.5,6.5,0.0,4.5,4.5,-4.5,-4.5
2025,401757312,Jacksonville State,Western Kentucky,3,3,1.5,1.5,-1.5,0.0,4.5,4.5,-4.5,-4.5
2025,401752834,Michigan State,Youngstown State,3,17,-24.833333333333332,-23.5,27.5,4.0,-7.833333333333332,-6.5,7.833333333333332,10.5
2025,401752833,Rutgers,Norfolk State,3,50,-44.833333333333336,-44.5,45.5,1.0,5.166666666666664,5.5,-5.166666666666664,-4.5
2025,401762467,UTSA,Incarnate Word,3,28,-21.166666666666668,-21.0,21.5,0.5,6.833333333333332,7.0,-6.833333333333332,-6.5
2025,401756896,Baylor,Arizona State,3,-3,-2.5,-1.5,3.0,1.5,-5.5,-4.5,5.5,6.0
2025,401762819,Toledo,Morgan State,3,60,-33.666666666666664,-33.5,34.0,0.5,26.333333333333336,26.5,-26.333333333333336,-26.0
2025,401752845,Wisconsin,Maryland,3,-17,-10.5,-10.5,10.5,0.0,-27.5,-27.5,27.5,27.5
2025,401752714,Oklahoma,Auburn,3,7,-6.5,-6.5,6.5,0.0,0.5,0.5,-0.5,-0.5
2025,401752847,USC,Michigan State,3,14,-18.5,-18.5,18.5,0.0,-4.5,-4.5,4.5,4.5
2025,401761606,Marshall,Eastern Kentucky,3,31,-15.666666666666666,-14.5,17.5,3.0,15.333333333333334,16.5,-15.333333333333334,-13.5
2025,401752848,Notre Dame,Purdue,3,26,-24.5,-24.5,24.5,0.0,1.5,1.5,-1.5,-1.5
2025,401752713,Missouri,South Carolina,3,9,-10.166666666666666,-10.0,10.5,0.5,-1.166666666666666,-1.0,1.166666666666666,1.5
2025,401757235,Kennesaw State,Merrimack,3,14,-17.333333333333332,-17.0,17.5,0.5,-3.333333333333332,-3.0,3.333333333333332,3.5
2025,401761605,Georgia State,Murray State,3,16,-31.666666666666668,-31.5,32.0,0.5,-15.666666666666668,-15.5,15.666666666666668,16.0
2025,401752701,Mississippi State,Alcorn State,2,63,-42.75,-42.5,43.0,0.5,20.25,20.5,-20.25,-20.0
2025,401762470,South Florida,South Carolina State,3,49,-36.0,-35.5,36.5,1.0,13.0,13.5,-13.0,-12.5
2025,401754543,Virginia,Florida State,3,8,6.833333333333333,7.0,-6.5,0.5,14.833333333333332,15.0,-14.833333333333332,-14.5
2025,401752939,Oregon State,Houston,3,-3,11.833333333333334,12.5,-11.5,1.0,8.833333333333334,9.5,-8.833333333333334,-8.5
2025,401754562,Notre Dame,NC State,3,29,-23.833333333333332,-23.5,24.5,1.0,5.166666666666668,5.5,-5.166666666666668,-4.5
2025,401761631,James Madison,Old Dominion,3,36,-3.1666666666666665,-3.0,3.5,0.5,32.833333333333336,33.0,-32.833333333333336,-32.5
2025,401754617,Virginia Tech,Wofford,2,32,-35.0,-34.5,35.5,1.0,-3.0,-2.5,3.0,3.5
2025,401757278,Middle Tennessee,Missouri State,3,-2,2.8333333333333335,3.0,-2.5,0.5,0.8333333333333335,1.0,-0.8333333333333335,-0.5
2025,401762481,North Texas,South Florida,3,-27,-2.5,-2.5,2.5,0.0,-29.5,-29.5,29.5,29.5
2025,401752862,Washington,Rutgers,3,19,-9.5,-9.5,9.5,0.0,9.5,9.5,-9.5,-9.5
2025,401762828,Western Michigan,Rhode Island,3,33,-7.666666666666667,-7.0,8.5,1.5,25.333333333333332,26.0,-25.333333333333332,-24.5
2025,401762822,Central Michigan,Wagner,3,39,-29.666666666666668,-29.0,30.5,1.5,9.333333333333332,10.0,-9.333333333333332,-8.5
2025,401762827,Miami (OH),Lindenwood,3,38,-22.333333333333332,-22.0,22.5,0.5,15.666666666666668,16.0,-15.666666666666668,-15.5
2025,401756902,Arizona State,TCU,3,3,-2.8333333333333335,-2.5,3.0,0.5,0.16666666666666652,0.5,-0.16666666666666652,0.0
2025,401762480,Tulane,East Carolina,3,7,-6.833333333333333,-6.5,7.0,0.5,0.16666666666666696,0.5,-0.16666666666666696,0.0
2025,401752728,Georgia,Kentucky,3,21,-19.666666666666668,-19.5,20.0,0.5,1.3333333333333321,1.5,-1.3333333333333321,-1.0
2025,401754557,NC State,Campbell,3,46,-42.166666666666664,-41.5,42.5,1.0,3.8333333333333357,4.5,-3.8333333333333357,-3.5
2025,401752856,Michigan,Wisconsin,3,14,-17.333333333333332,-17.0,17.5,0.5,-3.333333333333332,-3.0,3.333333333333332,3.5
2025,401760396,Utah State,San José State,3,5,-3.1666666666666665,-3.0,3.5,0.5,1.8333333333333335,2.0,-1.8333333333333335,-1.5
2025,401752745,Vanderbilt,LSU,3,7,-1.5,-1.5,1.5,0.0,5.5,5.5,-5.5,-5.5
2025,401760375,San José State,Idaho,3,3,-14.0,-13.5,14.5,1.0,-11.0,-10.5,11.0,11.5
2025,401756906,Kansas State,UCF,3,14,-5.833333333333333,-5.5,6.0,0.5,8.166666666666668,8.5,-8.166666666666668,-8.0
2025,401752710,LSU,SE Louisiana,2,46,-48.75,-48.5,49.0,0.5,-2.75,-2.5,2.75,3.0
2025,401760377,Utah State,McNeese,3,41,-23.833333333333332,-23.5,24.5,1.0,17.166666666666668,17.5,-17.166666666666668,-16.5
2025,401762823,Ohio,Gardner-Webb,3,17,-30.166666666666668,-29.5,30.5,1.0,-13.166666666666668,-12.5,13.166666666666668,13.5
2025,401761612,Texas State,Nicholls,3,32,-32.5,-32.5,32.5,0.0,-0.5,-0.5,0.5,0.5
2025,401752859,Ohio State,Minnesota,3,39,-23.5,-23.5,23.5,0.0,15.5,15.5,-15.5,-15.5
2025,401760393,Boise State,UNLV,3,25,-13.0,-12.5,13.5,1.0,12.0,12.5,-12.0,-11.5
2025,401752869,Wisconsin,Iowa,3,-37,5.0,5.5,-4.5,1.0,-32.0,-31.5,32.0,32.5
2025,401752734,Missouri,Alabama,3,-3,3.1666666666666665,3.5,-3.0,0.5,0.16666666666666652,0.5,-0.16666666666666652,0.0
2025,401762840,Massachusetts,Buffalo,3,-7,16.5,16.5,-16.5,0.0,9.5,9.5,-9.5,-9.5
2025,401757260,Jacksonville State,Murray State,3,35,-35.5,-35.5,35.5,0.0,-0.5,-0.5,0.5,0.5
2025,401761609,Georgia Southern,Maine,3,28,-22.0,-20.5,23.5,3.0,6.0,7.5,-6.0,-4.5
2025,401756904,Iowa State,Arizona,3,25,-4.0,-3.5,4.5,1.0,21.0,21.5,-21.0,-20.5
2025,401757265,Missouri State,UT Martin,3,32,-14.333333333333334,-14.0,14.5,0.5,17.666666666666664,18.0,-17.666666666666664,-17.5
2025,401762471,East Carolina,Army,3,22,-3.5,-3.5,3.5,0.0,18.5,18.5,-18.5,-18.5
2025,401762821,Akron,Duquesne,3,44,-10.5,-10.5,10.5,0.0,33.5,33.5,-33.5,-33.5
2025,401752735,Tennessee,Arkansas,3,3,-10.166666666666666,-10.0,10.5,0.5,-7.166666666666666,-7.0,7.166666666666666,7.5
2025,401756914,TCU,Colorado,3,14,-13.833333333333334,-13.5,14.5,1.0,0.16666666666666607,0.5,-0.16666666666666607,0.5
2025,401760388,Colorado State,Fresno State,3,28,5.666666666666667,6.0,-5.5,0.5,33.666666666666664,34.0,-33.666666666666664,-33.5
2025,401762841,Miami (OH),Eastern Michigan,3,14,-12.166666666666666,-11.5,12.5,1.0,1.833333333333334,2.5,-1.833333333333334,-1.5
2025,401752740,Auburn,Missouri,3,-6,1.5,1.5,-1.5,0.0,-4.5,-4.5,4.5,4.5
2025,401752720,Mississippi State,Tennessee,3,-7,7.5,7.5,-7.5,0.0,0.5,0.5,-0.5,-0.5
2025,401752730,Texas A&M,Mississippi State,3,22,-17.5,-17.5,17.5,0.0,4.5,4.5,-4.5,-4.5
2025,401761614,James Madison,Georgia Southern,3,25,-15.333333333333334,-14.5,16.5,2.0,9.666666666666666,10.5,-9.666666666666666,-8.5
2025,401757277,UTEP,Liberty,3,-11,1.6666666666666667,2.0,-1.5,0.5,-9.333333333333334,-9.0,9.333333333333334,9.5
2025,401756913,Houston,Texas Tech,3,-24,12.666666666666666,13.5,-11.5,2.0,-11.333333333333334,-10.5,11.333333333333334,12.5
2025,401762837,Kent State,Massachusetts,3,36,-1.3333333333333333,-1.0,1.5,0.5,34.666666666666664,35.0,-34.666666666666664,-34.5
2025,401752737,Texas A&M,Florida,3,17,-6.833333333333333,-6.5,7.0,0.5,10.166666666666668,10.5,-10.166666666666668,-10.0
2025,401756924,BYU,Utah,3,3,4.5,5.5,-4.0,1.5,7.5,8.5,-7.5,-7.0
2025,401761629,App State,Coastal Carolina,3,-8,-10.5,-10.5,10.5,0.0,-18.5,-18.5,18.5,18.5
2025,401752853,Iowa,Indiana,3,-5,9.166666666666666,9.5,-8.5,1.0,4.166666666666666,4.5,-4.166666666666666,-3.5
2025,401757280,Kennesaw State,Louisiana Tech,3,28,4.833333333333333,5.5,-4.5,1.0,32.833333333333336,33.5,-32.833333333333336,-32.5
2025,401756917,Cincinnati,UCF,3,9,-10.333333333333334,-10.0,10.5,0.5,-1.333333333333334,-1.0,1.333333333333334,1.5
2025,401756908,West Virginia,Utah,3,-34,13.166666666666666,13.5,-12.5,1.0,-20.833333333333336,-20.5,20.833333333333336,21.5
2025,401752857,Maryland,Washington,3,-4,5.5,5.5,-5.5,0.0,1.5,1.5,-1.5,-1.5
2025,401752732,LSU,South Carolina,3,10,-8.333333333333334,-8.0,8.5,0.5,1.666666666666666,2.0,-1.666666666666666,-1.5
2025,401756928,UCF,West Virginia,3,32,-6.5,-6.5,6.5,0.0,25.5,25.5,-25.5,-25.5
2025,401752850,Illinois,USC,3,2,6.5,6.5,-6.5,0.0,8.5,8.5,-8.5,-8.5
2025,401762825,Ohio,Bowling Green,3,15,-7.666666666666667,-7.5,8.0,0.5,7.333333333333333,7.5,-7.333333333333333,-7.0
2025,401757279,Sam Houston,Jacksonville State,3,-2,7.166666666666667,7.5,-7.0,0.5,5.166666666666667,5.5,-5.166666666666667,-5.0
2025,401761622,Georgia Southern,Southern Miss,3,-3,2.8333333333333335,3.0,-2.5,0.5,-0.16666666666666652,0.0,0.16666666666666652,0.5
2025,401761625,James Madison,Louisiana,3,10,-18.5,-18.5,18.5,0.0,-8.5,-8.5,8.5,8.5
2025,401762843,Ohio,Northern Illinois,3,27,-10.833333333333334,-10.5,11.5,1.0,16.166666666666664,16.5,-16.166666666666664,-15.5
2025,401754569,Boston College,UConn,3,-15,2.5,2.5,-2.5,0.0,-12.5,-12.5,12.5,12.5
2025,401762483,Army,Charlotte,3,17,-17.5,-17.5,17.5,0.0,-0.5,-0.5,0.5,0.5
2025,401752724,Texas A&M,Auburn,3,6,-6.5,-6.5,6.5,0.0,-0.5,-0.5,0.5,0.5
2025,401757271,Old Dominion,Liberty,3,14,-14.5,-14.5,14.5,0.0,-0.5,-0.5,0.5,0.5
2025,401762824,Toledo,Akron,3,42,-21.666666666666668,-21.0,22.5,1.5,20.333333333333332,21.0,-20.333333333333332,-19.5
2025,401752744,South Carolina,Oklahoma,3,-19,4.333333333333333,4.5,-4.0,0.5,-14.666666666666668,-14.5,14.666666666666668,15.0
2025,401762842,Toledo,Kent State,3,35,-25.333333333333332,-25.0,25.5,0.5,9.666666666666668,10.0,-9.666666666666668,-9.5
2025,401761626,Marshall,Old Dominion,3,24,14.5,14.5,-14.5,0.0,38.5,38.5,-38.5,-38.5
2025,401752867,Maryland,Nebraska,3,-3,6.833333333333333,7.0,-6.5,0.5,3.833333333333333,4.0,-3.833333333333333,-3.5
2025,401752739,Arkansas,Texas A&M,3,-3,7.666666666666667,8.5,-7.0,1.5,4.666666666666667,5.5,-4.666666666666667,-4.0
2025,401761630,Georgia Southern,Georgia State,3,17,-6.5,-6.5,6.5,0.0,10.5,10.5,-10.5,-10.5
2025,401754559,Florida State,Pittsburgh,3,-3,-10.833333333333334,-10.5,11.5,1.0,-13.833333333333334,-13.5,13.833333333333334,14.5
2025,401762484,Temple,Navy,3,-1,10.166666666666666,10.5,-10.0,0.5,9.166666666666666,9.5,-9.166666666666666,-9.0
2025,401762472,Florida Atlantic,Memphis,3,-29,13.833333333333334,14.0,-13.5,0.5,-15.166666666666666,-15.0,15.166666666666666,15.5
2025,401762489,Charlotte,Temple,3,-35,9.666666666666666,10.0,-9.5,0.5,-25.333333333333336,-25.0,25.333333333333336,25.5
2025,401762482,Florida Atlantic,UAB,3,20,-4.833333333333333,-4.5,5.5,1.0,15.166666666666668,15.5,-15.166666666666668,-14.5
2025,401754544,Boston College,California,3,-4,-6.166666666666667,-6.0,6.5,0.5,-10.166666666666668,-10.0,10.166666666666668,10.5
2025,401752741,Florida,Mississippi State,3,2,-9.5,-9.5,9.5,0.0,-7.5,-7.5,7.5,7.5
2025,401761624,Georgia State,App State,3,-21,2.8333333333333335,3.0,-2.5,0.5,-18.166666666666668,-18.0,18.166666666666668,18.5
2025,401761633,UL Monroe,Troy,3,-23,4.833333333333333,5.5,-4.5,1.0,-18.166666666666668,-17.5,18.166666666666668,18.5
2025,401760380,Northern Illinois,San Diego State,3,-3,1.6666666666666667,2.0,-1.5,0.5,-1.3333333333333333,-1.0,1.3333333333333333,1.5
2025,401761632,Marshall,Texas State,3,3,2.8333333333333335,3.0,-2.5,0.5,5.833333333333334,6.0,-5.833333333333334,-5.5
2025,401752849,Minnesota,Rutgers,3,3,-3.6666666666666665,-3.5,4.0,0.5,-0.6666666666666665,-0.5,0.6666666666666665,1.0
2025,401752878,Indiana,Michigan State,3,25,-26.5,-26.5,26.5,0.0,-1.5,-1.5,1.5,1.5
2025,401752866,Penn State,Northwestern,3,-1,-20.5,-20.5,20.5,0.0,-21.5,-21.5,21.5,21.5
2025,401752876,Rutgers,Oregon,3,-46,17.833333333333332,18.5,-17.5,1.0,-28.166666666666668,-27.5,28.166666666666668,28.5
2025,401757282,Liberty,New Mexico State,3,3,-10.833333333333334,-10.5,11.5,1.0,-7.833333333333334,-7.5,7.833333333333334,8.5
2025,401762839,Bowling Green,Central Michigan,3,-21,-3.1666666666666665,-3.0,3.5,0.5,-24.166666666666668,-24.0,24.166666666666668,24.5
2025,401754546,Wake Forest,Georgia Tech,3,-1,12.666666666666666,13.5,-11.5,2.0,11.666666666666666,12.5,-11.666666666666666,-10.5
2025,401762838,Ball State,Akron,3,14,1.0,2.5,1.5,4.0,15.0,16.5,-15.0,-12.5
2025,401757170,Buffalo,UConn,3,-3,2.8333333333333335,3.0,-2.5,0.5,-0.16666666666666652,0.0,0.16666666666666652,0.5
2025,401754560,Georgia Tech,Virginia Tech,3,15,-14.166666666666666,-14.0,14.5,0.5,0.8333333333333339,1.0,-0.8333333333333339,-0.5
2025,401752863,Michigan State,UCLA,3,-25,-6.833333333333333,-6.5,7.0,0.5,-31.833333333333332,-31.5,31.833333333333332,32.0
2025,401752874,Northwestern,Purdue,3,19,-3.3333333333333335,-3.0,3.5,0.5,15.666666666666666,16.0,-15.666666666666666,-15.5
2025,401754568,Syracuse,Pittsburgh,3,-17,9.166666666666666,9.5,-8.5,1.0,-7.833333333333334,-7.5,7.833333333333334,8.5
2025,401754545,Syracuse,Duke,3,-35,4.0,4.5,-3.5,1.0,-31.0,-30.5,31.0,31.5
2025,401754547,Pittsburgh,Louisville,3,-7,3.1666666666666665,3.5,-3.0,0.5,-3.8333333333333335,-3.5,3.8333333333333335,4.0
2025,401762835,Bowling Green,Toledo,3,5,10.666666666666666,11.0,-10.5,0.5,15.666666666666666,16.0,-15.666666666666666,-15.5
2025,401760394,Colorado State,Hawai'i,3,-12,-2.6666666666666665,-2.5,3.0,0.5,-14.666666666666666,-14.5,14.666666666666666,15.0
2025,401761628,South Alabama,Arkansas State,3,-1,-8.5,-8.5,8.5,0.0,-9.5,-9.5,9.5,9.5
2025,401754548,NC State,Virginia Tech,3,-2,-10.166666666666666,-10.0,10.5,0.5,-12.166666666666666,-12.0,12.166666666666666,12.5
2025,401761623,Coastal Carolina,UL Monroe,3,15,2.8333333333333335,3.0,-2.5,0.5,17.833333333333332,18.0,-17.833333333333332,-17.5
2025,401756925,Houston,Arizona,3,3,2.0,2.5,-1.5,1.0,5.0,5.5,-5.0,-4.5
2025,401762833,Akron,Miami (OH),3,-13,11.666666666666666,12.0,-11.5,0.5,-1.333333333333334,-1.0,1.333333333333334,1.5
2025,401752725,Vanderbilt,Utah State,3,20,-23.666666666666668,-23.0,24.5,1.5,-3.666666666666668,-3.0,3.666666666666668,4.5
2025,401760378,Air Force,Hawai'i,3,-9,-6.833333333333333,-6.5,7.0,0.5,-15.833333333333332,-15.5,15.833333333333332,16.0
2025,401757283,Jacksonville State,Delaware,3,13,2.8333333333333335,3.0,-2.5,0.5,15.833333333333334,16.0,-15.833333333333334,-15.5
2025,401757284,Sam Houston,UTEP,3,-18,3.5,3.5,-3.5,0.0,-14.5,-14.5,14.5,14.5
2025,401762486,East Carolina,Tulsa,3,14,-16.5,-16.5,16.5,0.0,-2.5,-2.5,2.5,2.5
2025,401756927,TCU,Baylor,3,6,-3.5,-3.5,3.5,0.0,2.5,2.5,-2.5,-2.5
2025,401756921,Texas Tech,Kansas,3,25,-13.5,-13.5,13.5,0.0,11.5,11.5,-11.5,-11.5
2025,401752872,Minnesota,Nebraska,3,18,6.833333333333333,7.0,-6.5,0.5,24.833333333333332,25.0,-24.833333333333332,-24.5
2025,401762491,North Texas,UTSA,3,38,-3.8333333333333335,-3.5,4.0,0.5,34.166666666666664,34.5,-34.166666666666664,-34.0
2025,401762836,Eastern Michigan,Northern Illinois,3,6,1.5,1.5,-1.5,0.0,7.5,7.5,-7.5,-7.5
2025,401761668,Louisiana,Southern Miss,3,-12,4.333333333333333,4.5,-4.0,0.5,-7.666666666666667,-7.5,7.666666666666667,8.0
2025,401760379,Boise State,App State,3,33,-16.833333333333332,-16.5,17.5,1.0,16.166666666666668,16.5,-16.166666666666668,-15.5
2025,401754371,California,North Carolina,3,3,-7.833333333333333,-7.5,8.5,1.0,-4.833333333333333,-4.5,4.833333333333333,5.5
2025,401752733,Ole Miss,Washington State,3,3,-33.0,-32.5,33.5,1.0,-30.0,-29.5,30.0,30.5
2025,401762488,Tulane,Army,3,7,-10.0,-9.5,10.5,1.0,-3.0,-2.5,3.0,3.5
2025,401762826,Central Michigan,Eastern Michigan,3,11,-3.1666666666666665,-3.0,3.5,0.5,7.833333333333334,8.0,-7.833333333333334,-7.5
2025,401752877,Wisconsin,Ohio State,3,-34,24.5,24.5,-24.5,0.0,-9.5,-9.5,9.5,9.5
2025,401757281,Western Kentucky,Florida International,3,-19,-9.833333333333334,-9.5,10.0,0.5,-28.833333333333336,-28.5,28.833333333333336,29.0
2025,401756918,Colorado,Iowa State,3,7,2.8333333333333335,3.0,-2.5,0.5,9.833333333333334,10.0,-9.833333333333334,-9.5
2025,401752851,Northwestern,UCLA,3,3,-6.166666666666667,-6.0,6.5,0.5,-3.166666666666667,-3.0,3.166666666666667,3.5
2025,401756905,Kansas,Cincinnati,3,-3,-5.166666666666667,-4.5,5.5,1.0,-8.166666666666668,-7.5,8.166666666666668,8.5
2025,401762834,Western Michigan,Ball State,3,42,-9.5,-9.5,9.5,0.0,32.5,32.5,-32.5,-32.5
2025,401762487,UAB,Memphis,3,7,23.5,23.5,-23.5,0.0,30.5,30.5,-30.5,-30.5
2025,401762473,Navy,Rice,3,8,-14.166666666666666,-14.0,14.5,0.5,-6.166666666666666,-6.0,6.166666666666666,6.5
2025,401756926,Oklahoma State,Cincinnati,3,-32,23.666666666666668,24.0,-23.5,0.5,-8.333333333333332,-8.0,8.333333333333332,8.5
2025,401756916,Arizona,BYU,3,-6,2.5,2.5,-2.5,0.0,-3.5,-3.5,3.5,3.5
2025,401760387,Boise State,New Mexico,3,16,-14.833333333333334,-14.5,15.5,1.0,1.166666666666666,1.5,-1.166666666666666,-0.5
2025,401757274,New Mexico,New Mexico State,3,18,-16.833333333333332,-16.5,17.5,1.0,1.1666666666666679,1.5,-1.1666666666666679,-0.5
2025,401760392,Air Force,Wyoming,3,3,-3.8333333333333335,-3.5,4.0,0.5,-0.8333333333333335,-0.5,0.8333333333333335,1.0
2025,401757269,Southern Miss,Jacksonville State,3,17,-4.833333333333333,-4.5,5.5,1.0,12.166666666666668,12.5,-12.166666666666668,-11.5
2025,401752951,Virginia,Washington State,3,2,-16.5,-16.5,16.5,0.0,-14.5,-14.5,14.5,14.5
2025,401754561,SMU,Stanford,3,24,-19.5,-19.5,19.5,0.0,4.5,4.5,-4.5,-4.5
2025,401761627,Texas State,Troy,3,-7,-7.5,-7.5,7.5,0.0,-14.5,-14.5,14.5,14.5
2025,401752743,Kentucky,Texas,3,-3,12.666666666666666,13.5,-12.0,1.5,9.666666666666666,10.5,-9.666666666666666,-9.0
2025,401762474,Tulsa,Tulane,3,-17,14.5,14.5,-14.5,0.0,-2.5,-2.5,2.5,2.5
2025,401756920,Oklahoma State,Houston,3,-22,14.5,14.5,-14.5,0.0,-7.5,-7.5,7.5,7.5
2025,401754567,Stanford,Florida State,3,7,17.5,17.5,-17.5,0.0,24.5,24.5,-24.5,-24.5
2025,401760395,New Mexico,Nevada,3,2,-14.166666666666666,-14.0,14.5,0.5,-12.166666666666666,-12.0,12.166666666666666,12.5
2025,401752722,South Carolina,Kentucky,3,22,-5.666666666666667,-5.0,6.5,1.5,16.333333333333332,17.0,-16.333333333333332,-15.5
2025,401761617,North Texas,South Alabama,3,14,-12.666666666666666,-11.5,13.5,2.0,1.333333333333334,2.5,-1.333333333333334,-0.5
2025,401754563,Oregon State,Wake Forest,3,-25,1.5,1.5,-1.5,0.0,-23.5,-23.5,23.5,23.5
2025,401760386,UNLV,Air Force,3,3,-7.166666666666667,-7.0,7.5,0.5,-4.166666666666667,-4.0,4.166666666666667,4.5
2025,401756907,Oklahoma State,Baylor,3,-18,21.166666666666668,21.5,-21.0,0.5,3.166666666666668,3.5,-3.166666666666668,-3.0
2025,401762490,South Florida,Florida Atlantic,3,35,-20.5,-20.5,20.5,0.0,14.5,14.5,-14.5,-14.5
2025,401754565,Clemson,SMU,3,-11,-4.166666666666667,-3.5,5.5,2.0,-15.166666666666668,-14.5,15.166666666666668,16.5
2025,401756919,Kansas State,TCU,3,13,2.8333333333333335,3.0,-2.5,0.5,15.833333333333334,16.0,-15.833333333333334,-15.5
2025,401761615,Louisiana,Marshall,3,3,2.1666666666666665,2.5,-1.5,1.0,5.166666666666666,5.5,-5.166666666666666,-4.5
2025,401761616,UL Monroe,Arkansas State,3,12,-1.5,-1.5,1.5,0.0,10.5,10.5,-10.5,-10.5
2025,401762485,UTSA,Rice,3,48,-9.166666666666666,-8.5,9.5,1.0,38.833333333333336,39.5,-38.833333333333336,-38.5
2025,401752721,Missouri,Massachusetts,3,36,-44.5,-44.5,44.5,0.0,-8.5,-8.5,8.5,8.5
2025,401760389,Hawai'i,Utah State,3,18,1.6666666666666667,2.0,-1.5,0.5,19.666666666666668,20.0,-19.666666666666668,-19.5
2025,401757272,UTEP,Louisiana Tech,3,-19,3.5,3.5,-3.5,0.0,-15.5,-15.5,15.5,15.5
2025,401760391,Wyoming,San José State,3,7,1.5,1.5,-1.5,0.0,8.5,8.5,-8.5,-8.5
2025,401757273,Missouri State,Western Kentucky,3,-5,3.5,3.5,-3.5,0.0,-1.5,-1.5,1.5,1.5
2025,401757270,Kennesaw State,Middle Tennessee,3,8,-7.166666666666667,-7.0,7.5,0.5,0.833333333333333,1.0,-0.833333333333333,-0.5
2025,401752864,Minnesota,Purdue,3,7,-7.333333333333333,-7.0,7.5,0.5,-0.33333333333333304,0.0,0.33333333333333304,0.5
2025,401760390,Nevada,San Diego State,3,-34,6.5,6.5,-6.5,0.0,-27.5,-27.5,27.5,27.5
2025,401754573,North Carolina,Virginia,3,-1,11.666666666666666,12.5,-11.0,1.5,10.666666666666666,11.5,-10.666666666666666,-10.0
2025,401752941,Oregon State,Lafayette,3,32,-21.166666666666668,-21.0,21.5,0.5,10.833333333333332,11.0,-10.833333333333332,-10.5
2025,401756903,Colorado,BYU,3,-3,6.5,6.5,-6.5,0.0,3.5,3.5,-3.5,-3.5
2025,401754566,Duke,Georgia Tech,3,-9,-3.5,-3.5,3.5,0.0,-12.5,-12.5,12.5,12.5
2025,401752879,UCLA,Maryland,3,3,-4.0,-3.5,4.5,1.0,-1.0,-0.5,1.0,1.5
2025,401757288,New Mexico State,Missouri State,3,-7,2.5,2.5,-2.5,0.0,-4.5,-4.5,4.5,4.5
2025,401752885,Indiana,UCLA,3,50,-27.166666666666668,-26.5,27.5,1.0,22.833333333333332,23.5,-22.833333333333332,-22.5
2025,401752887,Maryland,Indiana,3,-45,21.166666666666668,21.5,-21.0,0.5,-23.833333333333332,-23.5,23.833333333333332,24.0
2025,401754571,Georgia Tech,Syracuse,3,25,-17.5,-17.5,17.5,0.0,7.5,7.5,-7.5,-7.5
2025,401754558,Boston College,Clemson,3,-31,13.833333333333334,14.0,-13.5,0.5,-17.166666666666664,-17.0,17.166666666666664,17.5
2025,401752758,Texas,Vanderbilt,3,3,-3.5,-3.5,3.5,0.0,-0.5,-0.5,0.5,0.5
2025,401760401,Air Force,Army,3,-3,1.3333333333333333,1.5,-1.0,0.5,-1.6666666666666667,-1.5,1.6666666666666667,2.0
2025,401752757,Tennessee,Oklahoma,3,-6,-2.8333333333333335,-2.5,3.0,0.5,-8.833333333333334,-8.5,8.833333333333334,9.0
2025,401754579,NC State,Georgia Tech,3,12,4.333333333333333,4.5,-4.0,0.5,16.333333333333332,16.5,-16.333333333333332,-16.0
2025,401752950,Colorado State,Washington State,3,-17,-5.166666666666667,-4.5,6.5,2.0,-22.166666666666668,-21.5,22.166666666666668,23.5
2025,401757289,Kennesaw State,UTEP,3,13,-12.166666666666666,-11.5,12.5,1.0,0.8333333333333339,1.5,-0.8333333333333339,-0.5
2025,401762501,Memphis,Tulane,3,-6,-3.1666666666666665,-3.0,3.5,0.5,-9.166666666666666,-9.0,9.166666666666666,9.5
2025,401752750,Oklahoma,Ole Miss,3,-8,-5.5,-5.5,5.5,0.0,-13.5,-13.5,13.5,13.5
2025,401752752,Vanderbilt,Missouri,3,7,-3.1666666666666665,-3.0,3.5,0.5,3.8333333333333335,4.0,-3.8333333333333335,-3.5
2025,401752749,Mississippi State,Texas,3,-7,8.333333333333334,8.5,-8.0,0.5,1.333333333333334,1.5,-1.333333333333334,-1.0
2025,401752761,Ole Miss,The Citadel,3,49,-51.833333333333336,-51.5,52.5,1.0,-2.8333333333333357,-2.5,2.8333333333333357,3.5
2025,401762494,Memphis,South Florida,3,3,3.5,3.5,-3.5,0.0,6.5,6.5,-6.5,-6.5
2025,401752880,Washington,Illinois,3,17,-3.3333333333333335,-3.0,3.5,0.5,13.666666666666666,14.0,-13.666666666666666,-13.5
2025,401757287,Delaware,Middle Tennessee,3,3,-8.666666666666666,-8.0,9.5,1.5,-5.666666666666666,-5.0,5.666666666666666,6.5
2025,401752884,Purdue,Rutgers,3,-3,-2.5,-2.5,2.5,0.0,-5.5,-5.5,5.5,5.5
2025,401757295,Delaware,Louisiana Tech,3,1,5.5,5.5,-5.5,0.0,6.5,6.5,-6.5,-6.5
2025,401754549,Stanford,San José State,3,1,-3.1666666666666665,-3.0,3.5,0.5,-2.1666666666666665,-2.0,2.1666666666666665,2.5
2025,401754575,Syracuse,North Carolina,3,-17,-1.5,-1.5,1.5,0.0,-18.5,-18.5,18.5,18.5
2025,401754597,Pittsburgh,Notre Dame,3,-22,12.666666666666666,13.0,-12.5,0.5,-9.333333333333334,-9.0,9.333333333333334,9.5
2025,401754593,Duke,Virginia,3,-17,-5.333333333333333,-5.0,5.5,0.5,-22.333333333333332,-22.0,22.333333333333332,22.5
2025,401756949,Baylor,Utah,3,-27,9.5,9.5,-9.5,0.0,-17.5,-17.5,17.5,17.5
2025,401752904,Oregon,Minnesota,3,29,-26.666666666666668,-26.5,27.0,0.5,2.333333333333332,2.5,-2.333333333333332,-2.0
2025,401760414,UNLV,Utah State,3,3,-4.666666666666667,-4.5,5.0,0.5,-1.666666666666667,-1.5,1.666666666666667,2.0
2025,401756942,Utah,Cincinnati,3,31,-10.666666666666666,-9.5,11.5,2.0,20.333333333333336,21.5,-20.333333333333336,-19.5
2025,401752762,Mississippi State,Georgia,3,-20,9.5,9.5,-9.5,0.0,-10.5,-10.5,10.5,10.5
2025,401762860,Miami (OH),Toledo,3,-21,5.833333333333333,6.5,-5.5,1.0,-15.166666666666668,-14.5,15.166666666666668,15.5
2025,401752945,Tulsa,Oregon State,3,17,-1.3333333333333333,-1.0,1.5,0.5,15.666666666666666,16.0,-15.666666666666666,-15.5
2025,401762857,Western Michigan,Ohio,3,4,-1.5,-1.5,1.5,0.0,2.5,2.5,-2.5,-2.5
2025,401752868,USC,Michigan,3,18,-2.8333333333333335,-2.5,3.0,0.5,15.166666666666666,15.5,-15.166666666666666,-15.0
2025,401756931,Iowa State,BYU,3,-14,-2.5,-2.5,2.5,0.0,-16.5,-16.5,16.5,16.5
2025,401762499,North Texas,Navy,3,14,-6.5,-6.5,6.5,0.0,7.5,7.5,-7.5,-7.5
2025,401761639,Texas State,James Madison,3,-32,7.333333333333333,7.5,-7.0,0.5,-24.666666666666668,-24.5,24.666666666666668,25.0
2025,401752769,Ole Miss,Florida,3,10,-10.833333333333334,-10.5,11.5,1.0,-0.8333333333333339,-0.5,0.8333333333333339,1.5
2025,401762510,Navy,South Florida,3,3,8.833333333333334,9.5,-8.5,1.0,11.833333333333334,12.5,-11.833333333333334,-11.5
2025,401762858,Central Michigan,Buffalo,3,19,-2.3333333333333335,-2.0,2.5,0.5,16.666666666666668,17.0,-16.666666666666668,-16.5
2025,401762859,Massachusetts,Northern Illinois,3,-42,9.166666666666666,9.5,-8.5,1.0,-32.833333333333336,-32.5,32.833333333333336,33.5
2025,401752901,Indiana,Wisconsin,3,24,-28.0,-27.5,28.5,1.0,-4.0,-3.5,4.0,4.5
2025,401754595,Miami,NC State,3,34,-16.166666666666668,-15.5,16.5,1.0,17.833333333333332,18.5,-17.833333333333332,-17.5
2025,401756952,Oklahoma State,Kansas State,3,-8,19.5,19.5,-19.5,0.0,11.5,11.5,-11.5,-11.5
2025,401762856,Akron,Kent State,3,-7,-7.5,-7.5,7.5,0.0,-14.5,-14.5,14.5,14.5
2025,401761649,Old Dominion,Troy,3,33,-9.666666666666666,-9.5,10.0,0.5,23.333333333333336,23.5,-23.333333333333336,-23.0
2025,401756930,Cincinnati,Baylor,3,21,-3.5,-3.5,3.5,0.0,17.5,17.5,-17.5,-17.5
2025,401756944,TCU,Iowa State,3,-3,-7.5,-7.5,7.5,0.0,-10.5,-10.5,10.5,10.5
2025,401752892,Nebraska,USC,3,-4,4.5,4.5,-4.5,0.0,0.5,0.5,-0.5,-0.5
2025,401762443,UTSA,Tulane,3,22,5.833333333333333,6.0,-5.5,0.5,27.833333333333332,28.0,-27.833333333333332,-27.5
2025,401752905,Northwestern,Michigan,3,-2,10.166666666666666,10.5,-10.0,0.5,8.166666666666666,8.5,-8.166666666666666,-8.0
2025,401762497,Rice,Memphis,3,-24,13.833333333333334,14.0,-13.5,0.5,-10.166666666666666,-10.0,10.166666666666666,10.5
2025,401756900,Oklahoma State,Tulsa,3,-7,-10.166666666666666,-10.0,10.5,0.5,-17.166666666666664,-17.0,17.166666666666664,17.5
2025,401761634,Georgia State,South Alabama,3,-7,5.833333333333333,6.0,-5.5,0.5,-1.166666666666667,-1.0,1.166666666666667,1.5
2025,401752942,Wake Forest,SMU,3,1,5.5,5.5,-5.5,0.0,6.5,6.5,-6.5,-6.5
2025,401756953,Texas Tech,UCF,3,39,-24.333333333333332,-24.0,24.5,0.5,14.666666666666668,15.0,-14.666666666666668,-14.5
2025,401752906,Illinois,Maryland,3,18,-16.166666666666668,-15.5,16.5,1.0,1.8333333333333321,2.5,-1.8333333333333321,-1.5
2025,401752772,Texas A&M,South Carolina,3,1,-16.5,-16.5,16.5,0.0,-15.5,-15.5,15.5,15.5
2025,401752907,USC,Iowa,3,5,-6.5,-6.5,6.5,0.0,-1.5,-1.5,1.5,1.5
2025,401752763,Missouri,Texas A&M,3,-21,6.833333333333333,7.0,-6.5,0.5,-14.166666666666668,-14.0,14.166666666666668,14.5
2025,401756950,BYU,TCU,3,31,-2.8333333333333335,-2.5,3.0,0.5,28.166666666666668,28.5,-28.166666666666668,-28.0
2025,401752900,Ohio State,UCLA,3,38,-33.0,-32.5,33.5,1.0,5.0,5.5,-5.0,-4.5
2025,401756951,Cincinnati,Arizona,3,-6,-6.0,-5.5,6.5,1.0,-12.0,-11.5,12.0,12.5
2025,401752902,Washington,Purdue,3,36,-14.833333333333334,-14.5,15.5,1.0,21.166666666666664,21.5,-21.166666666666664,-20.5
2025,401754372,Virginia Tech,California,3,8,-6.166666666666667,-6.0,6.5,0.5,1.833333333333333,2.0,-1.833333333333333,-1.5
2025,401756945,Texas Tech,BYU,3,22,-13.5,-13.5,13.5,0.0,8.5,8.5,-8.5,-8.5
2025,401752764,Vanderbilt,Auburn,3,7,-5.833333333333333,-5.5,6.0,0.5,1.166666666666667,1.5,-1.166666666666667,-1.0
2025,401752898,Iowa,Oregon,3,-2,4.5,4.5,-4.5,0.0,2.5,2.5,-2.5,-2.5
2025,401762506,UAB,North Texas,3,-29,17.5,17.5,-17.5,0.0,-11.5,-11.5,11.5,11.5
2025,401754596,Wake Forest,North Carolina,3,16,-3.5,-3.5,3.5,0.0,12.5,12.5,-12.5,-12.5
2025,401762468,Charlotte,Rice,3,-11,1.6666666666666667,2.0,-1.5,0.5,-9.333333333333334,-9.0,9.333333333333334,9.5
2025,401761635,Old Dominion,App State,3,3,-13.166666666666666,-12.5,13.5,1.0,-10.166666666666666,-9.5,10.166666666666666,10.5
2025,401761642,South Alabama,Louisiana,3,-9,-3.5,-3.5,3.5,0.0,-12.5,-12.5,12.5,12.5
2025,401757166,Notre Dame,Navy,3,39,-30.5,-30.5,30.5,0.0,8.5,8.5,-8.5,-8.5
2025,401754594,Florida State,Virginia Tech,3,20,-14.0,-13.5,14.5,1.0,6.0,6.5,-6.0,-5.5
2025,401752895,UCLA,Nebraska,3,-7,-2.0,-1.5,2.5,1.0,-9.0,-8.5,9.0,9.5
2025,401760408,Hawai'i,San Diego State,3,32,6.5,6.5,-6.5,0.0,38.5,38.5,-38.5,-38.5
2025,401762498,Temple,East Carolina,3,-31,5.333333333333333,5.5,-5.0,0.5,-25.666666666666668,-25.5,25.666666666666668,26.0
2025,401752770,Missouri,Mississippi State,3,22,-7.333333333333333,-7.0,7.5,0.5,14.666666666666668,15.0,-14.666666666666668,-14.5
2025,401752746,Arkansas,Auburn,3,-9,-2.5,-2.5,2.5,0.0,-11.5,-11.5,11.5,11.5
2025,401762849,Bowling Green,Buffalo,3,-25,-2.5,-2.5,2.5,0.0,-27.5,-27.5,27.5,27.5
2025,401760376,Miami (OH),UNLV,3,-3,1.8333333333333333,2.5,-1.5,1.0,-1.1666666666666667,-0.5,1.1666666666666667,1.5
2025,401761650,Georgia Southern,Coastal Carolina,3,5,-3.1666666666666665,-3.0,3.5,0.5,1.8333333333333335,2.0,-1.8333333333333335,-1.5
2025,401754583,Boston College,Notre Dame,3,-15,31.0,31.5,-30.5,1.0,16.0,16.5,-16.0,-15.5
2025,401762469,Army,North Texas,3,-7,2.5,2.5,-2.5,0.0,-4.5,-4.5,4.5,4.5
2025,401757174,UConn,Air Force,3,10,-7.5,-7.5,7.5,0.0,2.5,2.5,-2.5,-2.5
2025,401754574,Pittsburgh,NC State,3,19,-5.0,-4.5,5.5,1.0,14.0,14.5,-14.0,-13.5
2025,401762507,Charlotte,UTSA,3,-21,17.0,17.5,-16.5,1.0,-4.0,-3.5,4.0,4.5
2025,401754578,Florida State,Wake Forest,3,35,-12.666666666666666,-12.5,13.0,0.5,22.333333333333336,22.5,-22.333333333333336,-22.0
2025,401761610,Eastern Michigan,Louisiana,3,3,2.1666666666666665,2.5,-1.5,1.0,5.166666666666666,5.5,-5.166666666666666,-4.5
2025,401754580,Virginia Tech,Louisville,3,-12,10.5,10.5,-10.5,0.0,-1.5,-1.5,1.5,1.5
2025,401754640,UCF,North Carolina,3,25,-7.166666666666667,-7.0,7.5,0.5,17.833333333333332,18.0,-17.833333333333332,-17.5
2025,401762844,Buffalo,Akron,3,-8,-10.166666666666666,-10.0,10.5,0.5,-18.166666666666664,-18.0,18.166666666666664,18.5
2025,401761651,Georgia State,Marshall,3,-12,9.5,9.5,-9.5,0.0,-2.5,-2.5,2.5,2.5
2025,401752860,Nebraska,Michigan State,3,11,-12.833333333333334,-12.5,13.5,1.0,-1.833333333333334,-1.5,1.833333333333334,2.5
2025,401754551,California,Duke,3,-24,3.5,3.5,-3.5,0.0,-20.5,-20.5,20.5,20.5
2025,401761652,James Madison,App State,3,48,-20.666666666666668,-19.5,21.5,2.0,27.333333333333332,28.5,-27.333333333333332,-26.5
2025,401752890,Michigan,Purdue,3,5,-21.5,-21.0,22.5,1.5,-16.5,-16.0,16.5,17.5
2025,401754542,Georgia Tech,Temple,3,21,-24.5,-24.5,24.5,0.0,-3.5,-3.5,3.5,3.5
2025,401756935,West Virginia,TCU,3,-6,16.5,16.5,-16.5,0.0,10.5,10.5,-10.5,-10.5
2025,401762847,Central Michigan,Massachusetts,3,25,-16.833333333333332,-16.5,17.5,1.0,8.166666666666668,8.5,-8.166666666666668,-7.5
2025,401752891,Illinois,Rutgers,3,22,-13.0,-12.5,13.5,1.0,9.0,9.5,-9.0,-8.5
2025,401754642,Louisville,Bowling Green,3,23,-26.166666666666668,-25.5,26.5,1.0,-3.166666666666668,-2.5,3.166666666666668,3.5
2025,401762508,East Carolina,Memphis,3,4,-2.8333333333333335,-2.5,3.0,0.5,1.1666666666666665,1.5,-1.1666666666666665,-1.0
2025,401754554,Louisville,Virginia,3,-3,-6.5,-6.5,6.5,0.0,-9.5,-9.5,9.5,9.5
2025,401754592,Boston College,Georgia Tech,3,-2,16.5,16.5,-16.5,0.0,14.5,14.5,-14.5,-14.5
2025,401756898,East Carolina,BYU,3,-21,6.166666666666667,6.5,-5.5,1.0,-14.833333333333332,-14.5,14.833333333333332,15.5
2025,401762861,Ball State,Eastern Michigan,3,-15,2.6666666666666665,3.0,-2.5,0.5,-12.333333333333334,-12.0,12.333333333333334,12.5
2025,401752888,Minnesota,Michigan State,3,3,-4.5,-3.5,5.5,2.0,-1.5,-0.5,1.5,2.5
2025,401757172,Rice,UConn,3,3,10.0,10.5,-9.5,1.0,13.0,13.5,-13.0,-12.5
2025,401756912,Cincinnati,Iowa State,3,8,-1.6666666666666667,-1.5,2.0,0.5,6.333333333333333,6.5,-6.333333333333333,-6.0
2025,401752903,Michigan State,Penn State,3,-18,6.833333333333333,7.0,-6.5,0.5,-11.166666666666668,-11.0,11.166666666666668,11.5
2025,401754537,Clemson,Syracuse,3,-13,-17.5,-17.5,17.5,0.0,-30.5,-30.5,30.5,30.5
2025,401762850,Western Michigan,Central Michigan,3,3,-5.666666666666667,-5.5,6.0,0.5,-2.666666666666667,-2.5,2.666666666666667,3.0
2025,401760381,Navy,Air Force,3,3,-13.5,-13.5,13.5,0.0,-10.5,-10.5,10.5,10.5
2025,401756939,Iowa State,Arizona State,3,-5,-7.833333333333333,-7.5,8.5,1.0,-12.833333333333332,-12.5,12.833333333333332,13.5
2025,401761613,Buffalo,Troy,3,-4,-5.833333333333333,-5.5,6.5,1.0,-9.833333333333332,-9.5,9.833333333333332,10.5
2025,401754541,Florida State,Kent State,3,56,-45.0,-44.5,45.5,1.0,11.0,11.5,-11.0,-10.5
2025,401757173,UConn,UAB,3,19,-10.333333333333334,-10.0,10.5,0.5,8.666666666666666,9.0,-8.666666666666666,-8.5
2025,401756936,Baylor,UCF,3,27,-3.1666666666666665,-3.0,3.5,0.5,23.833333333333332,24.0,-23.833333333333332,-23.5
2025,401762820,Western Michigan,Toledo,3,1,12.666666666666666,13.5,-11.5,2.0,13.666666666666666,14.5,-13.666666666666666,-12.5
2025,401754570,Louisville,Boston College,3,14,-25.5,-25.5,25.5,0.0,-11.5,-11.5,11.5,11.5
2025,401754538,Duke,NC State,3,12,-3.1666666666666665,-3.0,3.5,0.5,8.833333333333334,9.0,-8.833333333333334,-8.5
2025,401762475,South Florida,Charlotte,3,28,-28.0,-27.5,28.5,1.0,0.0,0.5,0.0,0.5
2025,401752943,Oregon State,Washington State,3,3,3.3333333333333335,3.5,-3.0,0.5,6.333333333333334,6.5,-6.333333333333334,-6.0
2025,401754572,Miami,Stanford,3,35,-29.0,-28.5,30.0,1.5,6.0,6.5,-6.0,-5.0
2025,401752883,Nebraska,Northwestern,3,7,-7.166666666666667,-7.0,7.5,0.5,-0.16666666666666696,0.0,0.16666666666666696,0.5
2025,401761654,Southern Miss,Texas State,3,-27,-3.1666666666666665,-3.0,3.5,0.5,-30.166666666666668,-30.0,30.166666666666668,30.5
2025,401752715,Tennessee,UAB,3,32,-39.0,-38.5,39.5,1.0,-7.0,-6.5,7.0,7.5
2025,401762846,Kent State,Bowling Green,3,3,7.5,7.5,-7.5,0.0,10.5,10.5,-10.5,-10.5
2025,401756909,BYU,West Virginia,3,14,-19.666666666666668,-19.5,20.0,0.5,-5.666666666666668,-5.5,5.666666666666668,6.0
2025,401757300,Sam Houston,Delaware,3,3,12.166666666666666,13.5,-11.5,2.0,15.166666666666666,16.5,-15.166666666666666,-14.5
2025,401760402,Boise State,Fresno State,3,-23,-17.5,-17.5,17.5,0.0,-40.5,-40.5,40.5,40.5
2025,401761611,South Alabama,Coastal Carolina,3,-18,-14.666666666666666,-14.5,15.0,0.5,-32.666666666666664,-32.5,32.666666666666664,33.0
2025,401757275,New Mexico State,Sam Houston,3,27,2.0,2.5,-1.5,1.0,29.0,29.5,-29.0,-28.5
2025,401756897,Colorado,Wyoming,3,17,-12.333333333333334,-12.0,12.5,0.5,4.666666666666666,5.0,-4.666666666666666,-4.5
2025,401760373,Colorado State,UTSA,3,-1,5.0,5.5,-4.5,1.0,4.0,4.5,-4.0,-3.5
2025,401754550,Pittsburgh,Boston College,3,41,-6.666666666666667,-6.5,7.0,0.5,34.333333333333336,34.5,-34.333333333333336,-34.0
2025,401756938,Houston,West Virginia,3,-10,-13.0,-12.5,13.5,1.0,-23.0,-22.5,23.0,23.5
2025,401762845,Northern Illinois,Ball State,3,14,-6.5,-6.5,6.5,0.0,7.5,7.5,-7.5,-7.5
2025,401762874,Miami (OH),Western Michigan,3,9,-2.5,-2.5,2.5,0.0,6.5,6.5,-6.5,-6.5
2025,401756899,Kansas,West Virginia,3,31,-12.833333333333334,-12.5,13.5,1.0,18.166666666666664,18.5,-18.166666666666664,-17.5
2025,401754576,California,Virginia,3,-10,6.166666666666667,6.5,-5.5,1.0,-3.833333333333333,-3.5,3.833333333333333,4.5
2025,401761643,Troy,Arkansas State,3,-13,-7.666666666666667,-7.5,8.0,0.5,-20.666666666666668,-20.5,20.666666666666668,21.0
2025,401762848,Eastern Michigan,Ohio,3,-7,12.333333333333334,13.5,-11.5,2.0,5.333333333333334,6.5,-5.333333333333334,-4.5
2025,401752768,LSU,Arkansas,3,1,-4.166666666666667,-4.0,4.5,0.5,-3.166666666666667,-3.0,3.166666666666667,3.5
2025,401760404,UNLV,New Mexico,3,-5,-3.8333333333333335,-3.5,4.5,1.0,-8.833333333333334,-8.5,8.833333333333334,9.5
2025,401752711,Ole Miss,Tulane,3,35,-12.166666666666666,-11.5,12.5,1.0,22.833333333333336,23.5,-22.833333333333336,-22.5
2025,401754582,Stanford,Pittsburgh,3,-15,13.5,13.5,-13.5,0.0,-1.5,-1.5,1.5,1.5
2025,401752754,Auburn,Kentucky,3,-7,-11.666666666666666,-11.5,12.0,0.5,-18.666666666666664,-18.5,18.666666666666664,19.0
2025,401761638,Troy,Louisiana,3,12,-7.166666666666667,-7.0,7.5,0.5,4.833333333333333,5.0,-4.833333333333333,-4.5
2025,401752708,Memphis,Arkansas,3,1,7.166666666666667,7.5,-7.0,0.5,8.166666666666668,8.5,-8.166666666666668,-8.0
2025,401757276,Delaware,Western Kentucky,3,-3,-2.6666666666666665,-2.5,3.0,0.5,-5.666666666666666,-5.5,5.666666666666666,6.0
2025,401761653,UL Monroe,South Alabama,3,-12,4.0,4.5,-3.5,1.0,-8.0,-7.5,8.0,8.5
2025,401762509,Tulane,Florida Atlantic,3,11,-16.833333333333332,-16.5,17.5,1.0,-5.833333333333332,-5.5,5.833333333333332,6.5
2025,401757293,Liberty,Delaware,3,29,-3.5,-3.5,3.5,0.0,25.5,25.5,-25.5,-25.5
2025,401757169,UConn,Ball State,3,6,-21.0,-20.5,21.5,1.0,-15.0,-14.5,15.0,15.5
2025,401762851,Akron,Massachusetts,3,34,-12.166666666666666,-11.5,12.5,1.0,21.833333333333336,22.5,-21.833333333333336,-21.5
2025,401760384,San José State,New Mexico,3,7,-2.0,-1.5,2.5,1.0,5.0,5.5,-5.0,-4.5
2025,401761637,Southern Miss,UL Monroe,3,28,-13.833333333333334,-13.5,14.0,0.5,14.166666666666666,14.5,-14.166666666666666,-14.0
2025,401752712,Mississippi State,Northern Illinois,3,28,-24.0,-23.5,24.5,1.0,4.0,4.5,-4.0,-3.5
2025,401762853,Ball State,Kent State,3,4,-3.1666666666666665,-3.0,3.5,0.5,0.8333333333333335,1.0,-0.8333333333333335,-0.5
2025,401752756,Ole Miss,South Carolina,3,16,-13.0,-12.5,13.5,1.0,3.0,3.5,-3.0,-2.5
2025,401760400,New Mexico,Utah State,3,19,-2.8333333333333335,-2.5,3.0,0.5,16.166666666666668,16.5,-16.166666666666668,-16.0
2025,401754539,Virginia,Stanford,3,28,-16.166666666666668,-15.5,16.5,1.0,11.833333333333332,12.5,-11.833333333333332,-11.5
2025,401757294,Western Kentucky,New Mexico State,3,19,-7.5,-7.5,7.5,0.0,11.5,11.5,-11.5,-11.5
2025,401762500,South Florida,UTSA,3,32,-13.833333333333334,-13.5,14.0,0.5,18.166666666666664,18.5,-18.166666666666664,-18.0
2025,401756948,Arizona State,West Virginia,3,2,-9.833333333333334,-9.5,10.0,0.5,-7.833333333333334,-7.5,7.833333333333334,8.0
2025,401761644,App State,Georgia Southern,3,-2,-4.666666666666667,-4.5,5.0,0.5,-6.666666666666667,-6.5,6.666666666666667,7.0
2025,401761641,UL Monroe,Old Dominion,3,-25,16.666666666666668,17.0,-16.5,0.5,-8.333333333333332,-8.0,8.333333333333332,8.5
2025,401757262,Liberty,James Madison,3,-18,7.5,7.5,-7.5,0.0,-10.5,-10.5,10.5,10.5
2025,401760374,Hawai'i,Fresno State,3,-2,2.5,2.5,-2.5,0.0,0.5,0.5,-0.5,-0.5
2025,401760382,San Diego State,Colorado State,3,21,-4.5,-4.5,4.5,0.0,16.5,16.5,-16.5,-16.5
2025,401760411,New Mexico,Colorado State,3,3,-15.333333333333334,-15.0,15.5,0.5,-12.333333333333334,-12.0,12.333333333333334,12.5
2025,401756940,Kansas,Oklahoma State,3,17,-24.666666666666668,-24.5,25.0,0.5,-7.666666666666668,-7.5,7.666666666666668,8.0
2025,401760399,Fresno State,San Diego State,3,-23,3.1666666666666665,3.5,-3.0,0.5,-19.833333333333332,-19.5,19.833333333333332,20.0
2025,401752940,App State,Oregon State,3,4,-2.0,-1.5,2.5,1.0,2.0,2.5,-2.0,-1.5
2025,401757259,Florida International,Delaware,3,-22,-4.5,-4.0,5.5,1.5,-26.5,-26.0,26.5,27.5
2025,401757302,Jacksonville State,Kennesaw State,3,9,3.6666666666666665,4.0,-3.5,0.5,12.666666666666666,13.0,-12.666666666666666,-12.5
2025,401762854,Toledo,Northern Illinois,3,39,-15.166666666666666,-14.5,15.5,1.0,23.833333333333336,24.5,-23.833333333333336,-23.5
2025,401757261,Kennesaw State,Arkansas State,3,7,4.5,4.5,-4.5,0.0,11.5,11.5,-11.5,-11.5
2025,401752886,Oregon,Wisconsin,3,14,-31.333333333333332,-31.0,31.5,0.5,-17.333333333333332,-17.0,17.333333333333332,17.5
2025,401757304,Missouri State,UTEP,3,14,-6.833333333333333,-6.5,7.5,1.0,7.166666666666667,7.5,-7.166666666666667,-6.5
2025,401760405,San Diego State,Wyoming,3,17,-10.0,-9.5,10.5,1.0,7.0,7.5,-7.0,-6.5
2025,401761619,Old Dominion,Coastal Carolina,3,40,-19.0,-18.5,20.0,1.5,21.0,21.5,-21.0,-20.0
2025,401752896,USC,Northwestern,3,21,-14.5,-14.5,14.5,0.0,6.5,6.5,-6.5,-6.5
2025,401757268,Western Kentucky,Nevada,3,15,-7.833333333333333,-7.5,8.5,1.0,7.166666666666667,7.5,-7.166666666666667,-6.5
2025,401760403,San José State,Hawai'i,3,7,-2.5,-2.5,2.5,0.0,4.5,4.5,-4.5,-4.5
2025,401752760,Kentucky,Florida,3,31,4.833333333333333,5.5,-4.5,1.0,35.833333333333336,36.5,-35.833333333333336,-35.5
2025,401760372,Air Force,Boise State,3,-12,11.0,11.5,-10.5,1.0,-1.0,-0.5,1.0,1.5
2025,401752952,Washington State,Toledo,3,21,1.6666666666666667,2.0,-1.5,0.5,22.666666666666668,23.0,-22.666666666666668,-22.5
2025,401760410,San Diego State,Boise State,3,10,-2.0,-1.5,2.5,1.0,8.0,8.5,-8.0,-7.5
2025,401760413,Nevada,San José State,3,45,9.666666666666666,10.0,-9.5,0.5,54.666666666666664,55.0,-54.666666666666664,-54.5
2025,401762830,Ball State,Ohio,3,6,14.166666666666666,14.5,-14.0,0.5,20.166666666666664,20.5,-20.166666666666664,-20.0
2025,401756937,Colorado,Arizona,3,-35,3.6666666666666665,4.0,-3.5,0.5,-31.333333333333332,-31.0,31.333333333333332,31.5
2025,401752771,Tennessee,New Mexico State,3,33,-41.5,-41.5,41.5,0.0,-8.5,-8.5,8.5,8.5
2025,401752716,Vanderbilt,Georgia State,3,49,-27.333333333333332,-26.5,28.0,1.5,21.666666666666668,22.5,-21.666666666666668,-21.0
2025,401762493,Navy,Florida Atlantic,3,10,-14.5,-14.5,14.5,0.0,-4.5,-4.5,4.5,4.5
2025,401752897,Purdue,Ohio State,3,-24,29.666666666666668,30.5,-29.0,1.5,5.666666666666668,6.5,-5.666666666666668,-5.0
2025,401757263,Louisiana Tech,Southern Miss,3,10,-3.1666666666666665,-3.0,3.5,0.5,6.833333333333334,7.0,-6.833333333333334,-6.5
2025,401757303,Western Kentucky,Middle Tennessee,3,16,-13.5,-13.5,13.5,0.0,2.5,2.5,-2.5,-2.5
2025,401756933,Texas Tech,Oklahoma State,3,42,-37.0,-35.5,38.0,2.5,5.0,6.5,-5.0,-4.0
2025,401762829,Akron,Central Michigan,3,6,7.0,7.5,-6.5,1.0,13.0,13.5,-13.0,-12.5
2025,401752753,Arkansas,Mississippi State,3,-3,-5.333333333333333,-5.0,5.5,0.5,-8.333333333333332,-8.0,8.333333333333332,8.5
2025,401762852,Ohio,Miami (OH),3,4,-2.6666666666666665,-2.5,3.0,0.5,1.3333333333333335,1.5,-1.3333333333333335,-1.0
2025,401760412,Fresno State,Wyoming,3,21,-2.8333333333333335,-2.5,3.0,0.5,18.166666666666668,18.5,-18.166666666666668,-18.0
2025,401761636,Arkansas State,Georgia Southern,3,10,0.3333333333333333,1.5,1.5,3.0,10.333333333333334,11.5,-10.333333333333334,-8.5
2025,401761640,Coastal Carolina,Marshall,3,17,7.166666666666667,7.5,-7.0,0.5,24.166666666666668,24.5,-24.166666666666668,-24.0
2025,401762831,Buffalo,Eastern Michigan,3,1,-9.5,-9.5,9.5,0.0,-8.5,-8.5,8.5,8.5
2025,401757264,Middle Tennessee,Marshall,3,-14,2.5,2.5,-2.5,0.0,-11.5,-11.5,11.5,11.5
2025,401757301,Florida International,Liberty,3,7,3.1666666666666665,4.5,-2.5,2.0,10.166666666666666,11.5,-10.166666666666666,-9.5
2025,401752723,Texas,Sam Houston,3,55,-39.5,-39.5,39.5,0.0,15.5,15.5,-15.5,-15.5
2025,401754556,Virginia Tech,Wake Forest,3,-7,-5.0,-4.5,6.0,1.5,-12.0,-11.5,12.0,13.0
2025,401760398,Wyoming,Colorado State,3,28,-5.666666666666667,-5.5,6.0,0.5,22.333333333333332,22.5,-22.333333333333332,-22.0
2025,401752953,Washington State,Louisiana Tech,3,25,-10.166666666666666,-10.0,10.5,0.5,14.833333333333334,15.0,-14.833333333333334,-14.5
2025,401757267,UTEP,UL Monroe,3,-6,-5.333333333333333,-5.0,5.5,0.5,-11.333333333333332,-11.0,11.333333333333332,11.5
2025,401762832,Massachusetts,Western Michigan,3,-18,12.333333333333334,12.5,-12.0,0.5,-5.666666666666666,-5.5,5.666666666666666,6.0
2025,401757292,Middle Tennessee,Jacksonville State,3,-3,4.333333333333333,4.5,-4.0,0.5,1.333333333333333,1.5,-1.333333333333333,-1.0
2025,401754577,Clemson,Duke,3,-1,-4.166666666666667,-4.0,4.5,0.5,-5.166666666666667,-5.0,5.166666666666667,5.5
2025,401761621,Troy,South Alabama,3,7,2.5,2.5,-2.5,0.0,9.5,9.5,-9.5,-9.5
2025,401752882,Iowa,Minnesota,3,38,-7.333333333333333,-7.0,7.5,0.5,30.666666666666668,31.0,-30.666666666666668,-30.5
2025,401754540,San Diego State,California,3,34,13.833333333333334,14.0,-13.5,0.5,47.833333333333336,48.0,-47.833333333333336,-47.5
2025,401761618,Georgia State,James Madison,3,-7,19.333333333333332,20.0,-18.5,1.5,12.333333333333332,13.0,-12.333333333333332,-11.5
2025,401756946,UCF,Houston,3,-3,-1.3333333333333333,-1.0,1.5,0.5,-4.333333333333333,-4.0,4.333333333333333,4.5
2025,401762478,Memphis,Tulsa,3,38,-21.166666666666668,-21.0,21.5,0.5,16.833333333333332,17.0,-16.833333333333332,-16.5
2025,401752858,Northwestern,UL Monroe,3,35,-12.833333333333334,-12.5,13.5,1.0,22.166666666666664,22.5,-22.166666666666664,-21.5
2025,401752861,Purdue,Illinois,3,-16,7.166666666666667,7.5,-7.0,0.5,-8.833333333333332,-8.5,8.833333333333332,9.0
2025,401754584,Boston College,SMU,3,-32,10.5,10.5,-10.5,0.0,-21.5,-21.5,21.5,21.5
2025,401757291,Missouri State,Florida International,3,7,-3.1666666666666665,-3.0,3.5,0.5,3.8333333333333335,4.0,-3.8333333333333335,-3.5
2025,401757290,Louisiana Tech,Sam Houston,3,41,-16.5,-16.5,16.5,0.0,24.5,24.5,-24.5,-24.5
2025,401760397,Nevada,Boise State,3,-21,20.833333333333332,21.0,-20.5,0.5,-0.16666666666666785,0.0,0.16666666666666785,0.5
2025,401756947,West Virginia,Colorado,3,7,-6.5,-6.5,6.5,0.0,0.5,0.5,-0.5,-0.5
2025,401762503,Army,Temple,3,1,-7.166666666666667,-7.0,7.5,0.5,-6.166666666666667,-6.0,6.166666666666667,6.5
2025,401756910,Arizona,Oklahoma State,3,28,-22.166666666666668,-21.5,23.5,2.0,5.833333333333332,6.5,-5.833333333333332,-4.5
2025,401762495,Tulsa,Temple,3,-1,4.333333333333333,5.0,-3.5,1.5,3.333333333333333,4.0,-3.333333333333333,-2.5
2025,401762873,Northern Illinois,Miami (OH),3,-11,4.666666666666667,5.0,-4.5,0.5,-6.333333333333333,-6.0,6.333333333333333,6.5
2025,401762477,Rice,Florida Atlantic,3,-6,-4.666666666666667,-4.5,5.0,0.5,-10.666666666666668,-10.5,10.666666666666668,11.0
2025,401752855,UCLA,Penn State,3,5,24.5,24.5,-24.5,0.0,29.5,29.5,-29.5,-29.5
2025,401762492,Charlotte,North Texas,3,-34,25.333333333333332,25.5,-25.0,0.5,-8.666666666666668,-8.5,8.666666666666668,9.0
2025,401762505,Florida Atlantic,Tulsa,3,19,-4.5,-4.5,4.5,0.0,14.5,14.5,-14.5,-14.5
2025,401754555,SMU,Syracuse,3,13,-17.5,-17.5,17.5,0.0,-4.5,-4.5,4.5,4.5
2025,401762504,East Carolina,Charlotte,3,26,-28.333333333333332,-27.5,29.5,2.0,-2.333333333333332,-1.5,2.333333333333332,3.5
2025,401756929,Arizona State,Houston,3,-8,-7.333333333333333,-7.0,7.5,0.5,-15.333333333333332,-15.0,15.333333333333332,15.5
2025,401752747,Kentucky,Tennessee,3,-22,7.5,7.5,-7.5,0.0,-14.5,-14.5,14.5,14.5
2025,401756911,Baylor,Kansas State,3,1,-4.666666666666667,-4.5,5.0,0.5,-3.666666666666667,-3.5,3.666666666666667,4.0
2025,401752767,Kentucky,Tennessee Tech,3,32,-22.833333333333332,-22.5,23.5,1.0,9.166666666666668,9.5,-9.166666666666668,-8.5
2025,401754587,Miami,Syracuse,3,28,-28.5,-28.5,28.5,0.0,-0.5,-0.5,0.5,0.5
2025,401762476,UAB,Army,3,-18,6.5,6.5,-6.5,0.0,-11.5,-11.5,11.5,11.5
2025,401757285,Florida International,Kennesaw State,3,-19,2.8333333333333335,3.0,-2.5,0.5,-16.166666666666668,-16.0,16.166666666666668,16.5
2025,401752781,Texas A&M,Samford,3,48,-54.166666666666664,-53.5,54.5,1.0,-6.166666666666664,-5.5,6.166666666666664,6.5
2025,401754598,NC State,Florida State,3,10,6.666666666666667,7.0,-6.5,0.5,16.666666666666668,17.0,-16.666666666666668,-16.5
2025,401760418,UNLV,Hawai'i,3,28,-2.5,-2.5,2.5,0.0,25.5,25.5,-25.5,-25.5
2025,401757286,Louisiana Tech,Western Kentucky,3,-1,-5.0,-4.5,5.5,1.0,-6.0,-5.5,6.0,6.5
2025,401752729,Oklahoma,Kent State,3,44,-46.5,-46.5,46.5,0.0,-2.5,-2.5,2.5,2.5
2025,401752773,Alabama,Eastern Illinois,3,56,-51.333333333333336,-49.0,54.5,5.5,4.666666666666664,7.0,-4.666666666666664,-1.5
2025,401752774,Auburn,Mercer,3,45,-26.333333333333332,-26.0,26.5,0.5,18.666666666666668,19.0,-18.666666666666668,-18.5
2025,401757171,UConn,Florida International,3,41,-6.833333333333333,-6.5,7.0,0.5,34.166666666666664,34.5,-34.166666666666664,-34.0
2025,401752913,Iowa,Michigan State,3,3,-17.5,-17.5,17.5,0.0,-14.5,-14.5,14.5,14.5
2025,401754606,Wake Forest,Delaware,3,38,-17.5,-17.5,17.5,0.0,20.5,20.5,-20.5,-20.5
2025,401756957,Houston,TCU,3,-3,1.5,1.5,-1.5,0.0,-1.5,-1.5,1.5,1.5
2025,401760385,Wyoming,UNLV,3,-14,4.333333333333333,4.5,-4.0,0.5,-9.666666666666668,-9.5,9.666666666666668,10.0
2025,401754605,Clemson,Furman,3,35,-42.166666666666664,-41.5,43.5,2.0,-7.166666666666664,-6.5,7.166666666666664,8.5
2025,401761620,Arkansas State,Texas State,3,1,14.166666666666666,14.5,-14.0,0.5,15.166666666666666,15.5,-15.166666666666666,-15.0
2025,401761646,Marshall,James Madison,3,-12,13.5,13.5,-13.5,0.0,1.5,1.5,-1.5,-1.5
2025,401761645,Coastal Carolina,Georgia State,3,13,-7.166666666666667,-7.0,7.5,0.5,5.833333333333333,6.0,-5.833333333333333,-5.5
2025,401760383,Fresno State,Nevada,3,3,-12.5,-11.5,13.5,2.0,-9.5,-8.5,9.5,10.5
2025,401756959,UCF,Oklahoma State,3,3,-13.166666666666666,-12.5,13.5,1.0,-10.166666666666666,-9.5,10.166666666666666,10.5
2025,401761656,App State,Marshall,3,2,3.8333333333333335,4.0,-3.5,0.5,5.833333333333334,6.0,-5.833333333333334,-5.5
2025,401754604,Notre Dame,Syracuse,3,63,-36.666666666666664,-36.5,37.0,0.5,26.333333333333336,26.5,-26.333333333333336,-26.0
2025,401752914,Maryland,Michigan,3,-25,13.833333333333334,14.0,-13.5,0.5,-11.166666666666666,-11.0,11.166666666666666,11.5
2025,401762512,Army,Tulsa,3,-1,-9.833333333333334,-9.5,10.0,0.5,-10.833333333333334,-10.5,10.833333333333334,11.0
2025,401754601,Georgia Tech,Pittsburgh,3,-14,-2.5,-2.5,2.5,0.0,-16.5,-16.5,16.5,16.5
2025,401752908,Penn State,Nebraska,3,27,-7.166666666666667,-7.0,7.5,0.5,19.833333333333332,20.0,-19.833333333333332,-19.5
2025,401762479,Temple,UTSA,3,6,6.5,6.5,-6.5,0.0,12.5,12.5,-12.5,-12.5
2025,401756915,UCF,Kansas,3,-7,3.8333333333333335,4.0,-3.5,0.5,-3.1666666666666665,-3.0,3.1666666666666665,3.5
2025,401762867,Toledo,Ball State,3,29,-29.166666666666668,-28.5,29.5,1.0,-0.16666666666666785,0.5,0.16666666666666785,0.5
2025,401757175,Florida Atlantic,UConn,3,-3,5.833333333333333,6.0,-5.5,0.5,2.833333333333333,3.0,-2.833333333333333,-2.5
2025,401752776,Georgia,Charlotte,3,32,-42.5,-42.5,42.5,0.0,-10.5,-10.5,10.5,10.5
2025,401762515,Temple,Tulane,3,-24,7.5,7.5,-7.5,0.0,-16.5,-16.5,16.5,16.5
2025,401754599,Stanford,California,3,21,4.5,4.5,-4.5,0.0,25.5,25.5,-25.5,-25.5
2025,401754585,Louisville,California,3,-3,-18.333333333333332,-18.0,18.5,0.5,-21.333333333333332,-21.0,21.333333333333332,21.5
2025,401752909,Northwestern,Minnesota,3,3,-4.166666666666667,-4.0,4.5,0.5,-1.166666666666667,-1.0,1.166666666666667,1.5
2025,401752782,Vanderbilt,Kentucky,3,28,-6.833333333333333,-6.5,7.0,0.5,21.166666666666668,21.5,-21.166666666666668,-21.0
2025,401754588,North Carolina,Stanford,3,5,-8.5,-8.5,8.5,0.0,-3.5,-3.5,3.5,3.5
2025,401762864,Northern Illinois,Western Michigan,3,-16,6.833333333333333,7.0,-6.5,0.5,-9.166666666666668,-9.0,9.166666666666668,9.5
2025,401762862,Bowling Green,Akron,3,-3,-2.3333333333333335,-2.0,2.5,0.5,-5.333333333333334,-5.0,5.333333333333334,5.5
2025,401762863,Ohio,Massachusetts,3,28,-33.833333333333336,-33.5,34.5,1.0,-5.833333333333336,-5.5,5.833333333333336,6.5
2025,401752779,South Carolina,Coastal Carolina,3,44,-24.0,-23.5,24.5,1.0,20.0,20.5,-20.0,-19.5
2025,401752912,Ohio State,Rutgers,3,33,-28.666666666666668,-28.5,29.0,0.5,4.333333333333332,4.5,-4.333333333333332,-4.0
2025,401761655,Arkansas State,Louisiana,3,-4,-2.5,-2.5,2.5,0.0,-6.5,-6.5,6.5,6.5
2025,401757306,Kennesaw State,Missouri State,3,7,-6.5,-6.5,6.5,0.0,0.5,0.5,-0.5,-0.5
2025,401757299,Liberty,Missouri State,3,-4,-7.666666666666667,-7.5,8.0,0.5,-11.666666666666668,-11.5,11.666666666666668,12.0
2025,401762866,Kent State,Central Michigan,3,-12,7.5,7.5,-7.5,0.0,-4.5,-4.5,4.5,4.5
2025,401762865,Buffalo,Miami (OH),3,-17,2.5,2.5,-2.5,0.0,-14.5,-14.5,14.5,14.5
2025,401754603,Virginia Tech,Miami,3,-17,17.833333333333332,18.5,-17.5,1.0,0.8333333333333321,1.5,-0.8333333333333321,-0.5
2025,401761657,Georgia Southern,Old Dominion,3,-35,10.166666666666666,10.5,-10.0,0.5,-24.833333333333336,-24.5,24.833333333333336,25.0
2025,401762855,Eastern Michigan,Bowling Green,3,6,-3.1666666666666665,-3.0,3.5,0.5,2.8333333333333335,3.0,-2.8333333333333335,-2.5
2025,401756954,Arizona,Baylor,3,24,-6.5,-6.5,6.5,0.0,17.5,17.5,-17.5,-17.5
2025,401762513,UTSA,East Carolina,3,34,2.0,2.5,-1.5,1.0,36.0,36.5,-36.0,-35.5
2025,401760419,Wyoming,Nevada,3,-6,-6.333333333333333,-6.0,6.5,0.5,-12.333333333333332,-12.0,12.333333333333332,12.5
2025,401754589,Virginia,Wake Forest,3,-7,-7.166666666666667,-7.0,7.5,0.5,-14.166666666666668,-14.0,14.166666666666668,14.5
2025,401761658,South Alabama,Southern Miss,3,7,2.5,2.5,-2.5,0.0,9.5,9.5,-9.5,-9.5
2025,401756955,Cincinnati,BYU,3,-12,2.5,2.5,-2.5,0.0,-9.5,-9.5,9.5,9.5
2025,401760420,San Diego State,San José State,3,22,-9.833333333333334,-9.5,10.0,0.5,12.166666666666666,12.5,-12.166666666666666,-12.0
2025,401757307,Louisiana Tech,Liberty,3,6,1.3333333333333333,1.5,-1.0,0.5,7.333333333333333,7.5,-7.333333333333333,-7.0
2025,401752894,Rutgers,Maryland,3,15,-1.5,-1.5,1.5,0.0,13.5,13.5,-13.5,-13.5
2025,401757308,Middle Tennessee,Sam Houston,3,14,-6.666666666666667,-6.5,7.0,0.5,7.333333333333333,7.5,-7.333333333333333,-7.0
2025,401752954,James Madison,Washington State,3,4,-15.333333333333334,-15.0,15.5,0.5,-11.333333333333334,-11.0,11.333333333333334,11.5
2025,401762511,UAB,South Florida,3,-30,21.666666666666668,22.5,-21.0,1.5,-8.333333333333332,-7.5,8.333333333333332,9.0
2025,401752777,LSU,Western Kentucky,3,3,-24.833333333333332,-24.5,25.5,1.0,-21.833333333333332,-21.5,21.833333333333332,22.5
2025,401762502,Rice,UAB,3,7,-0.3333333333333333,1.5,1.5,3.0,6.666666666666667,8.5,-6.666666666666667,-5.5
2025,401761648,Louisiana,Texas State,3,3,3.5,3.5,-3.5,0.0,6.5,6.5,-6.5,-6.5
2025,401752780,Texas,Arkansas,3,15,-9.166666666666666,-8.5,10.5,2.0,5.833333333333334,6.5,-5.833333333333334,-4.5
2025,401762514,Rice,North Texas,3,-32,18.5,18.5,-18.5,0.0,-13.5,-13.5,13.5,13.5
2025,401757309,UTEP,New Mexico State,3,-3,-4.166666666666667,-4.0,4.5,0.5,-7.166666666666667,-7.0,7.166666666666667,7.5
2025,401752899,Wisconsin,Washington,3,3,10.5,10.5,-10.5,0.0,13.5,13.5,-13.5,-13.5
2025,401756943,Arizona,Kansas,3,4,-5.833333333333333,-5.5,6.5,1.0,-1.833333333333333,-1.5,1.833333333333333,2.5
2025,401761659,Texas State,UL Monroe,3,17,-20.5,-20.5,20.5,0.0,-3.5,-3.5,3.5,3.5
2025,401760407,Colorado State,UNLV,3,-32,5.166666666666667,5.5,-4.5,1.0,-26.833333333333332,-26.5,26.833333333333332,27.5
2025,401756958,Iowa State,Kansas,3,24,-3.3333333333333335,-3.0,3.5,0.5,20.666666666666668,21.0,-20.666666666666668,-20.5
2025,401757296,Middle Tennessee,Florida International,3,-26,-1.6666666666666667,-1.5,2.0,0.5,-27.666666666666668,-27.5,27.666666666666668,28.0
2025,401754602,SMU,Louisville,3,32,-3.8333333333333335,-3.5,4.0,0.5,28.166666666666668,28.5,-28.166666666666668,-28.0
2025,401757297,UTEP,Jacksonville State,3,-3,1.5,1.5,-1.5,0.0,-1.5,-1.5,1.5,1.5
2025,401760406,San José State,Air Force,3,-10,-6.166666666666667,-6.0,6.5,0.5,-16.166666666666668,-16.0,16.166666666666668,16.5
2025,401752915,Wisconsin,Illinois,3,17,8.833333333333334,9.5,-8.5,1.0,25.833333333333336,26.5,-25.833333333333336,-25.5
2025,401761647,Arkansas State,Southern Miss,3,-6,6.5,6.5,-6.5,0.0,0.5,0.5,-0.5,-0.5
2025,401760415,Air Force,New Mexico,3,-17,3.5,3.5,-3.5,0.0,-13.5,-13.5,13.5,13.5
2025,401754590,UConn,Duke,3,3,7.666666666666667,8.0,-7.5,0.5,10.666666666666668,11.0,-10.666666666666668,-10.5
2025,401760417,Fresno State,Utah State,3,-11,-1.6666666666666667,-1.5,2.0,0.5,-12.666666666666666,-12.5,12.666666666666666,13.0
2025,401760409,Utah State,Nevada,3,37,-9.833333333333334,-9.5,10.0,0.5,27.166666666666664,27.5,-27.166666666666664,-27.0
2025,401757305,Florida International,Jacksonville State,3,6,-2.5,-2.5,2.5,0.0,3.5,3.5,-3.5,-3.5
2025,401757298,New Mexico State,Kennesaw State,3,-3,11.166666666666666,11.5,-10.5,1.0,8.166666666666666,8.5,-8.166666666666666,-7.5
2025,401761660,Troy,Georgia State,3,12,-9.833333333333334,-9.5,10.5,1.0,2.166666666666666,2.5,-2.166666666666666,-1.5
2025,401752944,Oregon State,Sam Houston,3,-4,-21.166666666666668,-21.0,21.5,0.5,-25.166666666666668,-25.0,25.166666666666668,25.5
2025,401760416,Boise State,Colorado State,3,28,-17.333333333333332,-17.0,17.5,0.5,10.666666666666668,11.0,-10.666666666666668,-10.5
