season,week,gid,home,away,neutral,conf_game,spread,spread_open,home_favorite,abs_spread,home_cover,line_move,home_rest,away_rest
2022,2,401426553,Army,UTSA,False,False,1.875,1.5,False,1.875,-1.0,0.375,6.0,6.0
2022,1,401411101,Georgia Tech,Clemson,True,True,24.375,21.0,False,24.375,-1.0,3.375,,
2022,4,401404081,Oklahoma,Kansas State,False,True,-13.625,-13.0,True,13.625,-1.0,-0.625,7.0,7.0
2022,4,401403893,Texas A&M,Arkansas,True,True,-1.5,-2.0,True,1.5,1.0,0.5,6.0,7.0
2022,4,401404080,Iowa State,Baylor,False,True,-2.5,-1.0,True,2.5,-1.0,-1.5,6.0,7.0
2022,4,401404082,Texas Tech,Texas,False,True,7.0,4.5,False,7.0,1.0,2.5,6.0,6.0
2022,4,401404079,Kansas,Duke,False,False,-7.125,-9.0,True,7.125,1.0,1.875,6.0,6.0
2022,8,401415642,East Carolina,UCF,False,True,5.5,4.5,False,5.5,1.0,1.0,7.0,9.0
2022,8,401416625,Ohio,Northern Illinois,False,True,2.5,1.5,False,2.5,1.0,1.0,6.0,6.0
2022,8,401426355,James Madison,Marshall,False,True,-10.25,-12.5,True,10.25,-1.0,2.25,6.0,9.0
2022,8,401426357,Louisiana,Arkansas State,False,True,-6.25,-7.0,True,6.25,1.0,0.75,9.0,6.0
2022,8,401426358,Texas State,Southern Miss,False,True,2.5,1.0,False,2.5,-1.0,1.5,7.0,6.0
2022,10,401416633,Ohio,Buffalo,False,True,2.5,3.0,False,2.5,1.0,-0.5,10.0,10.0
2022,7,401403920,Ole Miss,Auburn,False,True,-15.375,-15.5,True,15.375,-1.0,0.125,6.0,6.0
2022,7,401403917,Florida,LSU,False,True,-2.0,-3.0,True,2.0,-1.0,1.0,7.0,7.0
2022,8,401404140,Army,UL Monroe,False,False,-6.5,-7.5,True,6.5,1.0,1.0,7.0,6.0
2022,8,401416628,Kent State,Akron,False,True,-15.625,-19.5,True,15.625,-1.0,3.875,6.0,7.0
2022,10,401416634,Northern Illinois,Central Michigan,False,True,-4.875,-4.0,True,4.875,-1.0,-0.875,11.0,11.0
2022,8,401416626,Buffalo,Toledo,False,True,7.125,7.5,False,7.125,1.0,-0.375,7.0,6.0
2022,8,401416629,Central Michigan,Bowling Green,False,True,-6.0,-7.5,True,6.0,-1.0,1.5,7.0,7.0
2022,8,401416624,Ball State,Eastern Michigan,False,True,-2.5,-3.0,True,2.5,-1.0,0.5,7.0,6.0
2022,11,401426604,Florida International,Florida Atlantic,False,True,15.25,15.0,False,15.25,-1.0,0.25,7.0,14.0
2022,3,401415217,Wyoming,Air Force,False,True,16.625,15.0,False,16.625,1.0,1.625,6.0,6.0
2022,3,401405088,Ohio State,Toledo,False,False,-32.125,-31.5,True,32.125,1.0,-0.625,7.0,7.0
2022,3,401426556,Clemson,Louisiana Tech,False,False,-33.5,-32.0,True,33.5,-1.0,-1.5,7.0,7.0
2022,3,401411115,Western Michigan,Pittsburgh,False,False,10.125,10.0,False,10.125,-1.0,0.125,7.0,7.0
2022,3,401416601,Coastal Carolina,Buffalo,False,False,-11.875,-18.5,True,11.875,1.0,6.625,6.0,6.0
2022,3,401405089,Temple,Rutgers,False,False,18.0,17.0,False,18.0,1.0,1.0,7.0,6.0
2022,3,401411113,Virginia,Old Dominion,False,False,-8.25,-10.5,True,8.25,-1.0,2.25,6.0,6.0
2022,3,401403987,Notre Dame,California,False,False,-13.5,-12.5,True,13.5,-1.0,-1.0,7.0,6.0
2022,3,401426558,UNLV,North Texas,False,False,-2.5,-2.5,True,2.5,1.0,0.0,6.0,6.0
2022,3,401403988,Minnesota,Colorado,False,False,-28.0,-27.0,True,28.0,1.0,-1.0,7.0,7.0
2022,3,401426333,App State,Troy,False,True,-14.0,-13.0,True,14.0,-1.0,-1.0,7.0,6.0
2022,3,401426560,UAB,Georgia Southern,False,False,-11.5,-12.0,True,11.5,1.0,0.5,6.0,6.0
2022,3,401415029,Bowling Green,Marshall,False,False,17.0,18.5,False,17.0,1.0,-1.5,7.0,7.0
2022,3,401426554,Georgia State,Charlotte,False,False,-19.5,-19.5,True,19.5,-1.0,0.0,7.0,7.0
2022,3,401426555,Florida Atlantic,UCF,False,False,7.5,9.5,False,7.5,-1.0,-2.0,7.0,8.0
2022,3,401403986,Arizona State,Eastern Michigan,False,False,-20.5,-19.5,True,20.5,-1.0,-1.0,7.0,7.0
2022,10,401426366,Old Dominion,Marshall,False,True,3.5,2.5,False,3.5,-1.0,1.0,6.0,6.0
2022,10,401426369,Southern Miss,Georgia State,False,True,-2.125,-2.5,True,2.125,-1.0,0.375,8.0,7.0
2022,10,401426365,Georgia Southern,South Alabama,False,True,3.5,5.0,False,3.5,-1.0,-1.5,14.0,7.0
2022,10,401426367,Louisiana,Troy,False,True,3.5,4.0,False,3.5,-1.0,-0.5,8.0,15.0
2022,10,401426368,UL Monroe,Texas State,False,True,-2.625,0.0,True,2.625,-1.0,-2.625,14.0,14.0
2022,3,401415622,Memphis,Arkansas State,False,False,-14.5,-13.5,True,14.5,-1.0,-1.0,7.0,7.0
2022,3,401426559,Rice,Louisiana,False,False,11.625,11.5,False,11.625,1.0,0.125,7.0,7.0
2022,2,401403978,Oregon,Eastern Washington,False,False,-27.0,,True,27.0,1.0,,7.0,
2022,6,401403914,Mississippi State,Arkansas,False,True,-8.375,-6.0,True,8.375,1.0,-2.375,6.0,6.0
2022,3,401411114,Virginia Tech,Wofford,False,False,-39.166666666666664,-37.0,True,39.166666666666664,-1.0,-2.1666666666666643,6.0,
2022,11,401411163,Virginia,Pittsburgh,False,True,5.5,4.5,False,5.5,-1.0,1.0,7.0,6.0
2022,12,401416645,Central Michigan,Western Michigan,False,True,-10.0,-9.5,True,10.0,-1.0,-0.5,7.0,7.0
2022,11,401404131,Navy,Notre Dame,True,False,16.875,17.0,False,16.875,1.0,-0.125,6.0,6.0
2022,1,401404146,Utah State,UConn,False,False,-23.75,-25.0,True,23.75,-1.0,1.25,,
2022,1,401405058,Illinois,Wyoming,False,False,-14.0,-9.5,True,14.0,1.0,-4.5,,
2022,1,401403853,Hawai'i,Vanderbilt,False,False,9.25,4.5,False,9.25,-1.0,4.75,,
2022,13,401403958,Florida State,Florida,False,False,-9.875,-10.0,True,9.875,-1.0,0.125,6.0,6.0
2022,13,401404046,California,UCLA,False,True,11.375,10.5,False,11.375,1.0,0.875,5.0,5.0
2022,14,401437036,Georgia,LSU,True,True,-17.125,-15.0,True,17.125,1.0,-2.125,7.0,6.0
2022,14,401437009,North Carolina,Clemson,True,True,7.25,7.5,False,7.25,-1.0,-0.25,8.0,7.0
2022,1,401405059,Northwestern,Nebraska,True,True,12.375,10.0,False,12.375,1.0,2.375,,
2022,12,401415264,New Mexico,San Diego State,False,True,14.625,14.5,False,14.625,-1.0,0.125,6.0,5.0
2022,1,401409235,New Mexico State,Nevada,False,False,7.125,14.0,False,7.125,-1.0,-6.875,,
2022,1,401426531,UTEP,North Texas,False,True,1.375,3.0,False,1.375,-1.0,-1.625,,
2022,4,401405095,Ohio State,Wisconsin,False,True,-18.875,-18.0,True,18.875,1.0,-0.875,7.0,7.0
2022,4,401411121,Pittsburgh,Rhode Island,False,False,-32.5,,True,32.5,-1.0,,6.0,
2022,4,401416606,Ohio,Fordham,False,False,-16.5,,True,16.5,-1.0,,7.0,
2022,4,401418793,Texas State,Houston Christian,False,False,-26.5,,True,26.5,1.0,,7.0,
2022,4,401405093,Northwestern,Miami (OH),False,False,-7.5,-6.5,True,7.5,-1.0,-1.0,7.0,7.0
2022,5,401411130,Syracuse,Wagner,False,False,-54.0,,True,54.0,1.0,,7.0,21.0
2022,5,401416612,Western Michigan,New Hampshire,False,False,-15.0,,True,15.0,1.0,,6.0,
2022,10,401415649,Tulsa,Tulane,False,True,6.625,8.5,False,6.625,-1.0,-1.875,6.0,13.0
2022,10,401415648,Temple,South Florida,False,True,3.5,3.5,False,3.5,1.0,0.0,6.0,7.0
2022,10,401415254,San Diego State,UNLV,False,True,-5.0,-6.5,True,5.0,-1.0,1.5,6.0,14.0
2022,11,401404113,Texas,TCU,False,True,-7.5,-7.0,True,7.5,-1.0,-0.5,7.0,7.0
2022,11,401404109,Baylor,Kansas State,False,True,-2.625,-3.5,True,2.625,-1.0,0.875,7.0,7.0
2022,11,401404112,West Virginia,Oklahoma,False,True,8.5,8.0,False,8.5,1.0,0.5,6.0,6.0
2022,11,401404110,Oklahoma State,Iowa State,False,True,2.75,2.5,False,2.75,1.0,0.25,7.0,7.0
2022,9,401404024,California,Oregon,False,True,16.75,15.0,False,16.75,-1.0,1.75,6.0,7.0
2022,4,401405097,Michigan,Maryland,False,True,-17.0,-17.5,True,17.0,-1.0,0.5,7.0,6.0
2022,4,401404000,Oregon State,USC,False,True,5.625,7.0,False,5.625,1.0,-1.375,7.0,6.0
2022,4,401403901,Tennessee,Florida,False,True,-11.125,-9.5,True,11.125,-1.0,-1.625,6.0,6.0
2022,4,401403997,Arizona State,Utah,False,True,16.75,16.0,False,16.75,-1.0,0.75,6.0,7.0
2022,4,401405098,Penn State,Central Michigan,False,False,-28.0,-26.0,True,28.0,-1.0,-2.0,6.0,6.0
2022,4,401403999,Washington State,Oregon,False,True,6.375,6.0,False,6.375,1.0,0.375,6.0,7.0
2022,4,401404001,Washington,Stanford,False,True,-14.0,-11.5,True,14.0,1.0,-2.5,7.0,14.0
2022,4,401403998,Colorado,UCLA,False,True,22.125,21.0,False,22.125,-1.0,1.125,6.0,7.0
2022,4,401405096,Cincinnati,Indiana,False,False,-16.5,-14.0,True,16.5,1.0,-2.5,7.0,7.0
2022,4,401403996,California,Arizona,False,True,-3.5,-4.0,True,3.5,1.0,0.5,7.0,6.0
2022,4,401411118,Florida State,Boston College,False,True,-18.5,-16.5,True,18.5,1.0,-2.0,8.0,7.0
2022,4,401409237,New Mexico State,Hawai'i,False,False,-4.5,-2.0,True,4.5,1.0,-2.5,7.0,6.0
2022,1,401426532,Western Kentucky,Austin Peay,False,False,-32.5,-27.5,True,32.5,-1.0,-5.0,,
2022,1,401413256,UNLV,Idaho State,False,False,-22.666666666666668,-23.5,True,22.666666666666668,1.0,0.8333333333333321,,
2022,1,401411090,Florida State,Duquesne,False,False,-41.833333333333336,-43.0,True,41.833333333333336,-1.0,1.1666666666666643,,
2022,1,401411091,North Carolina,Florida A&M,False,False,-45.166666666666664,-43.0,True,45.166666666666664,-1.0,-2.1666666666666643,,
2022,4,401426334,Georgia State,Coastal Carolina,False,True,2.5,1.5,False,2.5,-1.0,1.0,5.0,5.0
2022,9,401415645,BYU,East Carolina,False,False,-3.125,-3.0,True,3.125,-1.0,-0.125,6.0,6.0
2022,9,401415644,UCF,Cincinnati,False,True,-1.5,0.0,True,1.5,1.0,-1.5,6.0,7.0
2022,9,401415643,Houston,South Florida,False,True,-17.375,-18.0,True,17.375,-1.0,0.625,7.0,13.0
2022,9,401415646,Navy,Temple,False,True,-14.5,-13.5,True,14.5,-1.0,-1.0,7.0,7.0
2022,2,401415215,Utah State,Weber State,False,False,-6.5,,True,6.5,-1.0,,6.0,
2022,3,401411110,Boston College,Maine,False,False,-31.0,,True,31.0,-1.0,,6.0,13.0
2022,1,401415211,Wyoming,Tulsa,False,False,6.5,2.0,False,6.5,1.0,4.5,6.0,
2022,1,401426541,Oklahoma,UTEP,False,False,-31.0,-37.0,True,31.0,1.0,6.0,,6.0
2022,1,401415612,South Florida,BYU,False,False,11.625,12.5,False,11.625,-1.0,-0.875,,
2022,1,401426542,UTSA,Houston,False,False,3.625,6.5,False,3.625,1.0,-2.875,,
2022,1,401403855,Arkansas,Cincinnati,False,False,-6.625,-7.5,True,6.625,1.0,0.875,,
2022,1,401403860,Ole Miss,Troy,False,False,-21.375,-21.0,True,21.375,-1.0,-0.375,,
2022,1,401404134,Coastal Carolina,Army,False,False,-1.5,-3.0,True,1.5,1.0,1.5,,
2022,1,401405064,Purdue,Penn State,False,True,3.5,3.0,False,3.5,-1.0,0.5,,
2022,1,401416591,Michigan State,Western Michigan,False,False,-21.75,-19.0,True,21.75,1.0,-2.75,,
2022,1,401426330,Old Dominion,Virginia Tech,False,False,6.0,7.0,False,6.0,1.0,-1.0,,
2022,1,401403864,Tennessee,Ball State,False,False,-36.25,-28.0,True,36.25,1.0,-8.25,,
2022,1,401426537,Missouri,Louisiana Tech,False,False,-20.375,-17.0,True,20.375,1.0,-3.375,,
2022,1,401403967,San Diego State,Arizona,False,False,-6.25,-7.0,True,6.25,-1.0,0.75,,
2022,1,401405066,Maryland,Buffalo,False,False,-24.0,-20.5,True,24.0,-1.0,-3.5,,
2022,1,401405067,Michigan,Colorado State,False,False,-31.0,-28.5,True,31.0,1.0,-2.5,,
2022,1,401426540,USC,Rice,False,False,-32.875,-34.5,True,32.875,1.0,1.625,,
2022,1,401411095,App State,North Carolina,False,False,-3.0,3.5,True,3.0,-1.0,-6.5,,6.0
2022,1,401411096,East Carolina,NC State,False,False,12.5,10.5,False,12.5,1.0,2.0,,
2022,1,401405069,Boston College,Rutgers,False,False,-9.0,-7.5,True,9.0,-1.0,-1.5,,
2022,1,401426530,Florida Atlantic,Charlotte,False,True,-7.0,-5.5,True,7.0,1.0,-1.5,,
2022,1,401415212,Nevada,Texas State,False,False,2.0,-10.0,False,2.0,1.0,12.0,6.0,
2022,1,401426536,Ohio,Florida Atlantic,False,False,6.0,1.5,False,6.0,1.0,4.5,,6.0
2022,1,401403858,Georgia,Oregon,True,False,-16.0,-17.0,True,16.0,1.0,1.0,,
2022,1,401414778,Tulane,Massachusetts,False,False,-28.5,-31.0,True,28.5,1.0,2.5,,
2022,1,401411094,Duke,Temple,False,False,-9.5,-6.5,True,9.5,1.0,-3.0,,
2022,1,401404157,Southern Miss,Liberty,False,False,3.5,4.0,False,3.5,1.0,-0.5,,
2022,1,401403966,Colorado,TCU,False,False,13.625,8.0,False,13.625,-1.0,5.625,,
2022,1,401405061,Indiana,Illinois,False,True,-0.75,-3.0,True,0.75,1.0,2.25,,6.0
2022,1,401405060,Minnesota,New Mexico State,False,False,-36.0,-38.0,True,36.0,1.0,2.0,,4.0
2022,1,401426538,James Madison,Middle Tennessee,False,False,-4.5,-5.0,True,4.5,1.0,0.5,,
2022,1,401403971,UCLA,Bowling Green,False,False,-24.0,-30.0,True,24.0,1.0,6.0,,
2022,1,401416569,Oklahoma State,Central Michigan,False,False,-20.75,-18.5,True,20.75,-1.0,-2.25,,
2022,1,401411092,Pittsburgh,West Virginia,False,False,-7.5,-7.0,True,7.5,-1.0,-0.5,,
2022,1,401403861,Mississippi State,Memphis,False,False,-17.0,-13.5,True,17.0,1.0,-3.5,,
2022,1,401403863,South Carolina,Georgia State,False,False,-12.5,-11.0,True,12.5,1.0,-1.5,,
2022,1,401441990,Toledo,Long Island University,False,False,-47.166666666666664,-47.0,True,47.166666666666664,-1.0,-0.1666666666666643,,
2022,1,401403973,Washington,Kent State,False,False,-23.625,-23.0,True,23.625,1.0,-0.625,,
2022,1,401411093,Wake Forest,VMI,False,False,-33.333333333333336,-31.5,True,33.333333333333336,1.0,-1.8333333333333357,,
2022,1,401403867,Florida State,LSU,True,False,4.5,3.0,False,4.5,1.0,1.5,8.0,
2022,1,401426543,Hawai'i,Western Kentucky,False,False,16.5,9.0,False,16.5,-1.0,7.5,7.0,7.0
2022,1,401416592,Northern Illinois,Eastern Illinois,False,False,-35.0,-35.0,True,35.0,-1.0,0.0,,
2022,1,401403854,Alabama,Utah State,False,False,-42.125,-34.0,True,42.125,1.0,-8.125,,7.0
2022,1,401426534,UAB,Alabama A&M,False,False,-40.666666666666664,-41.0,True,40.666666666666664,1.0,0.3333333333333357,,
2022,1,401403859,Kentucky,Miami (OH),False,False,-15.5,-21.0,True,15.5,1.0,5.5,,
2022,1,401403857,Florida,Utah,False,False,2.5,0.0,False,2.5,1.0,2.5,,
2022,1,401403965,Arizona State,Northern Arizona,False,False,-25.5,-27.5,True,25.5,1.0,2.0,,
2022,1,401426533,Florida International,Bryant,False,False,-10.333333333333334,-10.0,True,10.333333333333334,-1.0,-0.3333333333333339,,
2022,1,401411099,Syracuse,Louisville,False,True,6.0,4.0,False,6.0,1.0,2.0,,
2022,1,401404124,Ohio State,Notre Dame,False,False,-17.0,-14.5,True,17.0,-1.0,-2.5,,
2022,1,401426539,North Texas,SMU,False,False,9.25,7.0,False,9.25,-1.0,2.25,6.0,
2022,1,401415610,UCF,South Carolina State,False,False,-43.5,-39.5,True,43.5,1.0,-4.0,,
2022,1,401415213,San José State,Portland State,False,False,-22.0,-22.0,True,22.0,-1.0,0.0,,
2022,1,401404059,Texas,UL Monroe,False,False,-37.375,-38.0,True,37.375,1.0,0.625,,
2022,1,401413224,Fresno State,Cal Poly,False,False,-42.5,-41.0,True,42.5,-1.0,-1.5,,
2022,1,401404056,Kansas State,South Dakota,False,False,-27.0,-25.0,True,27.0,1.0,-2.0,,
2022,1,401403970,Stanford,Colgate,False,False,-39.666666666666664,-40.0,True,39.666666666666664,-1.0,0.3333333333333357,,
2022,1,401404147,UConn,Central Connecticut,False,False,-20.666666666666668,-20.0,True,20.666666666666668,1.0,-0.6666666666666679,6.0,
2022,1,401415209,Air Force,Northern Iowa,False,False,-15.166666666666666,-15.0,True,15.166666666666666,1.0,-0.16666666666666607,,
2022,1,401403974,Washington State,Idaho,False,False,-28.666666666666668,-28.0,True,28.666666666666668,-1.0,-0.6666666666666679,,
2022,1,401405062,Iowa,South Dakota State,False,False,-10.666666666666666,-10.5,True,10.666666666666666,-1.0,-0.16666666666666607,,
2022,1,401411100,Virginia,Richmond,False,False,-21.666666666666668,-21.0,True,21.666666666666668,-1.0,-0.6666666666666679,,
2022,1,401415015,Marshall,Norfolk State,False,False,-40.5,-40.5,True,40.5,1.0,0.0,,
2022,1,401415611,Navy,Delaware,False,False,-12.666666666666666,-12.0,True,12.666666666666666,-1.0,-0.6666666666666661,,
2022,1,401421116,South Alabama,Nicholls,False,False,-13.5,-13.5,True,13.5,1.0,0.0,,
2022,1,401403865,Texas A&M,Sam Houston,False,False,-36.333333333333336,-33.0,True,36.333333333333336,-1.0,-3.3333333333333357,,
2022,1,401416590,Eastern Michigan,Eastern Kentucky,False,False,-10.833333333333334,-13.0,True,10.833333333333334,-1.0,2.166666666666666,,
2022,1,401403968,California,UC Davis,False,False,-14.0,-13.5,True,14.0,1.0,-0.5,,
2022,1,401404052,Kansas,Tennessee Tech,False,False,-30.333333333333332,-31.0,True,30.333333333333332,1.0,0.6666666666666679,,
2022,1,401426535,Charlotte,William & Mary,False,False,-4.5,-2.5,True,4.5,-1.0,-2.0,6.0,
2022,1,401405065,Wisconsin,Illinois State,False,False,-36.333333333333336,-36.5,True,36.333333333333336,1.0,0.1666666666666643,,
2022,1,401425418,Arkansas State,Grambling,False,False,-25.333333333333332,-24.5,True,25.333333333333332,1.0,-0.8333333333333321,,
2022,1,401403856,Auburn,Mercer,False,False,-30.0,-29.0,True,30.0,-1.0,-1.0,,
2022,1,401421121,Louisiana,SE Louisiana,False,False,-13.166666666666666,-13.0,True,13.166666666666666,1.0,-0.16666666666666607,,
2022,1,401420777,Georgia Southern,Morgan State,False,False,-39.833333333333336,-39.5,True,39.833333333333336,1.0,-0.3333333333333357,,
2022,1,401403969,Oregon State,Boise State,False,False,-1.625,-2.0,True,1.625,1.0,0.375,,
2022,1,401405063,Nebraska,North Dakota,False,False,-28.333333333333332,-29.5,True,28.333333333333332,-1.0,1.1666666666666679,7.0,
2022,1,401424416,Baylor,UAlbany,False,False,-42.666666666666664,-42.5,True,42.666666666666664,1.0,-0.1666666666666643,,
2022,1,401415210,New Mexico,Maine,False,False,-6.166666666666667,-5.0,True,6.166666666666667,1.0,-1.166666666666667,,
2022,1,401403866,Vanderbilt,Elon,False,False,-19.0,-18.0,True,19.0,-1.0,-1.0,6.0,
2022,1,401404055,Texas Tech,Murray State,False,False,-38.333333333333336,-38.0,True,38.333333333333336,1.0,-0.3333333333333357,,
2022,2,401403984,Wisconsin,Washington State,False,False,-17.5,-17.0,True,17.5,-1.0,-0.5,6.0,6.0
2022,2,401404064,Iowa,Iowa State,False,False,-3.5,-3.5,True,3.5,-1.0,0.0,7.0,7.0
2022,2,401415617,Navy,Memphis,False,True,4.5,6.5,False,4.5,-1.0,-2.0,7.0,6.0
2022,2,401404063,Texas Tech,Houston,False,False,-3.875,-3.0,True,3.875,-1.0,-0.875,6.0,7.0
2022,2,401404062,BYU,Baylor,False,False,-2.5,-2.5,True,2.5,1.0,0.0,7.0,7.0
2022,2,401411108,Virginia Tech,Boston College,False,True,-2.875,-3.0,True,2.875,1.0,0.125,8.0,7.0
2022,2,401403877,Pittsburgh,Tennessee,False,False,6.0,6.0,False,6.0,-1.0,0.0,8.0,8.0
2022,2,401426545,Charlotte,Maryland,False,False,28.0,27.0,False,28.0,-1.0,1.0,7.0,7.0
2022,2,401404148,UConn,Syracuse,False,False,23.625,19.5,False,23.625,-1.0,4.125,7.0,6.0
2022,2,401403871,Florida,Kentucky,False,True,-6.0,-4.5,True,6.0,-1.0,-1.5,7.0,7.0
2022,2,401426548,Colorado State,Middle Tennessee,False,False,-13.625,-7.0,True,13.625,-1.0,-6.625,7.0,6.0
2022,2,401426551,Liberty,UAB,False,False,6.0,5.0,False,6.0,1.0,1.0,6.0,8.0
2022,2,401405073,Northwestern,Duke,False,False,-10.0,-9.0,True,10.0,-1.0,-1.0,13.0,7.0
2022,2,401426544,Texas State,Florida International,False,False,-13.625,-10.0,True,13.625,1.0,-3.625,7.0,9.0
2022,2,401403975,Oklahoma State,Arizona State,False,False,-11.75,-10.0,True,11.75,1.0,-1.75,9.0,8.0
2022,2,401415613,UCF,Louisville,False,False,-5.625,-6.0,True,5.625,-1.0,0.375,8.0,5.0
2022,2,401404066,Oklahoma,Kent State,False,False,-33.25,-32.0,True,33.25,-1.0,-1.25,7.0,6.0
2022,2,401415620,Tulsa,Northern Illinois,False,False,-6.5,-6.0,True,6.5,-1.0,-0.5,7.0,8.0
2022,2,401403976,California,UNLV,False,False,-12.375,-13.0,True,12.375,-1.0,0.625,7.0,14.0
2022,2,401415024,East Carolina,Old Dominion,False,False,-13.125,-11.0,True,13.125,1.0,-2.125,7.0,7.0
2022,2,401403980,Stanford,USC,False,True,9.5,10.0,False,9.5,-1.0,-0.5,6.0,7.0
2022,2,401405080,Penn State,Ohio,False,False,-28.0,-26.5,True,28.0,1.0,-1.5,8.0,6.0
2022,2,401411105,Miami,Southern Miss,False,False,-27.375,-27.0,True,27.375,-1.0,-0.375,6.0,6.0
2022,2,401403878,Texas A&M,App State,False,False,-18.0,-16.5,True,18.0,-1.0,-1.5,7.0,7.0
2022,2,401405072,Nebraska,Georgia Southern,False,False,-23.5,-21.5,True,23.5,-1.0,-2.0,7.0,7.0
2022,2,401403868,Texas,Alabama,False,False,21.25,19.5,False,21.25,1.0,1.75,6.0,6.0
2022,2,401403869,Arkansas,South Carolina,False,True,-9.0,-9.0,True,9.0,1.0,0.0,6.0,6.0
2022,2,401426552,UTEP,New Mexico State,False,False,-17.125,-13.5,True,17.125,-1.0,-3.625,7.0,9.0
2022,2,401403977,Air Force,Colorado,False,False,-17.5,-16.0,True,17.5,1.0,-1.5,7.0,7.0
2022,2,401403979,Fresno State,Oregon State,False,False,-1.0,-1.0,True,1.0,-1.0,0.0,9.0,7.0
2022,2,401403875,Arizona,Mississippi State,False,False,12.375,8.5,False,12.375,-1.0,3.875,7.0,7.0
2022,2,401405077,Michigan,Hawai'i,False,False,-52.75,-50.0,True,52.75,-1.0,-2.75,7.0,6.0
2022,2,401403879,Vanderbilt,Wake Forest,False,False,13.625,6.5,False,13.625,-1.0,7.125,6.0,8.0
2022,2,401403876,Kansas State,Missouri,False,False,-7.125,-8.5,True,7.125,1.0,1.375,6.0,8.0
2022,2,401404065,West Virginia,Kansas,False,True,-14.0,-13.5,True,14.0,-1.0,-0.5,8.0,7.0
2022,2,401416594,Ball State,Western Michigan,False,True,6.5,6.5,False,6.5,-1.0,0.0,8.0,7.0
2022,2,401405078,Michigan State,Akron,False,False,-34.5,-34.5,True,34.5,1.0,0.0,7.0,8.0
2022,2,401416598,Louisiana,Eastern Michigan,False,False,-11.0,-11.0,True,11.0,1.0,0.0,7.0,8.0
2022,2,401405070,Illinois,Virginia,False,False,-3.875,-3.5,True,3.875,1.0,-0.375,7.0,7.0
2022,2,401416597,Central Michigan,South Alabama,False,False,-6.0,-6.5,True,6.0,-1.0,0.5,8.0,6.0
2022,2,401403870,Auburn,San José State,False,False,-24.0,-23.0,True,24.0,-1.0,-1.0,7.0,8.0
2022,2,401404125,Notre Dame,Marshall,False,False,-20.625,-19.0,True,20.625,-1.0,-1.625,6.0,6.0
2022,2,401405079,Ohio State,Arkansas State,False,False,-44.5,-44.0,True,44.5,-1.0,-0.5,6.0,6.0
2022,2,401414779,Toledo,Massachusetts,False,False,-28.125,-30.5,True,28.125,1.0,2.375,9.0,7.0
2022,3,401404068,Houston,Kansas,False,False,-8.5,-10.5,True,8.5,-1.0,2.0,7.0,6.0
2022,3,401405084,Syracuse,Purdue,False,False,-1.5,1.0,True,1.5,1.0,-2.5,6.0,6.0
2022,3,401415623,Miami (OH),Cincinnati,True,False,24.0,20.0,False,24.0,1.0,4.0,6.0,6.0
2022,3,401403891,Northern Illinois,Vanderbilt,False,False,-2.5,-1.5,True,2.5,-1.0,-1.0,6.0,7.0
2022,3,401403882,Auburn,Penn State,False,False,2.375,3.0,False,2.375,-1.0,-0.625,6.0,7.0
2022,3,401403880,Alabama,UL Monroe,False,False,-49.5,-50.0,True,49.5,1.0,0.5,7.0,6.0
2022,3,401405082,Iowa,Nevada,False,False,-23.875,-21.5,True,23.875,1.0,-2.375,7.0,7.0
2022,3,401403991,UCLA,South Alabama,False,False,-15.5,-14.0,True,15.5,-1.0,-1.5,6.0,7.0
2022,3,401426562,Texas,UTSA,False,False,-13.125,-13.5,True,13.125,1.0,0.375,7.0,7.0
2022,3,401404069,Iowa State,Ohio,False,False,-19.875,-21.5,True,19.875,1.0,1.625,6.0,7.0
2022,3,401404074,Kansas State,Tulane,False,False,-13.625,-16.5,True,13.625,-1.0,2.875,7.0,6.0
2022,3,401404159,Wake Forest,Liberty,False,False,-17.625,-17.0,True,17.625,-1.0,-0.625,7.0,6.0
2022,3,401403886,Georgia Tech,Ole Miss,False,False,17.125,14.5,False,17.125,-1.0,2.625,6.0,6.0
2022,3,401426563,Indiana,Western Kentucky,False,False,-7.0,-7.5,True,7.0,-1.0,0.5,6.0,13.0
2022,3,401403989,Oregon,BYU,False,False,-3.625,-4.0,True,3.625,1.0,0.375,6.0,6.0
2022,3,401403890,Texas A&M,Miami,False,False,-6.5,-6.0,True,6.5,1.0,-0.5,7.0,7.0
2022,3,401404072,NC State,Texas Tech,False,False,-10.375,-10.0,True,10.375,1.0,-0.375,7.0,7.0
2022,3,401411109,Louisville,Florida State,False,True,2.625,1.5,False,2.625,-1.0,1.125,7.0,12.0
2022,3,401404149,Michigan,UConn,False,False,-47.5,-47.0,True,47.5,1.0,-0.5,6.0,6.0
2022,3,401404071,Baylor,Texas State,False,False,-30.0,-30.0,True,30.0,1.0,0.0,6.0,6.0
2022,3,401405087,Maryland,SMU,False,False,-2.875,-2.5,True,2.875,1.0,-0.375,7.0,7.0
2022,3,401426561,New Mexico,UTEP,False,False,2.0,3.5,False,2.0,1.0,-1.5,7.0,6.0
2022,3,401403888,South Carolina,Georgia,False,True,25.5,24.5,False,25.5,-1.0,1.0,7.0,6.0
2022,3,401403993,Utah,San Diego State,False,False,-22.25,-21.0,True,22.25,1.0,-1.25,7.0,7.0
2022,3,401403992,USC,Fresno State,False,False,-11.625,-13.0,True,11.625,1.0,1.375,7.0,7.0
2022,3,401403994,Washington,Michigan State,False,False,-3.5,-1.0,True,3.5,1.0,-2.5,7.0,7.0
2022,3,401403889,Tennessee,Akron,False,False,-47.5,-47.5,True,47.5,1.0,0.0,7.0,7.0
2022,3,401403883,Florida,South Florida,False,False,-23.5,-24.5,True,23.5,-1.0,1.0,7.0,7.0
2022,3,401403995,Washington State,Colorado State,False,False,-17.0,-16.5,True,17.0,1.0,-0.5,7.0,7.0
2022,3,401416603,Kent State,Long Island University,False,False,-40.0,-40.0,True,40.0,1.0,0.0,6.0,15.0
2022,3,401403885,LSU,Mississippi State,False,True,3.0,2.5,False,3.0,1.0,0.5,6.0,6.0
2022,3,401403887,Missouri,Abilene Christian,False,False,-31.5,-31.5,True,31.5,-1.0,0.0,7.0,
2022,3,401416602,Central Michigan,Bucknell,False,False,-40.833333333333336,-41.0,True,40.833333333333336,1.0,0.1666666666666643,7.0,
2022,3,401405083,Northwestern,Southern Illinois,False,False,-13.666666666666666,-13.5,True,13.666666666666666,-1.0,-0.16666666666666607,7.0,
2022,3,401404136,Army,Villanova,False,False,-14.0,-13.5,True,14.0,1.0,-0.5,7.0,
2022,3,401403884,Kentucky,Youngstown State,False,False,-29.666666666666668,-30.0,True,29.666666666666668,1.0,0.33333333333333215,6.0,
2022,3,401416600,Ball State,Murray State,False,False,-21.0,-21.0,True,21.0,1.0,0.0,7.0,13.0
2022,3,401414780,Massachusetts,Stony Brook,False,False,-1.0,-1.0,True,1.0,1.0,0.0,6.0,
2022,3,401404073,West Virginia,Towson,False,False,-41.0,-39.0,True,41.0,1.0,-2.0,6.0,
2022,3,401404070,Nebraska,Oklahoma,False,False,10.5,14.0,False,10.5,-1.0,-3.5,6.0,6.0
2022,3,401405085,Wisconsin,New Mexico State,False,False,-37.625,-37.0,True,37.625,1.0,-0.625,7.0,6.0
2022,4,401411123,Wake Forest,Clemson,False,True,7.625,7.0,False,7.625,1.0,0.625,6.0,6.0
2022,4,401411119,Louisville,South Florida,False,False,-15.5,-13.0,True,15.5,1.0,-2.5,7.0,6.0
2022,4,401416604,Eastern Michigan,Buffalo,False,True,-6.625,-4.5,True,6.625,-1.0,-2.125,6.0,6.0
2022,4,401403894,Auburn,Missouri,False,True,-7.5,-6.5,True,7.5,-1.0,-1.0,6.0,7.0
2022,4,401415220,Air Force,Nevada,False,True,-24.0,-25.0,True,24.0,1.0,1.0,7.0,6.0
2022,4,401426570,Houston,Rice,False,False,-17.5,-17.0,True,17.5,-1.0,-0.5,7.0,6.0
2022,4,401404160,Liberty,Akron,False,False,-26.5,-27.5,True,26.5,-1.0,1.0,7.0,6.0
2022,4,401415222,Utah State,UNLV,False,True,3.0,3.0,False,3.0,-1.0,0.0,14.0,7.0
2022,4,401415224,San Diego State,Toledo,False,False,2.875,0.0,False,2.875,1.0,2.875,6.0,6.0
2022,4,401415037,App State,James Madison,False,True,-6.25,-9.0,True,6.25,-1.0,2.75,7.0,13.0
2022,4,401426568,Miami,Middle Tennessee,False,False,-25.5,-26.0,True,25.5,-1.0,0.5,6.0,6.0
2022,4,401415040,Tulane,Southern Miss,False,False,-11.75,-11.5,True,11.75,-1.0,-0.25,7.0,7.0
2022,4,401404078,SMU,TCU,False,False,2.5,0.0,False,2.5,-1.0,2.5,6.0,13.0
2022,4,401426565,Western Kentucky,Florida International,False,True,-31.125,-27.5,True,31.125,1.0,-3.625,7.0,13.0
2022,4,401403895,Georgia,Kent State,False,False,-45.25,-42.0,True,45.25,-1.0,-3.25,7.0,7.0
2022,4,401414781,Temple,Massachusetts,False,False,-10.125,-9.5,True,10.125,1.0,-0.625,7.0,6.0
2022,4,401426336,UL Monroe,Louisiana,False,True,9.5,10.5,False,9.5,1.0,-1.0,7.0,7.0
2022,4,401404126,North Carolina,Notre Dame,False,False,-2.625,1.0,True,2.625,-1.0,-3.625,14.0,7.0
2022,4,401426566,Purdue,Florida Atlantic,False,False,-16.25,-19.5,True,16.25,-1.0,3.25,7.0,7.0
2022,4,401411117,Syracuse,Virginia,False,True,-9.625,-9.5,True,9.625,-1.0,-0.125,6.0,6.0
2022,4,401415225,San José State,Western Michigan,False,False,-6.5,-3.5,True,6.5,1.0,-3.0,14.0,7.0
2022,4,401411116,Virginia Tech,West Virginia,False,False,2.125,3.0,False,2.125,-1.0,-0.875,5.0,5.0
2022,4,401403892,Alabama,Vanderbilt,False,True,-40.5,-40.0,True,40.5,1.0,-0.5,7.0,7.0
2022,4,401426569,Memphis,North Texas,False,False,-12.75,-12.5,True,12.75,-1.0,-0.25,6.0,7.0
2022,4,401403897,LSU,New Mexico,False,False,-31.5,-29.0,True,31.5,1.0,-2.5,7.0,6.0
2022,4,401403898,Ole Miss,Tulsa,False,False,-21.0,-20.5,True,21.0,-1.0,-0.5,7.0,6.0
2022,4,401426571,UTEP,Boise State,False,False,16.25,15.5,False,16.25,1.0,0.75,6.0,6.0
2022,4,401411122,UCF,Georgia Tech,False,False,-21.125,-18.0,True,21.125,-1.0,-3.125,6.0,7.0
2022,4,401415223,BYU,Wyoming,False,False,-21.25,-21.0,True,21.25,-1.0,-0.25,7.0,8.0
2022,4,401405092,Michigan State,Minnesota,False,True,3.0,-2.0,False,3.0,-1.0,5.0,6.0,7.0
2022,4,401416605,Georgia Southern,Ball State,False,False,-9.5,-8.5,True,9.5,1.0,-1.0,7.0,7.0
2022,4,401426393,Troy,Marshall,False,True,3.25,4.0,False,3.25,1.0,-0.75,7.0,7.0
2022,4,401404150,NC State,UConn,False,False,-38.5,-39.5,True,38.5,-1.0,1.0,7.0,7.0
2022,4,401426567,South Alabama,Louisiana Tech,False,False,-13.125,-12.5,True,13.125,1.0,-0.625,7.0,6.0
2022,4,401426335,Old Dominion,Arkansas State,False,True,-4.875,-3.5,True,4.875,-1.0,-1.375,7.0,6.0
2022,4,401426564,South Carolina,Charlotte,False,False,-23.5,-23.0,True,23.5,1.0,-0.5,7.0,7.0
2022,4,401415624,East Carolina,Navy,False,True,-16.5,-17.5,True,16.5,-1.0,1.0,7.0,14.0
2022,4,401403896,Kentucky,Northern Illinois,False,False,-26.875,-25.0,True,26.875,-1.0,-1.875,7.0,7.0
2022,4,401405091,Rutgers,Iowa,False,True,7.625,7.0,False,7.625,-1.0,0.625,7.0,6.0
2022,5,401405099,Wisconsin,Illinois,False,True,-6.5,-8.5,True,6.5,-1.0,2.0,6.0,8.0
2022,5,401415229,UNLV,New Mexico,False,True,-14.0,-16.0,True,14.0,-1.0,2.0,6.0,6.0
2022,5,401404002,Arizona,Colorado,False,True,-17.75,-18.0,True,17.75,1.0,0.25,7.0,7.0
2022,5,401416609,Akron,Bowling Green,False,True,9.0,6.5,False,9.0,1.0,2.5,6.0,7.0
2022,5,401411124,Boston College,Louisville,False,True,13.375,16.0,False,13.375,1.0,-2.625,6.0,7.0
2022,5,401405105,Penn State,Northwestern,False,True,-25.375,-25.5,True,25.375,-1.0,0.125,7.0,6.0
2022,5,401403906,Mississippi State,Texas A&M,False,True,-4.0,-2.5,True,4.0,1.0,-1.5,7.0,6.0
2022,5,401416611,Kent State,Ohio,False,True,-12.875,-7.0,True,12.875,-1.0,-5.875,7.0,7.0
2022,5,401404006,Utah,Oregon State,False,True,-10.5,-11.0,True,10.5,1.0,0.5,6.0,6.0
2022,5,401404084,Kansas,Iowa State,False,True,3.625,3.0,False,3.625,1.0,0.625,7.0,7.0
2022,5,401416608,Ball State,Northern Illinois,False,True,3.25,3.5,False,3.25,1.0,-0.25,6.0,6.0
2022,5,401426577,Rice,UAB,False,True,10.5,9.5,False,10.5,1.0,1.0,7.0,14.0
2022,5,401415625,Houston,Tulane,False,True,-5.375,-3.0,True,5.375,-1.0,-2.375,6.0,6.0
2022,5,401426573,Charlotte,UTEP,False,True,3.5,3.0,False,3.5,-1.0,0.5,6.0,7.0
2022,5,401403902,Arkansas,Alabama,False,True,17.0,16.0,False,17.0,-1.0,1.0,6.0,6.0
2022,5,401416607,Toledo,Central Michigan,False,True,-6.5,-6.5,True,6.5,1.0,0.0,7.0,7.0
2022,6,401415629,UCF,SMU,False,True,-3.0,-3.5,True,3.0,1.0,0.5,11.0,11.0
2022,5,401426341,Louisiana,South Alabama,False,True,8.5,5.5,False,8.5,1.0,3.0,6.0,6.0
2022,5,401404083,Baylor,Oklahoma State,False,True,-2.375,-2.5,True,2.375,-1.0,0.125,7.0,13.0
2022,5,401415230,Wyoming,San José State,False,True,2.5,-1.0,False,2.5,-1.0,3.5,6.0,6.0
2022,5,401404086,TCU,Oklahoma,False,True,5.0,5.0,False,5.0,1.0,0.0,7.0,6.0
2022,5,401404151,UConn,Fresno State,False,False,23.25,24.0,False,23.25,1.0,-0.75,6.0,13.0
2022,5,401404003,USC,Arizona State,False,True,-24.5,-24.0,True,24.5,-1.0,-0.5,7.0,7.0
2022,5,401415228,Boise State,San Diego State,False,True,-6.0,-5.5,True,6.0,1.0,-0.5,6.0,6.0
2022,5,401405103,Maryland,Michigan State,False,True,-7.5,-7.5,True,7.5,1.0,0.0,7.0,7.0
2022,5,401404085,Kansas State,Texas Tech,False,True,-7.5,-7.5,True,7.5,1.0,0.0,6.0,6.0
2022,5,401404087,Texas,West Virginia,False,True,-7.5,-10.0,True,7.5,1.0,2.5,7.0,9.0
2022,5,401415226,BYU,Utah State,False,False,-26.0,-24.0,True,26.0,-1.0,-2.0,4.0,5.0
2022,5,401415628,Memphis,Temple,False,True,-18.375,-20.5,True,18.375,1.0,2.125,6.0,6.0
2022,5,401404005,Oregon,Stanford,False,True,-17.5,-16.0,True,17.5,1.0,-1.5,7.0,7.0
2022,5,401405100,Iowa,Michigan,False,True,10.625,10.0,False,10.625,-1.0,0.625,6.0,7.0
2022,5,401426576,Middle Tennessee,UTSA,False,True,4.5,6.0,False,4.5,-1.0,-1.5,6.0,6.0
2022,5,401404137,Army,Georgia State,False,False,-8.625,-9.5,True,8.625,-1.0,0.875,14.0,8.0
2022,5,401403905,Ole Miss,Kentucky,False,True,-6.375,-6.0,True,6.375,-1.0,-0.375,6.0,6.0
2022,5,401426337,Coastal Carolina,Georgia Southern,False,True,-9.875,-10.0,True,9.875,-1.0,0.125,8.0,7.0
2022,5,401415227,Air Force,Navy,False,False,-13.875,-16.0,True,13.875,-1.0,2.125,7.0,6.0
2022,5,401404161,Old Dominion,Liberty,False,False,3.5,2.0,False,3.5,-1.0,1.5,7.0,7.0
2022,5,401411125,Clemson,NC State,False,True,-6.5,-7.0,True,6.5,1.0,0.5,7.0,7.0
2022,5,401403903,Auburn,LSU,False,True,8.0,7.5,False,8.0,1.0,0.5,7.0,6.0
2022,5,401405102,Nebraska,Indiana,False,True,-6.625,-3.5,True,6.625,1.0,-3.125,14.0,7.0
2022,5,401426575,North Texas,Florida Atlantic,False,True,3.0,3.0,False,3.0,1.0,0.0,7.0,6.0
2022,5,401411129,Pittsburgh,Georgia Tech,False,True,-21.5,-20.0,True,21.5,-1.0,-1.5,7.0,7.0
2022,5,401426578,Western Kentucky,Troy,False,False,-5.125,-6.0,True,5.125,-1.0,0.875,7.0,7.0
2022,5,401404007,UCLA,Washington,False,True,2.5,3.0,False,2.5,1.0,-0.5,6.0,6.0
2022,5,401426338,James Madison,Texas State,False,True,-21.75,-20.5,True,21.75,1.0,-1.25,6.0,6.0
2022,5,401416610,Buffalo,Miami (OH),False,True,-3.0,1.5,True,3.0,1.0,-4.5,7.0,6.0
2022,5,401411126,Duke,Virginia,False,True,-2.0,-1.5,True,2.0,1.0,-0.5,7.0,8.0
2022,5,401405101,Minnesota,Purdue,False,True,-9.125,-10.0,True,9.125,-1.0,0.875,6.0,6.0
2022,5,401414782,Eastern Michigan,Massachusetts,False,False,-19.75,-20.0,True,19.75,-1.0,0.25,7.0,7.0
2022,5,401415626,South Florida,East Carolina,True,True,9.625,8.0,False,9.625,-1.0,1.625,7.0,6.0
2022,5,401411128,North Carolina,Virginia Tech,False,True,-9.5,-8.5,True,9.5,1.0,-1.0,7.0,8.0
2022,5,401411127,Florida State,Wake Forest,False,True,-5.875,-6.0,True,5.875,-1.0,0.125,6.0,7.0
2022,5,401404004,Washington State,California,False,True,-4.0,-4.5,True,4.0,1.0,0.5,7.0,7.0
2022,5,401426340,Arkansas State,UL Monroe,False,True,-7.375,-7.5,True,7.375,1.0,0.125,7.0,6.0
2022,5,401403907,Missouri,Georgia,False,True,30.875,27.5,False,30.875,1.0,3.375,7.0,7.0
2022,5,401426574,New Mexico State,Florida International,False,False,-15.75,-15.0,True,15.75,-1.0,-0.75,7.0,7.0
2022,6,401426581,UAB,Middle Tennessee,False,True,-10.0,-9.5,True,10.0,1.0,-0.5,6.0,7.0
2022,5,401403904,Florida,Eastern Washington,False,False,-32.0,-32.0,True,32.0,1.0,0.0,7.0,21.0
2022,6,401416615,Northern Illinois,Toledo,False,True,6.5,6.0,False,6.5,-1.0,0.5,7.0,7.0
2022,6,401405108,Indiana,Michigan,False,True,23.5,21.5,False,23.5,1.0,2.0,6.0,7.0
2022,6,401415632,Navy,Tulsa,False,True,4.5,6.0,False,4.5,1.0,-1.5,7.0,6.0
2022,6,401416617,Bowling Green,Buffalo,False,True,2.0,-1.5,False,2.0,-1.0,3.5,6.0,6.0
2022,6,401404009,Arizona State,Washington,False,True,13.5,13.0,False,13.5,1.0,0.5,6.0,7.0
2022,6,401411134,NC State,Florida State,False,True,-3.5,-3.5,True,3.5,-1.0,0.0,7.0,7.0
2022,6,401404010,Stanford,Oregon State,False,True,4.375,7.0,False,4.375,1.0,-2.625,7.0,7.0
2022,6,401404127,Notre Dame,BYU,True,True,-3.625,-2.5,True,3.625,1.0,-1.125,14.0,8.0
2022,6,401426342,Georgia State,Georgia Southern,False,True,-2.5,-2.5,True,2.5,1.0,0.0,7.0,6.0
2022,6,401426580,Louisiana Tech,UTEP,False,True,-1.75,-1.5,True,1.75,1.0,-0.25,14.0,7.0
2022,6,401411132,Georgia Tech,Duke,False,True,3.5,3.5,False,3.5,1.0,0.0,6.0,6.0
2022,6,401403915,Vanderbilt,Ole Miss,False,True,17.0,18.5,False,17.0,-1.0,-1.5,13.0,7.0
2022,6,401426343,Arkansas State,James Madison,False,True,11.375,10.5,False,11.375,-1.0,0.875,7.0,7.0
2022,6,401416616,Ohio,Akron,False,True,-10.0,-11.5,True,10.0,1.0,1.5,6.0,6.0
2022,6,401403910,Florida,Missouri,False,True,-10.75,-10.0,True,10.75,-1.0,-0.75,6.0,6.0
2022,6,401415630,Memphis,Houston,False,True,-1.375,-3.0,True,1.375,-1.0,1.625,6.0,7.0
2022,6,401405109,Maryland,Purdue,False,True,-3.0,-3.5,True,3.0,-1.0,0.5,6.0,7.0
2022,6,401416614,Western Michigan,Eastern Michigan,False,True,-4.375,-4.0,True,4.375,-1.0,-0.375,6.0,6.0
2022,6,401403912,Kentucky,South Carolina,False,True,-4.375,-10.5,True,4.375,-1.0,6.125,7.0,9.0
2022,6,401415231,Utah State,Air Force,False,True,11.5,9.0,False,11.5,1.0,2.5,8.0,7.0
2022,6,401426346,Troy,Southern Miss,False,True,-7.0,-6.5,True,7.0,1.0,-0.5,7.0,14.0
2022,6,401415633,Cincinnati,South Florida,False,True,-27.0,-27.5,True,27.0,-1.0,0.5,6.0,7.0
2022,6,401405106,Illinois,Iowa,False,True,-3.625,-4.0,True,3.625,-1.0,0.375,7.0,7.0
2022,6,401415235,San Diego State,Hawai'i,False,True,-23.75,-21.0,True,23.75,-1.0,-2.75,8.0,14.0
2022,6,401411136,Virginia,Louisville,False,True,-1.5,4.5,True,1.5,-1.0,-6.0,6.0,7.0
2022,6,401415232,Boise State,Fresno State,False,True,-10.125,-7.0,True,10.125,1.0,-3.125,8.0,7.0
2022,6,401404012,USC,Washington State,False,True,-12.375,-11.0,True,12.375,1.0,-1.375,6.0,7.0
2022,6,401426579,Florida International,UConn,False,False,5.5,4.5,False,5.5,-1.0,1.0,6.0,7.0
2022,6,401403909,Alabama,Texas A&M,False,True,-24.125,-24.0,True,24.125,-1.0,-0.125,7.0,7.0
2022,6,401404011,UCLA,Utah,False,True,3.125,3.5,False,3.125,1.0,-0.375,7.0,7.0
2022,6,401426345,Texas State,App State,False,True,19.375,19.0,False,19.375,1.0,0.375,7.0,7.0
2022,6,401405107,Northwestern,Wisconsin,False,True,10.0,9.5,False,10.0,-1.0,0.5,7.0,7.0
2022,6,401405110,Michigan State,Ohio State,False,True,27.125,25.5,False,27.125,-1.0,1.625,7.0,7.0
2022,6,401411133,Miami,North Carolina,False,True,-4.0,-3.0,True,4.0,-1.0,-1.0,14.0,7.0
2022,6,401426582,UTSA,Western Kentucky,False,True,-6.5,-5.0,True,6.5,-1.0,-1.5,7.0,6.0
2022,6,401405111,Rutgers,Nebraska,False,True,3.0,2.5,False,3.0,1.0,0.5,6.0,5.0
2022,6,401404088,Iowa State,Kansas State,False,True,1.125,2.0,False,1.125,1.0,-0.875,7.0,7.0
2022,6,401415234,New Mexico,Wyoming,False,True,3.0,3.5,False,3.0,-1.0,-0.5,7.0,6.0
2022,6,401411135,Pittsburgh,Virginia Tech,False,True,-14.5,-14.5,True,14.5,1.0,0.0,6.0,7.0
2022,6,401426344,UL Monroe,Coastal Carolina,False,True,12.5,15.0,False,12.5,1.0,-2.5,7.0,7.0
2022,6,401404138,Wake Forest,Army,False,False,-16.125,-15.5,True,16.125,1.0,-0.625,7.0,7.0
2022,6,401404008,Arizona,Oregon,False,True,13.5,11.0,False,13.5,-1.0,2.5,6.0,6.0
2022,6,401415233,Nevada,Colorado State,False,True,-3.5,-3.0,True,3.5,-1.0,-0.5,14.0,13.0
2022,6,401411131,Boston College,Clemson,False,True,21.0,20.5,False,21.0,-1.0,0.5,7.0,7.0
2022,6,401415236,San José State,UNLV,False,True,-6.5,-5.0,True,6.5,1.0,-1.5,6.0,6.0
2022,6,401404091,Oklahoma State,Texas Tech,False,True,-11.375,-10.0,True,11.375,-1.0,-1.375,7.0,7.0
2022,6,401416613,Central Michigan,Ball State,False,True,-7.5,-9.0,True,7.5,-1.0,1.5,7.0,7.0
2022,6,401416618,Miami (OH),Kent State,False,True,5.125,3.5,False,5.125,1.0,1.625,7.0,7.0
2022,6,401404090,Oklahoma,Texas,True,True,7.5,6.0,False,7.5,-1.0,1.5,7.0,6.0
2022,6,401403913,LSU,Tennessee,False,True,2.5,3.0,False,2.5,-1.0,-0.5,6.0,13.0
2022,6,401403911,Georgia,Auburn,False,True,-27.625,-28.5,True,27.625,1.0,0.875,6.0,6.0
2022,6,401404164,Massachusetts,Liberty,False,True,22.625,25.5,False,22.625,1.0,-2.875,7.0,6.0
2022,6,401415631,Tulane,East Carolina,False,True,-2.625,-3.0,True,2.625,1.0,0.375,7.0,7.0
2022,7,401416623,Western Michigan,Ohio,False,True,-2.0,-2.0,True,2.0,-1.0,0.0,7.0,7.0
2022,7,401415240,Hawai'i,Nevada,False,True,6.25,4.5,False,6.25,1.0,1.75,7.0,8.0
2022,7,401411140,Virginia Tech,Miami,False,True,8.875,7.0,False,8.875,1.0,1.875,6.0,6.0
2022,7,401415634,UCF,Temple,False,True,-23.5,-24.5,True,23.5,1.0,1.0,8.0,12.0
2022,7,401426349,Georgia Southern,James Madison,False,True,13.0,10.5,False,13.0,1.0,2.5,7.0,6.0
2022,7,401426347,Marshall,Louisiana,False,True,-10.25,-7.5,True,10.25,-1.0,-2.75,11.0,11.0
2022,7,401415635,SMU,Navy,False,True,-12.375,-11.0,True,12.375,-1.0,-1.375,9.0,6.0
2022,7,401415238,Colorado State,Utah State,False,True,14.0,9.0,False,14.0,1.0,5.0,7.0,7.0
2022,7,401404015,Oregon State,Washington State,False,True,-3.0,-3.5,True,3.0,1.0,0.5,6.0,7.0
2022,7,401426348,Coastal Carolina,Old Dominion,False,True,-11.25,-11.0,True,11.25,-1.0,-0.25,6.0,13.0
2022,7,401405114,Indiana,Maryland,False,True,10.875,10.5,False,10.875,1.0,0.375,7.0,7.0
2022,7,401411139,Syracuse,NC State,False,True,-3.0,-6.0,True,3.0,1.0,3.0,13.0,6.0
2022,7,401415637,East Carolina,Memphis,False,True,-5.5,-3.5,True,5.5,-1.0,-2.0,7.0,8.0
2022,7,401403918,Georgia,Vanderbilt,False,True,-37.5,-38.0,True,37.5,1.0,0.5,7.0,6.0
2022,7,401404094,Oklahoma,Kansas,False,True,-10.5,-7.0,True,10.5,-1.0,-3.5,7.0,7.0
2022,7,401416619,Akron,Central Michigan,False,True,12.0,13.5,False,12.0,1.0,-1.5,6.0,6.0
2022,7,401405115,Michigan,Penn State,False,True,-7.0,-7.5,True,7.0,1.0,0.5,7.0,13.0
2022,7,401426585,Florida Atlantic,Rice,False,True,-4.875,-5.0,True,4.875,-1.0,0.125,14.0,13.0
2022,7,401405116,Michigan State,Wisconsin,False,True,7.0,5.5,False,7.0,1.0,1.5,7.0,7.0
2022,7,401416622,Bowling Green,Miami (OH),False,True,7.0,7.0,False,7.0,1.0,0.0,7.0,6.0
2022,7,401426583,UAB,Charlotte,False,True,-22.125,-23.5,True,22.125,-1.0,1.375,7.0,13.0
2022,7,401426350,South Alabama,UL Monroe,False,True,-17.0,-17.5,True,17.0,-1.0,0.5,14.0,6.0
2022,7,401404013,Washington,Arizona,False,True,-14.5,-15.5,True,14.5,-1.0,1.0,7.0,6.0
2022,7,401426584,Florida International,UTSA,False,True,33.5,34.0,False,33.5,1.0,-0.5,6.0,6.0
2022,7,401426587,Middle Tennessee,Western Kentucky,False,True,7.5,7.0,False,7.5,-1.0,0.5,7.0,6.0
2022,7,401426351,Southern Miss,Arkansas State,False,True,-4.5,-4.0,True,4.5,-1.0,-0.5,7.0,7.0
2022,7,401416620,Eastern Michigan,Northern Illinois,False,True,-3.5,-3.0,True,3.5,-1.0,-0.5,7.0,7.0
2022,7,401404153,Ball State,UConn,False,False,-9.5,-9.5,True,9.5,-1.0,0.0,6.0,6.0
2022,7,401403921,Tennessee,Alabama,False,True,9.0,7.0,False,9.0,1.0,2.0,7.0,6.0
2022,7,401411137,Duke,North Carolina,False,True,6.875,6.0,False,6.875,1.0,0.875,7.0,7.0
2022,7,401404017,Utah,USC,False,True,-3.5,-3.5,True,3.5,-1.0,0.0,7.0,7.0
2022,7,401426352,Troy,Texas State,False,True,-16.375,-16.0,True,16.375,-1.0,-0.375,6.0,6.0
2022,7,401415636,South Florida,Tulane,False,True,11.875,10.5,False,11.875,-1.0,1.375,7.0,7.0
2022,7,401409239,New Mexico State,New Mexico,False,False,7.0,6.0,False,7.0,1.0,1.0,14.0,7.0
2022,7,401404016,Notre Dame,Stanford,False,False,-16.5,-15.0,True,16.5,-1.0,-1.5,7.0,6.0
2022,7,401403919,Kentucky,Mississippi State,False,True,3.5,6.0,False,3.5,1.0,-2.5,7.0,7.0
2022,7,401404014,Colorado,California,False,True,15.0,14.5,False,15.0,1.0,0.5,13.0,13.0
2022,7,401404092,West Virginia,Baylor,False,True,3.0,3.5,False,3.0,1.0,-0.5,11.0,12.0
2022,7,401404095,TCU,Oklahoma State,False,True,-5.125,-3.5,True,5.125,-1.0,-1.625,7.0,7.0
2022,7,401405113,Purdue,Nebraska,False,True,-14.0,-11.5,True,14.0,-1.0,-2.5,7.0,8.0
2022,7,401414783,Massachusetts,Buffalo,False,False,16.875,16.0,False,16.875,-1.0,0.875,6.0,7.0
2022,7,401415237,UNLV,Air Force,False,True,10.125,9.5,False,10.125,-1.0,0.625,8.0,7.0
2022,7,401411138,Florida State,Clemson,False,True,4.5,4.0,False,4.5,-1.0,0.5,6.0,7.0
2022,7,401416621,Toledo,Kent State,False,True,-7.125,-9.0,True,7.125,1.0,1.875,7.0,7.0
2022,7,401404093,Texas,Iowa State,False,True,-15.5,-14.5,True,15.5,-1.0,-1.0,7.0,6.0
2022,7,401405112,Illinois,Minnesota,False,True,4.5,3.5,False,4.5,1.0,1.0,6.0,14.0
2022,7,401415239,Fresno State,San José State,False,True,7.0,6.5,False,7.0,1.0,0.5,7.0,8.0
2022,7,401403916,BYU,Arkansas,False,False,-0.75,-3.0,True,0.75,-1.0,2.25,6.0,7.0
2022,7,401426586,North Texas,Louisiana Tech,False,True,-6.5,-6.0,True,6.5,1.0,-0.5,14.0,6.0
2022,8,401415243,New Mexico,Fresno State,False,True,9.75,12.5,False,9.75,-1.0,-2.75,6.0,6.0
2022,8,401404128,Notre Dame,UNLV,False,False,-26.0,-24.0,True,26.0,-1.0,-2.0,6.0,6.0
2022,8,401426356,Old Dominion,Georgia Southern,False,True,-1.5,-2.5,True,1.5,-1.0,1.0,7.0,6.0
2022,8,401404018,Stanford,Arizona State,False,True,-3.0,-3.5,True,3.0,-1.0,0.5,6.0,14.0
2022,8,401403922,Alabama,Mississippi State,False,True,-21.25,-21.5,True,21.25,1.0,0.25,7.0,6.0
2022,8,401403925,South Carolina,Texas A&M,False,True,3.0,3.5,False,3.0,1.0,-0.5,14.0,13.0
2022,8,401416627,Miami (OH),Western Michigan,False,True,-7.0,-5.5,True,7.0,-1.0,-1.5,7.0,7.0
2022,8,401404098,Oklahoma State,Texas,False,True,6.5,4.0,False,6.5,1.0,2.5,7.0,7.0
2022,8,401426592,Western Kentucky,UAB,False,True,-1.25,-2.5,True,1.25,1.0,1.25,6.0,6.0
2022,8,401426591,UTSA,North Texas,False,True,-10.0,-9.5,True,10.0,-1.0,-0.5,7.0,6.0
2022,8,401404163,Liberty,BYU,False,True,7.0,5.5,False,7.0,1.0,1.5,7.0,7.0
2022,8,401405119,Ohio State,Iowa,False,True,-29.75,-29.0,True,29.75,1.0,-0.75,13.0,13.0
2022,8,401404019,California,Washington,False,True,7.5,7.5,False,7.5,1.0,0.0,7.0,7.0
2022,8,401411141,Georgia Tech,Virginia,False,True,-3.5,-3.5,True,3.5,-1.0,0.0,12.0,12.0
2022,8,401426590,Louisiana Tech,Rice,False,True,3.0,2.5,False,3.0,1.0,0.5,6.0,6.0
2022,8,401404097,TCU,Kansas State,False,True,-3.375,-5.0,True,3.375,1.0,1.625,7.0,14.0
2022,8,401426353,App State,Georgia State,False,True,-9.375,-10.0,True,9.375,1.0,0.625,11.0,11.0
2022,8,401415242,Colorado State,Hawai'i,False,True,-6.0,-5.5,True,6.0,-1.0,-0.5,6.0,6.0
2022,8,401411144,Miami,Duke,False,True,-10.0,-9.0,True,10.0,-1.0,-1.0,7.0,6.0
2022,8,401411145,Wake Forest,Boston College,False,True,-20.0,-20.5,True,20.0,1.0,0.5,13.0,13.0
2022,8,401415244,Wyoming,Utah State,False,True,-5.25,-3.5,True,5.25,1.0,-1.75,14.0,7.0
2022,8,401426589,UTEP,Florida Atlantic,False,True,3.0,4.0,False,3.0,1.0,-1.0,13.0,6.0
2022,8,401415241,Air Force,Boise State,False,True,-2.25,-4.0,True,2.25,-1.0,1.75,6.0,13.0
2022,8,401426354,South Alabama,Troy,False,True,-3.0,-3.5,True,3.0,-1.0,0.5,5.0,5.0
2022,8,401415638,Temple,Tulsa,False,True,13.625,13.0,False,13.625,1.0,0.625,8.0,13.0
2022,8,401415641,SMU,Cincinnati,False,True,3.625,3.0,False,3.625,1.0,0.625,7.0,13.0
2022,8,401404099,Texas Tech,West Virginia,False,True,-4.875,-4.0,True,4.875,1.0,-0.875,13.0,8.0
2022,8,401426588,Charlotte,Florida International,False,True,-13.875,-14.5,True,13.875,-1.0,0.625,7.0,7.0
2022,8,401404096,Baylor,Kansas,False,True,-10.5,-9.0,True,10.5,1.0,-1.5,8.0,7.0
2022,8,401405118,Maryland,Northwestern,False,True,-14.25,-14.0,True,14.25,-1.0,-0.25,7.0,14.0
2022,8,401415245,Nevada,San Diego State,False,True,7.25,9.0,False,7.25,-1.0,-1.75,6.0,14.0
2022,8,401415639,Tulane,Memphis,False,True,-7.0,-6.0,True,7.0,1.0,-1.0,6.0,6.0
2022,8,401405117,Wisconsin,Purdue,False,True,-1.5,-1.5,True,1.5,1.0,0.0,6.0,6.0
2022,8,401405121,Rutgers,Indiana,False,True,-3.0,-3.0,True,3.0,1.0,0.0,14.0,6.0
2022,8,401411142,Clemson,Syracuse,False,True,-14.0,-13.0,True,14.0,-1.0,-1.0,6.0,6.0
2022,8,401404021,Oregon,UCLA,False,True,-7.0,-6.0,True,7.0,1.0,-1.0,13.0,14.0
2022,8,401411143,Louisville,Pittsburgh,False,True,-1.375,-1.5,True,1.375,1.0,0.125,14.0,14.0
2022,8,401415640,Navy,Houston,False,True,3.0,3.0,False,3.0,-1.0,0.0,7.0,14.0
2022,8,401403923,LSU,Ole Miss,False,True,0.0,1.5,False,0.0,1.0,-1.5,6.0,7.0
2022,8,401403924,Missouri,Vanderbilt,False,True,-14.0,-15.0,True,14.0,-1.0,1.0,14.0,7.0
2022,8,401404020,Oregon State,Colorado,False,True,-22.875,-23.5,True,22.875,1.0,0.625,6.0,7.0
2022,8,401405120,Penn State,Minnesota,False,True,-5.5,-5.0,True,5.5,1.0,-0.5,7.0,7.0
2022,9,401426359,Southern Miss,Louisiana,False,True,2.5,2.0,False,2.5,1.0,0.5,5.0,5.0
2022,9,401409242,Massachusetts,New Mexico State,False,True,1.0,3.0,False,1.0,-1.0,-2.0,14.0,13.0
2022,9,401405125,Michigan,Michigan State,False,True,-22.375,-22.5,True,22.375,-1.0,0.125,14.0,14.0
2022,9,401411146,NC State,Virginia Tech,False,True,-13.25,-13.5,True,13.25,-1.0,0.25,12.0,12.0
2022,9,401416630,Eastern Michigan,Toledo,False,True,4.125,8.5,False,4.125,1.0,-4.375,6.0,6.0
2022,9,401426593,Rice,Charlotte,False,True,-15.125,-16.5,True,15.125,-1.0,1.375,6.0,6.0
2022,9,401426363,Arkansas State,South Alabama,False,True,9.0,10.0,False,9.0,-1.0,-1.0,6.0,8.0
2022,9,401404023,Colorado,Arizona State,False,True,13.0,13.0,False,13.0,1.0,0.0,6.0,7.0
2022,9,401415246,Boise State,Colorado State,False,True,-25.0,-28.0,True,25.0,1.0,3.0,7.0,7.0
2022,9,401404025,UCLA,Stanford,False,True,-16.5,-16.0,True,16.5,1.0,-0.5,7.0,7.0
2022,9,401426597,Western Kentucky,North Texas,False,True,-10.0,-9.5,True,10.0,-1.0,-0.5,7.0,7.0
2022,9,401404102,Kansas State,Oklahoma State,False,True,-2.375,1.0,True,2.375,1.0,-3.375,6.0,7.0
2022,9,401404022,Arizona,USC,False,True,14.125,15.5,False,14.125,1.0,-1.375,14.0,13.0
2022,9,401415249,San José State,Nevada,False,True,-24.375,-25.0,True,24.375,-1.0,0.625,13.0,7.0
2022,9,401404129,Syracuse,Notre Dame,False,False,0.25,-2.0,False,0.25,-1.0,2.25,7.0,6.0
2022,9,401405123,Minnesota,Rutgers,False,True,-14.125,-14.0,True,14.125,1.0,-0.125,6.0,7.0
2022,9,401403928,Georgia,Florida,True,True,-23.0,-22.0,True,23.0,-1.0,-1.0,14.0,13.0
2022,9,401404101,Texas Tech,Baylor,False,True,-1.5,-2.0,True,1.5,-1.0,0.5,7.0,7.0
2022,9,401416631,Akron,Miami (OH),False,True,9.125,9.0,False,9.125,-1.0,0.125,7.0,6.0
2022,9,401403927,Auburn,Arkansas,False,True,4.0,4.0,False,4.0,-1.0,0.0,14.0,13.0
2022,9,401405124,Nebraska,Illinois,False,True,7.5,6.0,False,7.5,-1.0,1.5,13.0,14.0
2022,9,401405126,Penn State,Ohio State,False,True,15.625,15.0,False,15.625,1.0,0.625,6.0,7.0
2022,9,401426594,Florida International,Louisiana Tech,False,True,6.375,9.5,False,6.375,1.0,-3.125,6.0,6.0
2022,9,401404100,Iowa State,Oklahoma,False,True,1.625,2.5,False,1.625,-1.0,-0.875,14.0,14.0
2022,9,401403929,South Carolina,Missouri,False,True,-3.5,-6.0,True,3.5,-1.0,2.5,6.0,7.0
2022,9,401411150,Virginia,Miami,False,True,3.0,2.5,False,3.0,1.0,0.5,8.0,7.0
2022,9,401411147,Florida State,Georgia Tech,False,True,-23.625,-20.5,True,23.625,1.0,-3.125,13.0,8.0
2022,9,401405122,Iowa,Northwestern,False,True,-11.5,-11.0,True,11.5,1.0,-0.5,7.0,7.0
2022,9,401426595,Florida Atlantic,UAB,False,True,4.75,5.0,False,4.75,1.0,-0.25,7.0,7.0
2022,9,401404154,UConn,Boston College,False,False,7.875,9.0,False,7.875,1.0,-1.125,13.0,6.0
2022,9,401404026,Washington State,Utah,False,True,7.25,,False,7.25,1.0,,12.0,12.0
2022,9,401404103,West Virginia,TCU,False,True,7.0,6.5,False,7.0,-1.0,0.5,6.0,6.0
2022,9,401426361,Georgia State,Old Dominion,False,True,-3.625,-4.0,True,3.625,1.0,0.375,9.0,6.0
2022,9,401415647,Tulsa,SMU,False,True,1.125,3.0,False,1.125,-1.0,-1.875,7.0,7.0
2022,9,401415247,Hawai'i,Wyoming,False,True,11.625,11.0,False,11.625,1.0,0.625,7.0,7.0
2022,9,401411149,North Carolina,Pittsburgh,False,True,-2.625,-4.0,True,2.625,1.0,1.375,14.0,7.0
2022,9,401426596,UTEP,Middle Tennessee,False,True,-2.5,-1.5,True,2.5,-1.0,-1.0,7.0,14.0
2022,9,401426362,Marshall,Coastal Carolina,False,True,-2.5,-2.0,True,2.5,-1.0,-0.5,7.0,14.0
2022,9,401411148,Louisville,Wake Forest,False,True,3.0,5.0,False,3.0,1.0,-2.0,6.0,7.0
2022,9,401403930,Tennessee,Kentucky,False,True,-10.75,-13.0,True,10.75,1.0,2.25,7.0,13.0
2022,9,401415248,Fresno State,San Diego State,False,True,-10.625,-8.0,True,10.625,-1.0,-2.625,7.0,7.0
2022,10,401411156,Virginia,North Carolina,False,True,7.25,9.5,False,7.25,1.0,-2.25,6.0,6.0
2022,10,401426601,Rice,UTEP,False,True,-3.5,-3.5,True,3.5,1.0,0.0,5.0,4.0
2022,10,401404104,Oklahoma,Baylor,False,True,-3.0,-3.5,True,3.0,-1.0,0.5,7.0,6.0
2022,10,401403937,Texas A&M,Florida,False,True,-1.5,-3.0,True,1.5,-1.0,1.5,6.0,6.0
2022,10,401405127,Illinois,Michigan State,False,True,-16.125,-15.5,True,16.125,-1.0,-0.625,7.0,6.0
2022,10,401405131,Wisconsin,Maryland,False,True,-5.125,-5.5,True,5.125,1.0,0.375,13.0,13.0
2022,10,401404155,UConn,Massachusetts,False,False,-15.125,-15.5,True,15.125,1.0,0.375,6.0,6.0
2022,10,401411151,Boston College,Duke,False,True,12.0,9.5,False,12.0,1.0,2.5,6.0,13.0
2022,10,401415652,SMU,Houston,False,True,-3.5,-2.5,True,3.5,1.0,-1.0,7.0,7.0
2022,10,401415252,Utah State,New Mexico,False,True,-14.5,-15.5,True,14.5,1.0,1.0,13.0,13.0
2022,10,401405128,Nebraska,Minnesota,False,True,14.5,12.5,False,14.5,1.0,2.0,6.0,6.0
2022,10,401411154,NC State,Wake Forest,False,True,3.0,3.5,False,3.0,1.0,-0.5,9.0,7.0
2022,10,401403936,Missouri,Kentucky,False,True,-0.75,2.5,True,0.75,-1.0,-3.25,6.0,6.0
2022,10,401403932,Arkansas,Liberty,False,False,-14.5,-14.0,True,14.5,-1.0,-0.5,7.0,14.0
2022,10,401405129,Northwestern,Ohio State,False,True,37.625,38.5,False,37.625,1.0,-0.875,6.0,7.0
2022,10,401426364,Coastal Carolina,App State,False,True,3.0,2.0,False,3.0,1.0,1.0,5.0,5.0
2022,10,401416635,Bowling Green,Western Michigan,False,True,-5.0,-3.5,True,5.0,-1.0,-1.5,11.0,11.0
2022,10,401426598,Charlotte,Western Kentucky,False,True,14.5,16.5,False,14.5,-1.0,-2.0,6.0,6.0
2022,10,401405130,Purdue,Iowa,False,True,-3.5,-4.0,True,3.5,-1.0,0.5,13.0,6.0
2022,10,401404141,Army,Air Force,True,False,7.0,6.0,False,7.0,1.0,1.0,13.0,13.0
2022,10,401411152,Louisville,James Madison,False,False,-6.5,-8.5,True,6.5,1.0,2.0,7.0,14.0
2022,10,401404031,Washington,Oregon State,False,True,-4.5,-4.5,True,4.5,-1.0,0.0,13.0,13.0
2022,10,401411157,Virginia Tech,Georgia Tech,False,True,-4.125,-4.0,True,4.125,-1.0,-0.125,8.0,7.0
2022,10,401404030,Colorado,Oregon,False,True,31.0,31.0,False,31.0,-1.0,0.0,6.0,7.0
2022,10,401403935,Mississippi State,Auburn,False,True,-12.5,-11.0,True,12.5,-1.0,-1.5,14.0,7.0
2022,10,401415651,Memphis,UCF,False,True,3.0,5.0,False,3.0,-1.0,-2.0,14.0,7.0
2022,10,401404105,Iowa State,West Virginia,False,True,-6.5,-6.5,True,6.5,1.0,0.0,7.0,7.0
2022,10,401404032,Stanford,Washington State,False,True,3.0,4.5,False,3.0,-1.0,-1.5,6.0,8.0
2022,10,401403934,LSU,Alabama,False,True,13.5,13.0,False,13.5,1.0,0.5,14.0,14.0
2022,10,401426599,North Texas,Florida International,False,True,-21.375,-21.5,True,21.375,1.0,0.125,7.0,7.0
2022,10,401415251,San José State,Colorado State,False,True,-23.875,-22.0,True,23.875,-1.0,-1.875,7.0,7.0
2022,10,401426600,Louisiana Tech,Middle Tennessee,False,True,2.5,2.5,False,2.5,1.0,0.0,7.0,6.0
2022,10,401405133,Rutgers,Michigan,False,True,26.375,26.5,False,26.375,-1.0,-0.125,7.0,7.0
2022,10,401405132,Indiana,Penn State,False,True,13.5,13.5,False,13.5,-1.0,0.0,14.0,7.0
2022,10,401415253,Fresno State,Hawai'i,False,True,-27.375,-23.0,True,27.375,1.0,-4.375,7.0,6.0
2022,10,401403938,Vanderbilt,South Carolina,False,True,6.5,7.0,False,6.5,-1.0,-0.5,14.0,7.0
2022,10,401411155,Pittsburgh,Syracuse,False,True,-3.5,-3.5,True,3.5,1.0,0.0,6.0,7.0
2022,10,401404106,Kansas,Oklahoma State,False,True,-1.75,3.5,True,1.75,1.0,-5.25,14.0,7.0
2022,10,401415650,Cincinnati,Navy,False,True,-18.5,-20.5,True,18.5,-1.0,2.0,7.0,7.0
2022,10,401404028,Arizona State,UCLA,False,True,11.0,10.5,False,11.0,-1.0,0.5,7.0,7.0
2022,10,401403933,Georgia,Tennessee,False,True,-9.625,-8.5,True,9.625,1.0,-1.125,7.0,6.0
2022,10,401404130,Notre Dame,Clemson,False,False,3.625,4.0,False,3.625,1.0,-0.375,7.0,14.0
2022,10,401416632,Kent State,Ball State,False,True,-7.0,-4.0,True,7.0,-1.0,-3.0,10.0,10.0
2022,10,401426602,UAB,UTSA,False,True,2.5,1.0,False,2.5,-1.0,1.5,6.0,14.0
2022,10,401404108,TCU,Texas Tech,False,True,-8.625,-10.0,True,8.625,1.0,1.375,7.0,6.0
2022,10,401415250,Boise State,BYU,False,False,-9.375,-8.5,True,9.375,-1.0,-0.875,7.0,7.0
2022,10,401404107,Kansas State,Texas,False,True,3.0,1.5,False,3.0,-1.0,1.5,7.0,14.0
2022,10,401404027,Utah,Arizona,False,True,-17.75,-17.0,True,17.75,1.0,-0.75,8.0,7.0
2022,10,401411153,Miami,Florida State,False,True,6.5,8.5,False,6.5,-1.0,-2.0,7.0,7.0
2022,10,401404029,USC,California,False,True,-21.125,-19.5,True,21.125,-1.0,-1.625,7.0,7.0
2022,11,401426370,Louisiana,Georgia Southern,False,True,-3.5,-3.5,True,3.5,1.0,0.0,5.0,5.0
2022,11,401405139,Ohio State,Indiana,False,True,-40.125,-40.0,True,40.125,1.0,-0.125,7.0,6.0
2022,11,401415259,UNLV,Fresno State,False,True,8.625,8.5,False,8.625,1.0,0.125,6.0,6.0
2022,11,401416639,Western Michigan,Northern Illinois,False,True,0.5,0.0,False,0.5,-1.0,0.5,7.0,7.0
2022,11,401426605,UTSA,Louisiana Tech,False,True,-17.125,-18.0,True,17.125,1.0,0.875,7.0,7.0
2022,11,401415655,Houston,Temple,False,True,-20.0,-20.0,True,20.0,-1.0,0.0,6.0,7.0
2022,11,401405134,Illinois,Purdue,False,True,-6.0,-6.5,True,6.0,-1.0,0.5,6.0,7.0
2022,11,401426603,Middle Tennessee,Charlotte,False,True,-9.875,-11.5,True,9.875,1.0,1.625,7.0,7.0
2022,11,401426607,Western Kentucky,Rice,False,True,-13.375,-13.0,True,13.375,1.0,-0.375,7.0,8.0
2022,11,401426606,UAB,North Texas,False,True,-6.5,-6.0,True,6.5,1.0,-0.5,7.0,7.0
2022,11,401415256,Air Force,New Mexico,False,True,-21.0,-24.0,True,21.0,1.0,3.0,7.0,7.0
2022,11,401411164,Wake Forest,North Carolina,False,True,-4.5,-3.5,True,4.5,-1.0,-1.0,7.0,7.0
2022,11,401415657,Tulane,UCF,False,True,-1.0,-2.0,True,1.0,-1.0,1.0,7.0,7.0
2022,11,401416640,Central Michigan,Buffalo,False,True,-2.75,0.0,True,2.75,1.0,-2.75,7.0,8.0
2022,11,401404035,Washington State,Arizona State,False,True,-9.5,-9.0,True,9.5,1.0,-0.5,7.0,6.0
2022,11,401404142,Troy,Army,False,False,-8.5,-9.0,True,8.5,-1.0,0.5,6.0,7.0
2022,11,401415260,San Diego State,San José State,False,True,2.25,2.0,False,2.25,1.0,0.25,7.0,7.0
2022,11,401426373,Marshall,App State,False,True,2.0,0.0,False,2.0,1.0,2.0,7.0,8.0
2022,11,401404036,Oregon State,California,False,True,-11.5,-13.5,True,11.5,1.0,2.0,7.0,6.0
2022,11,401416641,Bowling Green,Kent State,False,True,2.75,2.5,False,2.75,-1.0,0.25,7.0,8.0
2022,11,401415656,South Florida,SMU,False,True,17.5,17.0,False,17.5,-1.0,0.5,6.0,6.0
2022,11,401404033,USC,Colorado,False,True,-34.375,-34.0,True,34.375,1.0,-0.375,6.0,6.0
2022,11,401403945,Tennessee,Missouri,False,True,-19.0,-21.0,True,19.0,1.0,2.0,6.0,7.0
2022,11,401403944,Mississippi State,Georgia,False,True,16.125,16.5,False,16.125,-1.0,-0.375,7.0,7.0
2022,11,401404037,Oregon,Washington,False,True,-12.0,-12.5,True,12.0,-1.0,0.5,7.0,7.0
2022,11,401426375,South Alabama,Texas State,False,True,-16.125,-16.0,True,16.125,1.0,-0.125,7.0,7.0
2022,11,401411159,Duke,Virginia Tech,False,True,-10.0,-10.0,True,10.0,1.0,0.0,7.0,7.0
2022,11,401415654,Cincinnati,East Carolina,False,True,-4.625,-6.5,True,4.625,-1.0,1.875,6.0,14.0
2022,11,401415258,Colorado State,Wyoming,False,True,8.5,8.5,False,8.5,1.0,0.0,6.0,13.0
2022,11,401404156,UConn,Liberty,False,False,13.5,14.5,False,13.5,1.0,-1.0,7.0,6.0
2022,11,401416636,Toledo,Ball State,False,True,-13.0,-12.0,True,13.0,-1.0,-1.0,10.0,7.0
2022,11,401404034,UCLA,Arizona,False,True,-19.875,-19.5,True,19.875,-1.0,-0.375,7.0,7.0
2022,11,401416638,Miami (OH),Ohio,False,True,2.375,1.0,False,2.375,-1.0,1.375,10.0,7.0
2022,11,401405135,Iowa,Wisconsin,False,True,0.125,-1.5,False,0.125,1.0,1.625,7.0,7.0
2022,11,401403943,Ole Miss,Alabama,False,True,10.875,12.0,False,10.875,1.0,-1.125,13.0,6.0
2022,11,401403939,Arkansas,LSU,False,True,5.0,3.0,False,5.0,1.0,2.0,6.0,6.0
2022,11,401405136,Minnesota,Northwestern,False,True,-17.0,-18.0,True,17.0,1.0,1.0,7.0,7.0
2022,11,401404038,Utah,Stanford,False,True,-23.875,-23.0,True,23.875,1.0,-0.875,7.0,7.0
2022,11,401426372,Georgia State,UL Monroe,False,True,-13.5,-13.5,True,13.5,-1.0,0.0,6.0,6.0
2022,11,401414784,Arkansas State,Massachusetts,False,False,-17.25,-18.0,True,17.25,-1.0,0.75,14.0,7.0
2022,11,401411158,Clemson,Louisville,False,True,-7.0,-7.0,True,7.0,1.0,0.0,6.0,6.0
2022,11,401416637,Akron,Eastern Michigan,False,True,6.25,9.0,False,6.25,1.0,-2.75,10.0,10.0
2022,11,401405137,Michigan,Nebraska,False,True,-30.5,-28.5,True,30.5,1.0,-2.0,6.0,7.0
2022,11,401403941,Florida,South Carolina,False,True,-8.0,-8.0,True,8.0,1.0,0.0,7.0,6.0
2022,11,401411160,Georgia Tech,Miami,False,True,-2.0,-1.5,True,2.0,-1.0,-0.5,7.0,6.0
2022,11,401415653,Memphis,Tulsa,False,True,-6.625,-6.5,True,6.625,1.0,-0.125,5.0,5.0
2022,11,401415255,Nevada,Boise State,False,True,20.875,20.5,False,20.875,-1.0,0.375,14.0,7.0
2022,11,401403940,Auburn,Texas A&M,False,True,-1.5,-1.5,True,1.5,1.0,0.0,7.0,7.0
2022,11,401415257,Hawai'i,Utah State,False,True,10.375,11.5,False,10.375,1.0,-1.125,7.0,7.0
2022,11,401426371,Coastal Carolina,Southern Miss,False,True,-4.875,-11.5,True,4.875,-1.0,6.625,9.0,7.0
2022,11,401411162,Syracuse,Florida State,False,True,7.125,6.5,False,7.125,-1.0,0.625,7.0,7.0
2022,11,401411161,NC State,Boston College,False,True,-18.125,-19.0,True,18.125,-1.0,0.875,6.0,7.0
2022,11,401405140,Penn State,Maryland,False,True,-10.375,-11.5,True,10.375,1.0,1.125,7.0,7.0
2022,11,401403942,Kentucky,Vanderbilt,False,True,-17.0,-17.5,True,17.0,-1.0,0.5,7.0,6.0
2022,11,401405138,Michigan State,Rutgers,False,True,-10.0,-11.5,True,10.0,-1.0,1.5,6.0,6.0
2022,11,401426374,Old Dominion,James Madison,False,True,7.5,7.5,False,7.5,-1.0,0.0,7.0,6.0
2022,11,401404111,Texas Tech,Kansas,False,True,-3.5,-3.5,True,3.5,1.0,0.0,7.0,7.0
2022,12,401416643,Ball State,Ohio,False,True,3.5,4.5,False,3.5,-1.0,-1.0,6.0,6.0
2022,12,401416642,Toledo,Bowling Green,False,True,-14.625,-15.0,True,14.625,-1.0,0.375,6.0,6.0
2022,12,401403952,Missouri,New Mexico State,False,False,-29.0,-27.5,True,29.0,1.0,-1.5,7.0,7.0
2022,12,401416644,Kent State,Eastern Michigan,False,True,-7.625,-7.0,True,7.625,-1.0,-0.625,6.0,7.0
2022,12,401405147,Rutgers,Penn State,False,True,18.625,19.0,False,18.625,-1.0,-0.375,7.0,7.0
2022,12,401416646,Northern Illinois,Miami (OH),False,True,-0.5,-3.0,True,0.5,-1.0,2.5,7.0,7.0
2022,12,401404116,Kansas,Texas,False,True,9.0,9.0,False,9.0,-1.0,0.0,6.0,6.0
2022,12,401426379,Southern Miss,South Alabama,False,True,7.5,7.0,False,7.5,1.0,0.5,6.0,6.0
2022,12,401415658,Tulane,SMU,False,True,-3.5,-3.0,True,3.5,1.0,-0.5,5.0,5.0
2022,12,401411168,North Carolina,Georgia Tech,False,True,-21.25,-20.0,True,21.25,-1.0,-1.25,6.0,7.0
2022,12,401415265,Utah State,San José State,False,True,-1.125,3.0,True,1.125,1.0,-4.125,6.0,6.0
2022,12,401404039,Arizona,Washington State,False,True,4.0,4.5,False,4.0,-1.0,-0.5,6.0,6.0
2022,12,401415659,Tulsa,South Florida,False,True,-13.625,-12.0,True,13.625,-1.0,-1.625,8.0,6.0
2022,12,401426609,UTEP,Florida International,False,True,-14.0,-14.5,True,14.0,1.0,0.5,15.0,6.0
2022,12,401415661,UCF,Navy,False,True,-15.125,-16.5,True,15.125,-1.0,1.375,6.0,6.0
2022,12,401403949,Kentucky,Georgia,False,True,22.5,22.5,False,22.5,1.0,0.0,7.0,6.0
2022,12,401404041,California,Stanford,False,True,-5.0,-5.5,True,5.0,1.0,0.5,6.0,6.0
2022,12,401405142,Nebraska,Wisconsin,False,True,10.0,13.0,False,10.0,1.0,-3.0,6.0,6.0
2022,12,401426380,Texas State,Arkansas State,False,True,-6.0,-5.0,True,6.0,-1.0,-1.0,7.0,7.0
2022,12,401426376,App State,Old Dominion,False,True,-16.125,-14.5,True,16.125,-1.0,-1.625,6.0,7.0
2022,12,401426613,Auburn,Western Kentucky,False,False,-5.0,-6.5,True,5.0,1.0,1.5,6.0,7.0
2022,12,401415262,Air Force,Colorado State,False,True,-21.625,-22.5,True,21.625,-1.0,0.875,7.0,7.0
2022,12,401415266,Hawai'i,UNLV,False,True,11.0,10.0,False,11.0,1.0,1.0,7.0,8.0
2022,12,401405143,Purdue,Northwestern,False,True,-17.375,-18.0,True,17.375,-1.0,0.625,7.0,6.0
2022,12,401426381,Troy,UL Monroe,False,True,-15.0,-15.5,True,15.0,1.0,0.5,7.0,7.0
2022,12,401405145,Michigan,Illinois,False,True,-17.0,-17.5,True,17.0,-1.0,0.5,6.0,7.0
2022,12,401403955,Vanderbilt,Florida,False,True,14.0,14.5,False,14.0,1.0,-0.5,7.0,6.0
2022,12,401426378,James Madison,Georgia State,False,True,-10.0,-9.5,True,10.0,-1.0,-0.5,7.0,7.0
2022,12,401415663,Temple,Cincinnati,False,True,17.0,18.0,False,17.0,-1.0,-1.0,7.0,7.0
2022,12,401411166,Florida State,Louisiana,False,False,-25.0,-23.5,True,25.0,1.0,-1.5,6.0,8.0
2022,12,401403954,Texas A&M,Massachusetts,False,False,-32.0,-34.0,True,32.0,-1.0,2.0,6.0,6.0
2022,12,401404165,Liberty,Virginia Tech,False,False,-10.5,-9.5,True,10.5,-1.0,-1.0,7.0,7.0
2022,12,401426608,Charlotte,Louisiana Tech,False,True,2.0,3.0,False,2.0,1.0,-1.0,7.0,7.0
2022,12,401404143,Army,UConn,False,False,-10.375,-10.0,True,10.375,1.0,-0.375,6.0,7.0
2022,12,401405146,Michigan State,Indiana,False,True,-12.125,-11.5,True,12.125,-1.0,-0.625,7.0,7.0
2022,12,401404117,West Virginia,Kansas State,False,True,8.125,7.5,False,8.125,-1.0,0.625,7.0,6.0
2022,12,401404040,Arizona State,Oregon State,False,True,7.375,7.0,False,7.375,-1.0,0.375,6.0,6.0
2022,12,401411169,Pittsburgh,Duke,False,True,-6.625,-8.0,True,6.625,-1.0,1.375,7.0,7.0
2022,12,401404114,Baylor,TCU,False,True,2.0,2.5,False,2.0,1.0,-0.5,6.0,6.0
2022,12,401426611,Rice,UTSA,False,True,14.0,12.5,False,14.0,-1.0,1.5,6.0,6.0
2022,12,401405144,Maryland,Ohio State,False,True,26.25,27.5,False,26.25,1.0,-1.25,7.0,7.0
2022,12,401411165,Clemson,Miami,False,True,-18.875,-19.5,True,18.875,1.0,0.625,7.0,7.0
2022,12,401415660,East Carolina,Houston,False,True,-6.0,-6.5,True,6.0,-1.0,0.5,7.0,6.0
2022,12,401404132,Notre Dame,Boston College,False,False,-20.0,-21.5,True,20.0,1.0,1.5,7.0,6.0
2022,12,401426610,Middle Tennessee,Florida Atlantic,False,True,5.375,4.5,False,5.375,1.0,0.875,7.0,6.0
2022,12,401411167,Louisville,NC State,False,True,-4.0,-5.5,True,4.0,1.0,1.5,7.0,7.0
2022,12,401405141,Minnesota,Iowa,False,True,-2.0,-2.5,True,2.0,-1.0,0.5,7.0,7.0
2022,12,401426377,Georgia Southern,Marshall,False,True,6.0,3.5,False,6.0,-1.0,2.5,8.0,7.0
2022,12,401404115,Iowa State,Texas Tech,False,True,-3.5,-3.5,True,3.5,-1.0,0.0,7.0,7.0
2022,12,401415261,Wyoming,Boise State,False,True,14.5,12.5,False,14.5,1.0,2.0,7.0,6.0
2022,12,401403953,South Carolina,Tennessee,False,True,22.625,21.0,False,22.625,1.0,1.625,7.0,7.0
2022,12,401404118,Oklahoma,Oklahoma State,False,True,-7.0,-6.5,True,7.0,1.0,-0.5,7.0,7.0
2022,12,401403947,Arkansas,Ole Miss,False,True,0.25,3.0,False,0.25,1.0,-2.75,7.0,7.0
2022,12,401411171,Wake Forest,Syracuse,False,True,-9.5,-10.0,True,9.5,1.0,0.5,7.0,7.0
2022,12,401404044,UCLA,USC,False,True,2.375,3.0,False,2.375,-1.0,-0.625,6.0,7.0
2022,12,401426612,LSU,UAB,False,False,-15.25,-14.5,True,15.25,1.0,-0.75,7.0,7.0
2022,12,401404042,Washington,Colorado,False,True,-30.375,-30.5,True,30.375,1.0,0.125,7.0,7.0
2022,12,401404043,Oregon,Utah,False,True,-0.125,-2.5,True,0.125,1.0,2.375,7.0,7.0
2022,12,401415263,Nevada,Fresno State,False,True,22.625,22.5,False,22.625,-1.0,0.125,7.0,8.0
2022,13,401416648,Miami (OH),Ball State,False,True,-2.5,-2.0,True,2.5,-1.0,-0.5,6.0,7.0
2022,13,401416649,Ohio,Bowling Green,False,True,-5.5,-7.0,True,5.5,1.0,1.5,7.0,7.0
2022,13,401416651,Western Michigan,Toledo,False,True,8.375,8.0,False,8.375,1.0,0.375,8.0,9.0
2022,13,401415269,Boise State,Utah State,False,True,-16.625,-16.5,True,16.625,1.0,-0.125,5.0,5.0
2022,13,401415268,Colorado State,New Mexico,False,True,-7.25,-7.0,True,7.25,1.0,-0.25,5.0,6.0
2022,13,401415270,Fresno State,Wyoming,False,True,-14.25,-14.5,True,14.25,1.0,0.25,5.0,6.0
2022,13,401405150,Wisconsin,Minnesota,False,True,-3.0,-3.0,True,3.0,-1.0,0.0,7.0,6.0
2022,13,401404047,Oregon State,Oregon,False,True,-1.125,2.5,True,1.125,1.0,-3.625,7.0,6.0
2022,13,401426615,Florida Atlantic,Western Kentucky,False,True,7.5,7.5,False,7.5,1.0,0.0,6.0,6.0
2022,13,401426618,UTSA,UTEP,False,True,-16.5,-17.5,True,16.5,-1.0,1.0,7.0,6.0
2022,13,401426383,James Madison,Coastal Carolina,False,True,-15.625,-14.0,True,15.625,1.0,-1.625,6.0,13.0
2022,13,401416653,Buffalo,Kent State,False,True,-4.5,-4.5,True,4.5,-1.0,0.0,16.0,9.0
2022,13,401405152,Maryland,Rutgers,False,True,-14.5,-14.5,True,14.5,1.0,0.0,6.0,6.0
2022,13,401405151,Indiana,Purdue,False,True,10.0,10.0,False,10.0,-1.0,0.0,7.0,7.0
2022,13,401403960,Kentucky,Louisville,False,False,-3.5,-3.5,True,3.5,1.0,0.0,6.0,6.0
2022,13,401426386,Texas State,Louisiana,False,True,5.0,,False,5.0,-1.0,,7.0,7.0
2022,13,401415267,San Diego State,Air Force,False,True,2.0,1.5,False,2.0,-1.0,0.5,7.0,7.0
2022,13,401411175,Miami,Pittsburgh,False,True,4.5,5.5,False,4.5,-1.0,-1.0,7.0,7.0
2022,13,401404133,USC,Notre Dame,False,False,-4.25,-5.0,True,4.25,1.0,0.75,6.0,7.0
2022,13,401411173,Boston College,Syracuse,False,True,10.375,10.0,False,10.375,1.0,0.375,7.0,6.0
2022,13,401426389,South Alabama,Old Dominion,False,True,-16.625,-15.5,True,16.625,-1.0,-1.125,6.0,6.0
2022,13,401403959,Georgia,Georgia Tech,False,False,-36.5,-36.5,True,36.5,-1.0,0.0,6.0,6.0
2022,13,401404144,Massachusetts,Army,False,True,20.0,,False,20.0,-1.0,,7.0,7.0
2022,13,401404121,Kansas State,Kansas,False,True,-12.0,-11.5,True,12.0,1.0,-0.5,7.0,7.0
2022,13,401405153,Ohio State,Michigan,False,True,-9.0,-7.5,True,9.0,-1.0,-1.5,6.0,7.0
2022,13,401403962,Clemson,South Carolina,False,False,-14.0,-14.0,True,14.0,-1.0,0.0,6.0,6.0
2022,13,401411174,Duke,Wake Forest,False,True,3.0,3.0,False,3.0,1.0,0.0,7.0,6.0
2022,13,401426617,North Texas,Rice,False,True,-14.5,-14.5,True,14.5,-1.0,0.0,13.0,7.0
2022,13,401411172,North Carolina,NC State,False,True,-6.125,-6.0,True,6.125,-1.0,-0.125,5.0,6.0
2022,13,401415667,South Florida,UCF,False,True,20.0,20.0,False,20.0,1.0,0.0,7.0,7.0
2022,13,401426616,Louisiana Tech,UAB,False,True,18.125,17.5,False,18.125,1.0,0.625,7.0,6.0
2022,13,401415271,San José State,Hawai'i,False,True,-15.25,-15.0,True,15.25,-1.0,-0.25,6.0,6.0
2022,13,401404048,Colorado,Utah,False,True,29.875,30.0,False,29.875,-1.0,-0.125,6.0,6.0
2022,13,401426382,Georgia Southern,App State,False,True,6.625,5.0,False,6.625,1.0,1.625,7.0,7.0
2022,13,401415272,UNLV,Nevada,False,True,-12.5,,True,12.5,-1.0,,6.0,6.0
2022,13,401416650,Eastern Michigan,Central Michigan,False,True,-1.0,1.5,True,1.0,1.0,-2.5,8.0,8.0
2022,13,401404119,Texas,Baylor,False,True,-10.0,-9.0,True,10.0,1.0,-1.0,5.0,6.0
2022,13,401404045,Arizona,Arizona State,False,True,-4.125,-4.0,True,4.125,-1.0,-0.125,6.0,6.0
2022,13,401426614,Florida International,Middle Tennessee,False,True,19.5,19.5,False,19.5,1.0,0.0,7.0,7.0
2022,13,401404120,TCU,Iowa State,False,True,-9.5,-10.0,True,9.5,1.0,0.5,7.0,6.0
2022,13,401405149,Northwestern,Illinois,False,True,14.75,14.0,False,14.75,-1.0,0.75,7.0,7.0
2022,13,401415666,SMU,Memphis,False,True,-4.5,-4.0,True,4.5,-1.0,-0.5,8.0,7.0
2022,13,401404122,Texas Tech,Oklahoma,False,True,1.625,2.5,False,1.625,1.0,-0.875,7.0,7.0
2022,13,401405148,Iowa,Nebraska,False,True,-10.5,,True,10.5,-1.0,,6.0,6.0
2022,13,401403957,Alabama,Auburn,False,True,-21.875,-22.0,True,21.875,1.0,0.125,7.0,6.0
2022,13,401404051,Washington State,Washington,False,True,2.375,2.5,False,2.375,-1.0,-0.125,7.0,7.0
2022,13,401403956,Ole Miss,Mississippi State,False,True,-2.5,-2.0,True,2.5,-1.0,-0.5,4.0,5.0
2022,13,401403963,Texas A&M,LSU,False,True,10.0,10.0,False,10.0,1.0,0.0,7.0,6.0
2022,13,401404123,Oklahoma State,West Virginia,False,True,-5.5,-8.5,True,5.5,-1.0,3.0,6.0,6.0
2022,13,401426384,Arkansas State,Troy,False,True,13.5,,False,13.5,-1.0,,6.0,7.0
2022,13,401404166,Liberty,New Mexico State,False,True,-24.0,-24.5,True,24.0,-1.0,0.5,7.0,6.0
2022,13,401416652,Northern Illinois,Akron,False,True,-9.5,-9.5,True,9.5,-1.0,0.0,9.0,17.0
2022,13,401426390,Marshall,Georgia State,False,True,-6.5,-6.5,True,6.5,-1.0,0.0,6.0,6.0
2022,13,401404049,Stanford,BYU,False,False,6.375,7.0,False,6.375,-1.0,-0.625,7.0,7.0
2022,13,401415668,Houston,Tulsa,False,True,-13.0,-12.0,True,13.0,-1.0,-1.0,7.0,7.0
2022,13,401426385,UL Monroe,Southern Miss,False,True,3.0,3.5,False,3.0,-1.0,-0.5,7.0,7.0
2022,13,401415665,Cincinnati,Tulane,False,True,1.0,-2.5,False,1.0,-1.0,3.5,5.0,7.0
2022,13,401415664,Temple,East Carolina,False,True,9.5,12.5,False,9.5,1.0,-3.0,6.0,6.0
2022,13,401403961,Missouri,Arkansas,False,True,3.125,3.0,False,3.125,1.0,0.125,5.0,5.0
2022,13,401405154,Penn State,Michigan State,False,True,-19.125,-18.5,True,19.125,-1.0,-0.625,7.0,7.0
2022,13,401403964,Vanderbilt,Tennessee,False,True,14.0,,False,14.0,-1.0,,7.0,7.0
2022,14,401437037,Troy,Coastal Carolina,False,True,-6.625,-4.5,True,6.625,1.0,-2.125,7.0,7.0
2022,14,401437030,TCU,Kansas State,True,True,0.5,-1.5,False,0.5,-1.0,2.0,6.0,6.0
2022,14,401437032,UTSA,North Texas,False,True,-8.375,-8.5,True,8.375,1.0,0.125,6.0,6.0
2022,14,401437034,Boise State,Fresno State,False,True,-3.0,-4.5,True,3.0,-1.0,1.5,8.0,7.0
2022,14,401506450,Buffalo,Akron,False,True,-12.0,-14.5,True,12.0,-1.0,2.5,6.0,5.0
2022,14,401437035,USC,Utah,True,True,-2.75,-1.0,True,2.75,-1.0,-1.75,6.0,6.0
2022,14,401437008,Tulane,UCF,False,True,-3.5,-2.5,True,3.5,1.0,-1.0,8.0,6.0
2022,14,401437033,Ohio,Toledo,True,True,3.5,4.0,False,3.5,-1.0,-0.5,10.0,8.0
2022,1,401442015,Georgia,Ohio State,True,False,-5.125,-7.0,True,5.125,-1.0,1.875,28.0,35.0
2022,14,401437031,Michigan,Purdue,True,True,-15.625,-15.5,True,15.625,1.0,-0.125,7.0,7.0
2022,1,401442004,San José State,Eastern Michigan,True,False,-3.5,-4.5,True,3.5,-1.0,1.0,24.0,25.0
2022,1,401442042,Houston,Louisiana,True,False,-5.25,-6.5,True,5.25,1.0,1.25,26.0,26.0
2022,1,401442040,Air Force,Baylor,True,False,3.375,6.5,False,3.375,1.0,-3.125,25.0,27.0
2022,1,401442014,Utah,Penn State,True,False,1.375,0.0,False,1.375,-1.0,1.375,30.0,37.0
2022,1,401442038,Fresno State,Washington State,True,False,-5.5,-4.5,True,5.5,1.0,-1.0,13.0,20.0
2022,1,401442001,Boise State,North Texas,True,False,-11.75,-8.5,True,11.75,-1.0,-3.25,14.0,15.0
2022,1,401441997,BYU,SMU,True,False,4.5,-1.5,False,4.5,1.0,6.0,20.0,21.0
2022,1,401442035,NC State,Maryland,True,False,-2.125,1.0,True,2.125,-1.0,-3.125,34.0,34.0
2022,1,401442008,Duke,UCF,True,False,-3.25,2.5,True,3.25,1.0,-5.75,31.0,24.0
2022,1,401442018,Kansas State,Alabama,True,False,7.625,5.5,False,7.625,-1.0,2.125,28.0,34.0
2022,1,401442003,UConn,Marshall,True,False,12.125,10.5,False,12.125,-1.0,1.625,30.0,23.0
2022,1,401441993,UAB,Miami (OH),True,False,-10.75,-11.0,True,10.75,-1.0,0.25,19.0,23.0
2022,1,401442036,South Carolina,Notre Dame,True,False,5.125,3.0,False,5.125,-1.0,2.125,34.0,33.0
2022,1,401442002,East Carolina,Coastal Carolina,True,False,-7.125,-7.0,True,7.125,1.0,-0.125,31.0,24.0
2022,1,401441999,Oregon State,Florida,True,False,-7.5,-5.5,True,7.5,1.0,-2.0,20.0,21.0
2022,1,401470891,North Carolina,Oregon,True,False,13.0,10.5,False,13.0,1.0,2.5,25.0,32.0
2022,1,401442030,Arkansas,Kansas,True,False,-1.375,-5.0,True,1.375,1.0,3.625,33.0,31.0
2022,1,401442041,Southern Miss,Rice,True,False,-6.625,-6.0,True,6.625,1.0,-0.625,21.0,21.0
2022,1,401442011,Illinois,Mississippi State,True,False,3.625,0.0,False,3.625,-1.0,3.625,36.0,38.0
2022,1,401442017,Kentucky,Iowa,True,False,3.0,-3.0,False,3.0,-1.0,6.0,34.0,35.0
2022,1,401441995,Louisville,Cincinnati,True,False,-2.5,-1.5,True,2.5,1.0,-1.0,20.0,21.0
2022,1,401442039,South Alabama,Western Kentucky,True,False,-3.75,-5.0,True,3.75,-1.0,1.25,25.0,25.0
2022,1,401442019,Clemson,Tennessee,True,False,-4.0,-4.5,True,4.0,-1.0,0.5,27.0,34.0
2022,1,401442000,Utah State,Memphis,True,False,8.0,9.5,False,8.0,-1.0,-1.5,32.0,30.0
2022,1,401442033,Florida State,Oklahoma,True,False,-10.375,-8.0,True,10.375,-1.0,-2.375,33.0,32.0
2022,1,401442016,Michigan,TCU,True,False,-7.875,-9.0,True,7.875,-1.0,1.125,27.0,28.0
2022,1,401442007,Missouri,Wake Forest,True,False,2.75,3.5,False,2.75,-1.0,-0.75,28.0,27.0
2022,15,401404145,Army,Navy,True,False,2.625,1.5,False,2.625,1.0,1.125,14.0,21.0
2022,1,401442031,Ole Miss,Texas Tech,True,False,-4.25,-4.0,True,4.25,-1.0,-0.25,34.0,32.0
2022,1,401442012,Purdue,LSU,True,False,15.125,10.0,False,15.125,-1.0,5.125,29.0,29.0
2022,1,401441994,Troy,UTSA,True,False,1.75,1.5,False,1.75,1.0,0.25,12.0,13.0
2022,1,401442013,USC,Tulane,True,False,-1.5,0.0,True,1.5,-1.0,-1.5,30.0,29.0
2022,1,401442032,Minnesota,Syracuse,True,False,-10.625,-7.0,True,10.625,-1.0,-3.625,32.0,32.0
2022,1,401442034,Washington,Texas,True,False,3.125,6.0,False,3.125,1.0,-2.875,32.0,34.0
2022,1,401441998,Buffalo,Georgia Southern,True,False,6.0,4.0,False,6.0,1.0,2.0,24.0,30.0
2022,1,401442037,Bowling Green,New Mexico State,True,False,-3.25,1.0,True,3.25,-1.0,-4.25,33.0,22.0
2022,1,401442006,Toledo,Liberty,True,False,-3.625,-1.5,True,3.625,-1.0,-2.125,17.0,24.0
2022,1,401442009,San Diego State,Middle Tennessee,True,False,-7.0,-3.5,True,7.0,-1.0,-3.5,27.0,28.0
2022,1,401442005,Oklahoma State,Wisconsin,True,False,4.875,3.5,False,4.875,-1.0,1.375,31.0,31.0
2022,1,401443542,UCLA,Pittsburgh,True,False,-8.625,-4.0,True,8.625,-1.0,-4.625,34.0,33.0
2022,1,401442010,Georgia,TCU,True,False,-13.5,-13.5,True,13.5,1.0,0.0,8.0,9.0
2022,2,401426549,North Texas,Texas Southern,False,False,-38.5,,True,38.5,-1.0,,7.0,
2022,2,401426550,Rice,McNeese,False,False,-7.25,,True,7.25,1.0,,7.0,
2022,2,401421117,UL Monroe,Nicholls,False,False,-4.5,,True,4.5,1.0,,7.0,7.0
2022,2,401405075,Indiana,Idaho,False,False,-24.5,,True,24.5,-1.0,,8.0,6.0
2022,4,401421129,Illinois,Chattanooga,False,False,-20.0,,True,20.0,1.0,,12.0,
2022,3,401404075,Oklahoma State,Arkansas-Pine Bluff,False,False,-54.5,,True,54.5,1.0,,6.0,
2022,3,401415218,Boise State,UT Martin,False,False,-24.75,,True,24.75,-1.0,,7.0,
2022,3,401403881,Arkansas,Missouri State,False,False,-26.0,,True,26.0,-1.0,,7.0,
2022,3,401411112,Duke,North Carolina A&T,False,False,-30.5,,True,30.5,-1.0,,7.0,
2022,3,401415621,East Carolina,Campbell,False,False,-32.5,,True,32.5,1.0,,7.0,
2022,2,401403874,Ole Miss,Central Arkansas,False,False,-36.5,,True,36.5,1.0,,7.0,
2022,2,401426546,Florida Atlantic,SE Louisiana,False,False,-11.5,,True,11.5,1.0,,7.0,6.0
2022,2,401411104,Georgia Tech,Western Carolina,False,False,-24.25,,True,24.25,-1.0,,4.0,
2022,2,401415615,Tulane,Alcorn State,False,False,-35.5,,True,35.5,1.0,,7.0,
2022,2,401415618,South Florida,Howard,False,False,-40.0,,True,40.0,-1.0,,7.0,
2022,2,401413257,San Diego State,Idaho State,False,False,-33.25,,True,33.25,-1.0,,7.0,14.0
2022,3,401403985,Arizona,North Dakota State,False,False,3.0,,False,3.0,1.0,,7.0,
2022,2,401403982,Utah,Southern Utah,False,False,-45.5,,True,45.5,1.0,,6.0,
2022,2,401411106,NC State,Charleston Southern,False,False,-45.5,,True,45.5,1.0,,7.0,
2022,2,401405071,Minnesota,Western Illinois,False,False,-41.0,,True,41.0,1.0,,8.0,
2022,2,401405074,Purdue,Indiana State,False,False,-37.0,,True,37.0,1.0,,8.0,
2022,2,401415216,Nevada,Incarnate Word,False,False,-4.0,,True,4.0,-1.0,,7.0,
2022,2,401416599,Miami (OH),Robert Morris,False,False,-30.0,,True,30.0,-1.0,,6.0,
2022,2,401423439,Troy,Alabama A&M,False,False,-37.5,,True,37.5,-1.0,,7.0,8.0
2022,2,401426547,Louisiana Tech,Stephen F. Austin,False,False,-6.5,,True,6.5,1.0,,8.0,
2022,2,401403873,LSU,Southern,False,False,-44.5,,True,44.5,1.0,,6.0,
2022,2,401403983,Washington,Portland State,False,False,-31.0,,True,31.0,1.0,,6.0,8.0
2022,2,401420788,James Madison,Norfolk State,False,False,-42.0,,True,42.0,1.0,,6.0,7.0
2022,2,401415616,SMU,Lamar,False,False,-48.5,,True,48.5,-1.0,,6.0,
2022,2,401404067,TCU,Tarleton State,False,False,-40.0,,True,40.0,1.0,,7.0,
2022,3,401415032,Southern Miss,Northwestern State,False,False,-32.75,,True,32.75,1.0,,7.0,
2022,3,401426557,Middle Tennessee,Tennessee State,False,False,-19.5,,True,19.5,1.0,,7.0,
2022,7,401404139,Army,Colgate,False,False,-31.0,,True,31.0,-1.0,,6.0,41.0
2022,7,401404162,Liberty,Gardner-Webb,False,False,-24.5,,True,24.5,-1.0,,7.0,14.0
2022,2,401403872,Georgia,Samford,False,False,-53.0,,True,53.0,-1.0,,7.0,
2022,2,401415614,Temple,Lafayette,False,False,-14.0,,True,14.0,1.0,,7.0,
2022,2,401403981,UCLA,Alabama State,False,False,-48.5,,True,48.5,-1.0,,7.0,
2022,2,401411102,Clemson,Furman,False,False,-45.5,,True,45.5,-1.0,,4.0,
2022,1,401411097,Miami,Bethune-Cookman,False,False,-49.5,,True,49.5,1.0,,,
2022,3,401403990,Oregon State,Montana State,True,False,-17.0,,True,17.0,1.0,,6.0,
2022,8,401403926,Tennessee,UT Martin,False,False,-38.75,,True,38.75,1.0,,6.0,34.0
2022,9,401426360,App State,Robert Morris,False,False,-50.0,,True,50.0,-1.0,,9.0,48.0
2022,3,401413216,Tulsa,Jacksonville State,False,False,-12.0,,True,12.0,1.0,,7.0,
2022,11,401409241,New Mexico State,Lamar,False,False,-22.0,,True,22.0,1.0,,13.0,62.0
2022,4,401426572,UTSA,Texas Southern,False,False,-42.0,,True,42.0,-1.0,,6.0,13.0
2022,4,401415221,Colorado State,Sacramento State,False,False,4.5,,False,4.5,-1.0,,6.0,
2022,5,401403908,South Carolina,South Carolina State,False,False,-40.5,,True,40.5,-1.0,,4.0,28.0
2022,12,401403946,Alabama,Austin Peay,False,False,-44.75,,True,44.75,-1.0,,6.0,84.0
2022,12,401403951,Mississippi State,East Tennessee State,False,False,-39.0,,True,39.0,1.0,,6.0,
2022,12,401415662,Memphis,North Alabama,False,False,-36.0,,True,36.0,1.0,,8.0,
2022,1,401404057,Iowa State,Southeast Missouri State,False,False,-33.5,,True,33.5,-1.0,,,
2022,2,401415177,Wyoming,Northern Colorado,False,False,-23.5,,True,23.5,-1.0,,7.0,
2022,2,401416595,Bowling Green,Eastern Kentucky,False,False,-7.5,,True,7.5,-1.0,,7.0,7.0
2022,2,401405081,Rutgers,Wagner,False,False,-48.5,,True,48.5,1.0,,7.0,
2022,5,401421140,App State,The Citadel,False,False,-39.5,,True,39.5,1.0,,7.0,
2022,5,401426339,Marshall,Gardner-Webb,False,False,-31.0,,True,31.0,-1.0,,6.0,20.0
2022,2,401416596,Buffalo,Holy Cross,False,False,-6.0,,True,6.0,-1.0,,7.0,
2022,2,401426332,Coastal Carolina,Gardner-Webb,False,False,-32.5,,True,32.5,-1.0,,6.0,
2022,14,401507088,New Mexico State,Valparaiso,False,False,-31.5,,True,31.5,1.0,,7.0,
2023,1,401523990,Colorado State,Washington State,False,False,10.375,14.25,False,10.375,-1.0,-3.875,,
2023,10,401520400,Massachusetts,Merrimack,False,False,-16.5,,True,16.5,-1.0,,7.0,
2023,10,401525451,Sam Houston,Kennesaw State,False,False,-16.5,,True,16.5,-1.0,,9.0,
2023,10,401525545,North Carolina,Campbell,False,False,-45.5,,True,45.5,1.0,,6.0,
2023,13,401531926,Louisiana,UL Monroe,False,True,-12.833333333333334,-12.25,True,12.833333333333334,1.0,-0.5833333333333339,6.0,7.0
2023,12,401531917,Georgia Southern,Old Dominion,False,True,-5.666666666666667,-7.0,True,5.666666666666667,-1.0,1.333333333333333,6.0,7.0
2023,11,401525549,North Carolina,Duke,False,True,-10.0,-9.0,True,10.0,-1.0,-1.0,7.0,9.0
2023,13,401525905,Oklahoma State,BYU,False,True,-16.5,-17.5,True,16.5,-1.0,1.0,6.0,7.0
2023,13,401532625,Boise State,Air Force,False,True,-6.5,-6.25,True,6.5,1.0,-0.25,5.0,6.0
2023,10,401520361,Air Force,Army,True,False,-18.0,-18.75,True,18.0,-1.0,0.75,6.0,7.0
2023,11,401532441,Miami (OH),Akron,False,True,-17.166666666666668,-17.0,True,17.166666666666668,1.0,-0.16666666666666785,11.0,7.0
2023,13,401532454,Ball State,Miami (OH),False,True,4.666666666666667,6.75,False,4.666666666666667,1.0,-2.083333333333333,6.0,9.0
2023,11,401532442,Kent State,Bowling Green,False,True,10.0,8.5,False,10.0,-1.0,1.5,7.0,7.0
2023,11,401532440,Toledo,Eastern Michigan,False,True,-19.333333333333332,-18.25,True,19.333333333333332,1.0,-1.0833333333333321,8.0,11.0
2023,13,401531410,South Florida,Charlotte,False,True,-6.666666666666667,-5.25,True,6.666666666666667,1.0,-1.416666666666667,7.0,7.0
2023,11,401532437,Northern Illinois,Ball State,False,True,-9.333333333333334,-10.25,True,9.333333333333334,-1.0,0.9166666666666661,7.0,6.0
2023,13,401525904,Kansas State,Iowa State,False,True,-10.166666666666666,-11.25,True,10.166666666666666,-1.0,1.083333333333334,7.0,7.0
2023,13,401520426,Arkansas,Missouri,False,True,8.833333333333334,7.25,False,8.833333333333334,-1.0,1.583333333333334,5.0,5.0
2023,12,401532620,Wyoming,Hawai'i,False,True,-13.666666666666666,-14.25,True,13.666666666666666,1.0,0.5833333333333339,7.0,6.0
2023,13,401520444,UTEP,Liberty,False,True,17.5,16.5,False,17.5,1.0,1.0,7.0,7.0
2023,12,401531918,James Madison,App State,False,True,-10.75,-11.75,True,10.75,-1.0,1.0,7.0,7.0
2023,11,401532438,Western Michigan,Central Michigan,False,True,-3.3333333333333335,-3.5,True,3.3333333333333335,1.0,0.16666666666666652,10.0,7.0
2023,11,401532439,Buffalo,Ohio,False,True,8.666666666666666,6.75,False,8.666666666666666,-1.0,1.916666666666666,7.0,10.0
2023,13,401520425,Nebraska,Iowa,False,True,-1.6666666666666667,0.5,True,1.6666666666666667,-1.0,-2.166666666666667,5.0,5.0
2023,13,401531928,Texas State,South Alabama,False,True,5.666666666666667,5.0,False,5.666666666666667,1.0,0.666666666666667,7.0,7.0
2023,12,401525898,Texas Tech,UCF,False,True,-2.5,-3.0,True,2.5,-1.0,0.5,7.0,7.0
2023,13,401525561,Duke,Pittsburgh,False,True,-5.166666666666667,-6.25,True,5.166666666666667,1.0,1.083333333333333,6.0,8.0
2023,11,401531911,Louisiana,Southern Miss,False,True,-9.333333333333334,-12.0,True,9.333333333333334,-1.0,2.666666666666666,5.0,5.0
2023,11,401525546,Louisville,Virginia,False,True,-20.0,-19.5,True,20.0,-1.0,-0.5,5.0,5.0
2023,13,401531394,Temple,Memphis,False,True,12.666666666666666,11.0,False,12.666666666666666,-1.0,1.666666666666666,5.0,6.0
2023,12,401531401,UTSA,South Florida,False,True,-14.833333333333334,-15.75,True,14.833333333333334,1.0,0.9166666666666661,6.0,6.0
2023,11,401531437,SMU,North Texas,False,True,-19.166666666666668,-15.5,True,19.166666666666668,1.0,-3.666666666666668,6.0,6.0
2023,13,401531346,East Carolina,Tulsa,False,True,-3.5,-3.0,True,3.5,-1.0,-0.5,7.0,6.0
2023,11,401520386,Kentucky,Alabama,False,True,10.666666666666666,3.5,False,10.666666666666666,-1.0,7.166666666666666,6.0,6.0
2023,11,401532618,UNLV,Wyoming,False,True,-2.6666666666666665,-2.75,True,2.6666666666666665,1.0,0.08333333333333348,6.0,7.0
2023,12,401525557,Georgia Tech,Syracuse,False,True,-6.166666666666667,-6.0,True,6.166666666666667,1.0,-0.16666666666666696,7.0,7.0
2023,13,401520442,Tennessee,Vanderbilt,False,True,-26.666666666666668,-25.5,True,26.666666666666668,-1.0,-1.1666666666666679,7.0,14.0
2023,12,401520404,Auburn,New Mexico State,False,False,-24.166666666666668,-22.0,True,24.166666666666668,-1.0,-2.166666666666668,7.0,7.0
2023,11,401531416,Florida Atlantic,East Carolina,False,True,-8.166666666666666,-9.75,True,8.166666666666666,-1.0,1.583333333333334,7.0,7.0
2023,13,401524066,UCLA,California,False,True,-9.666666666666666,-10.0,True,9.666666666666666,-1.0,0.3333333333333339,7.0,7.0
2023,11,401531408,Charlotte,Memphis,False,True,10.166666666666666,11.25,False,10.166666666666666,1.0,-1.083333333333334,6.0,7.0
2023,11,401525551,Wake Forest,NC State,False,True,1.3333333333333333,2.5,False,1.3333333333333333,-1.0,-1.1666666666666667,8.0,6.0
2023,13,401525901,Texas,Texas Tech,False,True,-15.333333333333334,-13.75,True,15.333333333333334,1.0,-1.583333333333334,5.0,6.0
2023,11,401520395,Purdue,Minnesota,False,True,1.1666666666666667,0.0,False,1.1666666666666667,1.0,1.1666666666666667,6.0,7.0
2023,11,401525892,UCF,Oklahoma State,False,True,2.3333333333333335,2.5,False,2.3333333333333335,1.0,-0.16666666666666652,7.0,7.0
2023,11,401531912,Coastal Carolina,Texas State,False,True,2.75,-1.5,False,2.75,1.0,4.25,7.0,6.0
2023,13,401520440,Sam Houston,Middle Tennessee,False,True,3.6666666666666665,4.25,False,3.6666666666666665,1.0,-0.5833333333333335,6.0,6.0
2023,11,401525548,Clemson,Georgia Tech,False,True,-15.833333333333334,-15.0,True,15.833333333333334,1.0,-0.8333333333333339,7.0,6.0
2023,11,401531393,South Florida,Temple,False,True,-7.333333333333333,-7.75,True,7.333333333333333,-1.0,0.41666666666666696,6.0,6.0
2023,11,401525547,Boston College,Virginia Tech,False,True,0.8333333333333334,-2.5,False,0.8333333333333334,-1.0,3.3333333333333335,7.0,6.0
2023,11,401520396,South Carolina,Vanderbilt,False,True,-13.5,-14.25,True,13.5,1.0,0.75,7.0,6.0
2023,11,401520385,James Madison,UConn,False,False,-25.5,-27.0,True,25.5,1.0,1.5,6.0,7.0
2023,12,401532623,San José State,San Diego State,False,True,-15.666666666666666,-14.0,True,15.666666666666666,-1.0,-1.666666666666666,7.0,7.0
2023,11,401525888,Kansas,Texas Tech,False,True,-3.5,-3.5,True,3.5,-1.0,0.0,6.0,8.0
2023,13,401525560,Boston College,Miami,False,True,10.833333333333334,9.0,False,10.833333333333334,-1.0,1.833333333333334,7.0,6.0
2023,11,401520388,Liberty,Old Dominion,False,False,-13.5,-13.0,True,13.5,1.0,-0.5,6.0,6.0
2023,11,401524052,Colorado,Arizona,False,True,7.333333333333333,8.0,False,7.333333333333333,1.0,-0.666666666666667,6.0,6.0
2023,11,401520398,Wisconsin,Northwestern,False,True,-11.166666666666666,-11.75,True,11.166666666666666,-1.0,0.5833333333333339,7.0,7.0
2023,13,401532629,New Mexico,Utah State,False,True,5.833333333333333,8.5,False,5.833333333333333,1.0,-2.666666666666667,5.0,5.0
2023,11,401532615,Utah State,Nevada,False,True,-14.833333333333334,-15.75,True,14.833333333333334,1.0,0.9166666666666661,6.0,7.0
2023,11,401520384,Iowa,Rutgers,False,True,-0.3333333333333333,-2.5,True,0.3333333333333333,1.0,2.1666666666666665,7.0,7.0
2023,11,401524051,California,Washington State,False,True,-1.6666666666666667,-0.75,True,1.6666666666666667,1.0,-0.9166666666666667,6.0,6.0
2023,11,401532616,Boise State,New Mexico,False,True,-27.166666666666668,-25.75,True,27.166666666666668,1.0,-1.4166666666666679,7.0,7.0
2023,11,401525886,BYU,Iowa State,False,True,7.333333333333333,7.0,False,7.333333333333333,-1.0,0.33333333333333304,7.0,7.0
2023,11,401531913,Georgia State,App State,False,True,-2.5,-2.0,True,2.5,-1.0,-0.5,6.0,6.0
2023,13,401524065,Stanford,Notre Dame,False,False,25.666666666666668,24.5,False,25.666666666666668,-1.0,1.1666666666666679,7.0,7.0
2023,13,401525906,UCF,Houston,False,True,-14.833333333333334,-13.25,True,14.833333333333334,-1.0,-1.583333333333334,6.0,6.0
2023,13,401532449,Buffalo,Eastern Michigan,False,True,-6.166666666666667,-6.5,True,6.166666666666667,-1.0,0.33333333333333304,6.0,7.0
2023,11,401531915,UL Monroe,Troy,False,True,21.666666666666668,20.25,False,21.666666666666668,-1.0,1.4166666666666679,6.0,8.0
2023,11,401520391,Missouri,Tennessee,False,True,1.8333333333333333,1.0,False,1.8333333333333333,1.0,0.8333333333333333,7.0,7.0
2023,11,401525889,Kansas State,Baylor,False,True,-20.166666666666668,-19.5,True,20.166666666666668,1.0,-0.6666666666666679,7.0,7.0
2023,11,401520387,Louisiana Tech,Sam Houston,False,True,-8.333333333333334,-8.0,True,8.333333333333334,-1.0,-0.3333333333333339,6.0,7.0
2023,11,401520380,Arkansas,Auburn,False,True,-2.5,-3.0,True,2.5,-1.0,0.5,7.0,7.0
2023,11,401524054,Oregon State,Stanford,False,True,-21.0,-20.25,True,21.0,1.0,-0.75,6.0,6.0
2023,11,401531914,Marshall,Georgia Southern,False,True,1.5,1.5,False,1.5,1.0,0.0,7.0,7.0
2023,11,401525890,Oklahoma,West Virginia,False,True,-12.833333333333334,-12.5,True,12.833333333333334,1.0,-0.3333333333333339,7.0,7.0
2023,11,401524055,UCLA,Arizona State,False,True,-14.666666666666666,-16.25,True,14.666666666666666,-1.0,1.583333333333334,6.0,7.0
2023,13,401532453,Kent State,Northern Illinois,False,True,19.833333333333332,18.25,False,19.833333333333332,1.0,1.5833333333333321,6.0,10.0
2023,13,401520432,Louisville,Kentucky,False,False,-7.333333333333333,-7.0,True,7.333333333333333,-1.0,-0.33333333333333304,7.0,6.0
2023,11,401520383,Illinois,Indiana,False,True,-4.833333333333333,-5.5,True,4.833333333333333,-1.0,0.666666666666667,6.0,7.0
2023,11,401531400,UTSA,Rice,False,True,-13.333333333333334,-12.75,True,13.333333333333334,1.0,-0.5833333333333339,7.0,7.0
2023,13,401525903,Cincinnati,Kansas,False,True,7.0,6.0,False,7.0,-1.0,1.0,7.0,7.0
2023,11,401520392,Nebraska,Maryland,False,True,1.3333333333333333,1.0,False,1.3333333333333333,-1.0,0.33333333333333326,7.0,6.0
2023,11,401531344,Tulane,Tulsa,False,True,-24.0,-22.5,True,24.0,-1.0,-1.5,6.0,6.0
2023,11,401520390,Middle Tennessee,Florida International,False,True,-10.833333333333334,-11.25,True,10.833333333333334,1.0,0.4166666666666661,6.0,16.0
2023,11,401520399,Western Kentucky,New Mexico State,False,True,-5.0,-5.5,True,5.0,-1.0,0.5,6.0,6.0
2023,11,401525552,Syracuse,Pittsburgh,True,True,2.8333333333333335,1.25,False,2.8333333333333335,1.0,1.5833333333333335,7.0,7.0
2023,11,401531384,Navy,UAB,False,True,3.6666666666666665,4.75,False,3.6666666666666665,1.0,-1.0833333333333335,7.0,7.0
2023,11,401531916,South Alabama,Arkansas State,False,True,-13.833333333333334,-11.5,True,13.833333333333334,-1.0,-2.333333333333334,8.0,7.0
2023,11,401525887,Houston,Cincinnati,False,True,-3.0,-2.25,True,3.0,-1.0,-0.75,7.0,7.0
2023,11,401532617,Colorado State,San Diego State,False,True,-3.8333333333333335,-4.25,True,3.8333333333333335,-1.0,0.4166666666666665,8.0,7.0
2023,11,401520397,Texas A&M,Mississippi State,False,True,-17.166666666666668,-18.25,True,17.166666666666668,1.0,1.0833333333333321,7.0,7.0
2023,11,401532614,San José State,Fresno State,False,True,-1.3333333333333333,1.0,True,1.3333333333333333,1.0,-2.333333333333333,13.0,7.0
2023,11,401532613,Hawai'i,Air Force,False,True,21.0,19.5,False,21.0,1.0,1.5,7.0,7.0
2023,10,401520362,Alabama,LSU,False,True,-3.1666666666666665,-6.75,True,3.1666666666666665,1.0,3.5833333333333335,14.0,14.0
2023,10,401520363,Florida,Arkansas,False,True,-3.6666666666666665,-5.5,True,3.6666666666666665,-1.0,1.8333333333333335,6.0,14.0
2023,10,401520364,Georgia,Missouri,False,True,-14.666666666666666,-15.75,True,14.666666666666666,-1.0,1.083333333333334,7.0,14.0
2023,10,401520365,Indiana,Wisconsin,False,True,8.833333333333334,9.75,False,8.833333333333334,1.0,-0.9166666666666661,7.0,6.0
2023,10,401520366,Liberty,Louisiana Tech,False,True,-15.0,-17.25,True,15.0,1.0,2.25,10.0,10.0
2023,10,401520367,Maryland,Penn State,False,True,8.166666666666666,11.0,False,8.166666666666666,-1.0,-2.833333333333334,7.0,7.0
2023,10,401520368,Michigan,Purdue,False,True,-32.0,-32.25,True,32.0,-1.0,0.25,14.0,7.0
2023,10,401520369,Michigan State,Nebraska,False,True,3.1666666666666665,3.5,False,3.1666666666666665,1.0,-0.3333333333333335,6.0,6.0
2023,10,401520370,Minnesota,Illinois,False,True,-2.0,-3.25,True,2.0,-1.0,1.25,7.0,14.0
2023,10,401520371,Mississippi State,Kentucky,False,True,5.333333333333333,3.25,False,5.333333333333333,-1.0,2.083333333333333,7.0,7.0
2023,10,401520372,New Mexico State,Middle Tennessee,False,True,-3.3333333333333335,-3.0,True,3.3333333333333335,1.0,-0.3333333333333335,10.0,17.0
2023,10,401520373,Northwestern,Iowa,True,True,5.0,5.75,False,5.0,1.0,-0.75,7.0,14.0
2023,10,401520374,Ole Miss,Texas A&M,False,True,-3.1666666666666665,-3.75,True,3.1666666666666665,-1.0,0.5833333333333335,6.0,7.0
2023,10,401520375,Rutgers,Ohio State,False,True,18.833333333333332,18.5,False,18.833333333333332,-1.0,0.33333333333333215,14.0,6.0
2023,10,401520376,South Carolina,Jacksonville State,False,False,-15.166666666666666,-15.0,True,15.166666666666666,-1.0,-0.16666666666666607,7.0,9.0
2023,10,401520377,Tennessee,UConn,False,False,-35.5,-34.75,True,35.5,1.0,-0.75,6.0,7.0
2023,10,401520378,UTEP,Western Kentucky,False,True,9.666666666666666,11.0,False,9.666666666666666,1.0,-1.333333333333334,10.0,11.0
2023,10,401524045,Arizona,UCLA,False,True,2.5,2.0,False,2.5,1.0,0.5,7.0,7.0
2023,10,401524046,Colorado,Oregon State,False,True,13.333333333333334,-6.0,False,13.333333333333334,1.0,19.333333333333336,7.0,6.0
2023,10,401524047,Oregon,California,False,True,-25.5,-24.0,True,25.5,1.0,-1.5,7.0,7.0
2023,10,401524048,USC,Washington,False,True,3.1666666666666665,-6.0,False,3.1666666666666665,-1.0,9.166666666666666,7.0,7.0
2023,10,401524049,Utah,Arizona State,False,True,-10.333333333333334,-12.0,True,10.333333333333334,1.0,1.666666666666666,6.0,6.0
2023,10,401524050,Washington State,Stanford,False,True,-13.5,-13.25,True,13.5,-1.0,-0.25,7.0,7.0
2023,10,401525441,Clemson,Notre Dame,False,False,2.8333333333333335,-5.0,False,2.8333333333333335,1.0,7.833333333333334,6.0,6.0
2023,10,401525539,Duke,Wake Forest,False,True,-6.666666666666667,-12.0,True,6.666666666666667,-1.0,5.333333333333333,5.0,5.0
2023,10,401525540,Syracuse,Boston College,False,True,-0.8333333333333334,-3.0,True,0.8333333333333334,-1.0,2.1666666666666665,8.0,6.0
2023,10,401525541,Pittsburgh,Florida State,False,True,21.166666666666668,22.25,False,21.166666666666668,1.0,-1.0833333333333321,7.0,7.0
2023,10,401525542,Virginia,Georgia Tech,False,True,-1.5,-2.0,True,1.5,-1.0,0.5,6.0,6.0
2023,10,401525544,NC State,Miami,False,True,6.0,3.75,False,6.0,1.0,2.25,7.0,7.0
2023,10,401525879,Texas Tech,TCU,False,True,-2.5,-3.0,True,2.5,1.0,0.5,12.0,12.0
2023,10,401525880,Baylor,Houston,False,True,-2.6666666666666665,-4.0,True,2.6666666666666665,-1.0,1.3333333333333335,7.0,7.0
2023,10,401525881,Cincinnati,UCF,False,True,3.5,4.5,False,3.5,1.0,-1.0,6.0,7.0
2023,10,401525882,Iowa State,Kansas,False,True,-2.5,-1.25,True,2.5,-1.0,-1.25,7.0,7.0
2023,10,401525883,Oklahoma State,Oklahoma,False,True,6.166666666666667,8.0,False,6.166666666666667,1.0,-1.833333333333333,6.0,7.0
2023,10,401525885,West Virginia,BYU,False,True,-12.666666666666666,-8.5,True,12.666666666666666,1.0,-4.166666666666666,7.0,7.0
2023,10,401531343,Tulsa,Charlotte,False,True,-4.333333333333333,-3.25,True,4.333333333333333,-1.0,-1.083333333333333,7.0,7.0
2023,10,401531374,East Carolina,Tulane,False,True,16.833333333333332,16.5,False,16.833333333333332,1.0,0.33333333333333215,7.0,6.0
2023,10,401531383,UAB,Florida Atlantic,False,True,0.8333333333333334,2.25,False,0.8333333333333334,1.0,-1.4166666666666665,14.0,7.0
2023,10,401531392,Temple,Navy,False,True,7.166666666666667,7.75,False,7.166666666666667,1.0,-0.583333333333333,14.0,14.0
2023,10,401531399,North Texas,UTSA,False,True,7.5,7.5,False,7.5,-1.0,0.0,7.0,6.0
2023,10,401531425,Memphis,South Florida,False,True,-13.5,-13.5,True,13.5,-1.0,0.0,7.0,13.0
2023,10,401531440,Rice,SMU,False,True,12.5,10.75,False,12.5,1.0,1.75,7.0,7.0
2023,10,401531904,Troy,South Alabama,False,True,-6.333333333333333,-4.25,True,6.333333333333333,1.0,-2.083333333333333,5.0,5.0
2023,10,401531905,App State,Marshall,False,True,-3.0,-3.75,True,3.0,1.0,0.75,7.0,7.0
2023,10,401531906,Georgia State,James Madison,False,True,6.166666666666667,5.5,False,6.166666666666667,-1.0,0.666666666666667,8.0,6.0
2023,10,401531907,Old Dominion,Coastal Carolina,False,True,-0.16666666666666666,-16.75,True,0.16666666666666666,-1.0,16.583333333333332,6.0,6.0
2023,10,401531908,Arkansas State,Louisiana,False,True,7.5,9.25,False,7.5,1.0,-1.75,6.0,6.0
2023,10,401531909,Southern Miss,UL Monroe,False,True,-2.8333333333333335,-2.5,True,2.8333333333333335,1.0,-0.3333333333333335,7.0,6.0
2023,10,401532434,Toledo,Buffalo,False,True,-14.666666666666666,-14.75,True,14.666666666666666,1.0,0.08333333333333393,10.0,10.0
2023,10,401532435,Bowling Green,Ball State,False,True,-5.166666666666667,-6.5,True,5.166666666666667,-1.0,1.333333333333333,11.0,11.0
2023,10,401532436,Akron,Kent State,False,True,-3.6666666666666665,-4.25,True,3.6666666666666665,1.0,0.5833333333333335,11.0,11.0
2023,10,401532608,Fresno State,Boise State,False,True,-2.6666666666666665,-3.25,True,2.6666666666666665,1.0,0.5833333333333335,6.0,7.0
2023,10,401532609,Wyoming,Colorado State,False,True,-5.833333333333333,-7.25,True,5.833333333333333,1.0,1.416666666666667,6.0,6.0
2023,10,401532610,Nevada,Hawai'i,False,True,-3.3333333333333335,-3.75,True,3.3333333333333335,-1.0,0.4166666666666665,6.0,6.0
2023,10,401532611,New Mexico,UNLV,False,True,13.166666666666666,10.75,False,13.166666666666666,-1.0,2.416666666666666,6.0,6.0
2023,13,401520428,Florida International,Western Kentucky,False,True,11.0,10.0,False,11.0,-1.0,1.0,6.0,6.0
2023,14,401539483,Alabama,Georgia,True,True,5.166666666666667,4.75,False,5.166666666666667,1.0,0.41666666666666696,7.0,6.0
2023,14,401539478,Florida State,Louisville,True,True,-0.16666666666666666,-4.25,True,0.16666666666666666,1.0,4.083333333333333,7.0,7.0
2023,14,401539476,Liberty,New Mexico State,False,True,-10.166666666666666,-10.25,True,10.166666666666666,1.0,0.08333333333333393,6.0,6.0
2023,14,401539481,Toledo,Miami (OH),True,True,-7.333333333333333,-8.0,True,7.333333333333333,-1.0,0.666666666666667,8.0,7.0
2023,8,401525529,Miami,Clemson,False,True,5.166666666666667,9.75,False,5.166666666666667,1.0,-4.583333333333333,7.0,14.0
2023,8,401525530,Florida State,Duke,False,True,-14.166666666666666,-14.5,True,14.166666666666666,1.0,0.3333333333333339,7.0,6.0
2023,8,401520333,Alabama,Tennessee,False,True,-8.833333333333334,-8.75,True,8.833333333333334,1.0,-0.08333333333333393,7.0,7.0
2023,8,401520334,Arkansas,Mississippi State,False,True,-6.833333333333333,-6.75,True,6.833333333333333,-1.0,-0.08333333333333304,7.0,14.0
2023,8,401520336,Illinois,Wisconsin,False,True,3.0,3.5,False,3.0,-1.0,-0.5,7.0,6.0
2023,8,401520340,Michigan State,Michigan,False,True,25.166666666666668,18.0,False,25.166666666666668,-1.0,7.166666666666668,7.0,7.0
2023,6,401525857,Oklahoma State,Kansas State,False,True,11.666666666666666,11.25,False,11.666666666666666,1.0,0.4166666666666661,13.0,12.0
2023,8,401520343,Ohio State,Penn State,False,True,-4.0,-10.0,True,4.0,1.0,6.0,7.0,6.0
2023,6,401520301,Illinois,Nebraska,False,True,-3.1666666666666665,-3.0,True,3.1666666666666665,-1.0,-0.16666666666666652,6.0,6.0
2023,6,401531380,UAB,South Florida,False,True,3.1666666666666665,3.25,False,3.1666666666666665,1.0,-0.08333333333333348,7.0,7.0
2023,8,401520338,Iowa,Minnesota,False,True,-3.3333333333333335,-4.75,True,3.3333333333333335,-1.0,1.4166666666666665,6.0,13.0
2023,8,401525528,Georgia Tech,Boston College,False,True,-5.833333333333333,-4.5,True,5.833333333333333,-1.0,-1.333333333333333,13.0,14.0
2023,2,401525830,Oklahoma,SMU,False,False,-16.333333333333332,-15.0,True,16.333333333333332,1.0,-1.3333333333333321,7.0,7.0
2023,7,401520314,Florida International,UTEP,False,True,-1.8333333333333333,1.5,True,1.8333333333333333,-1.0,-3.333333333333333,6.0,11.0
2023,7,401520315,New Mexico State,Sam Houston,False,True,-4.0,-5.25,True,4.0,1.0,1.25,7.0,6.0
2023,7,401520321,Michigan,Indiana,False,True,-33.5,-34.0,True,33.5,1.0,0.5,6.0,13.0
2023,7,401520327,Vanderbilt,Georgia,False,True,32.5,31.75,False,32.5,1.0,0.75,6.0,6.0
2023,7,401524029,Colorado,Stanford,False,True,-12.666666666666666,-13.25,True,12.666666666666666,-1.0,0.5833333333333339,6.0,13.0
2023,7,401531371,Memphis,Tulane,False,True,4.333333333333333,3.0,False,4.333333333333333,-1.0,1.333333333333333,13.0,13.0
2023,1,401520158,Jacksonville State,East Tennessee State,False,False,-20.25,-13.5,True,20.25,1.0,-6.75,6.0,
2023,7,401525862,Houston,West Virginia,False,True,2.8333333333333335,2.75,False,2.8333333333333335,1.0,0.08333333333333348,12.0,11.0
2023,9,401524041,California,USC,False,True,10.333333333333334,10.75,False,10.333333333333334,1.0,-0.4166666666666661,14.0,6.0
2023,7,401531415,East Carolina,SMU,False,True,11.333333333333334,10.0,False,11.333333333333334,-1.0,1.333333333333334,12.0,12.0
2023,7,401520323,Purdue,Ohio State,False,True,17.5,20.25,False,17.5,-1.0,-2.75,6.0,7.0
2023,7,401520325,South Carolina,Florida,False,True,-0.5,-1.75,True,0.5,-1.0,1.25,13.0,6.0
2023,7,401520326,Tennessee,Texas A&M,False,True,-3.0,-5.25,True,3.0,1.0,2.25,13.0,7.0
2023,7,401520328,Wisconsin,Iowa,False,True,-8.666666666666666,-9.75,True,8.666666666666666,-1.0,1.083333333333334,7.0,7.0
2023,7,401524030,Washington State,Arizona,False,True,-7.666666666666667,-8.5,True,7.666666666666667,-1.0,0.833333333333333,7.0,6.0
2023,9,401531901,UL Monroe,Arkansas State,False,True,-1.5,-1.75,True,1.5,-1.0,0.25,7.0,6.0
2023,7,401524033,Utah,California,False,True,-9.833333333333334,-13.5,True,9.833333333333334,1.0,3.666666666666666,14.0,6.0
2023,7,401524034,Washington,Oregon,False,True,-3.1666666666666665,-1.75,True,3.1666666666666665,-1.0,-1.4166666666666665,13.0,13.0
2023,7,401525523,Duke,NC State,False,True,-3.6666666666666665,-3.5,True,3.6666666666666665,1.0,-0.16666666666666652,14.0,7.0
2023,7,401525524,Florida State,Syracuse,False,True,-18.833333333333332,-17.75,True,18.833333333333332,1.0,-1.0833333333333321,6.0,6.0
2023,7,401525525,Pittsburgh,Louisville,False,True,7.166666666666667,8.75,False,7.166666666666667,1.0,-1.583333333333333,13.0,6.0
2023,7,401525526,North Carolina,Miami,False,True,-2.6666666666666665,-2.5,True,2.6666666666666665,1.0,-0.16666666666666652,7.0,6.0
2023,9,401531899,Coastal Carolina,Marshall,False,True,3.6666666666666665,3.5,False,3.6666666666666665,1.0,0.16666666666666652,6.0,8.0
2023,5,401520276,Sam Houston,Jacksonville State,False,True,6.666666666666667,6.25,False,6.666666666666667,-1.0,0.41666666666666696,5.0,5.0
2023,15,401520445,Army,Navy,True,False,-0.6666666666666666,-1.75,True,0.6666666666666666,1.0,1.0833333333333335,21.0,14.0
2023,14,401539475,Washington,Oregon,True,True,9.5,9.0,False,9.5,1.0,0.5,6.0,6.0
2023,14,401539477,Tulane,SMU,False,True,-3.0,-3.5,True,3.0,-1.0,0.5,8.0,7.0
2023,14,401539479,Texas,Oklahoma State,True,True,-14.333333333333334,-12.75,True,14.333333333333334,1.0,-1.583333333333334,7.0,6.0
2023,14,401539480,Iowa,Michigan,True,True,21.666666666666668,23.5,False,21.666666666666668,-1.0,-1.8333333333333321,8.0,7.0
2023,14,401539482,UNLV,Boise State,False,True,2.5,2.5,False,2.5,-1.0,0.0,7.0,7.0
2023,14,401539484,Troy,App State,False,True,-5.833333333333333,-6.5,True,5.833333333333333,1.0,0.666666666666667,7.0,7.0
2023,1,401551766,Kentucky,Clemson,True,False,4.833333333333333,7.25,False,4.833333333333333,1.0,-2.416666666666667,34.0,33.0
2023,1,401551753,Texas Tech,California,True,False,-2.8333333333333335,-2.25,True,2.8333333333333335,1.0,-0.5833333333333335,22.0,20.0
2023,1,401551778,LSU,Wisconsin,True,False,-9.333333333333334,-10.0,True,9.333333333333334,-1.0,0.6666666666666661,37.0,36.0
2023,1,401551782,Oregon,Liberty,True,False,-19.166666666666668,-15.75,True,19.166666666666668,1.0,-3.416666666666668,30.0,30.0
2023,1,401551780,Tennessee,Iowa,True,False,-5.666666666666667,-7.75,True,5.666666666666667,1.0,2.083333333333333,36.0,29.0
2023,1,401551786,Michigan,Alabama,True,False,-2.0,-2.0,True,2.0,1.0,0.0,29.0,30.0
2023,1,401551788,Washington,Texas,True,False,3.6666666666666665,4.25,False,3.6666666666666665,1.0,-0.5833333333333335,31.0,30.0
2023,1,401551469,Old Dominion,Western Kentucky,True,False,-2.5,-0.75,True,2.5,-1.0,-1.75,23.0,22.0
2023,1,401551767,Iowa State,Memphis,False,False,-8.833333333333334,-6.25,True,8.833333333333334,-1.0,-2.583333333333334,33.0,35.0
2023,1,401551733,Ohio,Georgia Southern,True,False,0.5,-1.5,False,0.5,1.0,2.0,21.0,20.0
2023,1,401551732,Fresno State,New Mexico State,True,False,2.5,1.25,False,2.5,1.0,1.25,20.0,14.0
2023,1,401551746,San José State,Coastal Carolina,True,False,-7.833333333333333,-8.25,True,7.833333333333333,-1.0,0.41666666666666696,28.0,28.0
2023,1,401551749,Oklahoma State,Texas A&M,True,False,-1.3333333333333333,4.0,True,1.3333333333333333,1.0,-5.333333333333333,25.0,32.0
2023,1,401551735,Marshall,UTSA,True,False,7.666666666666667,9.0,False,7.666666666666667,-1.0,-1.333333333333333,24.0,25.0
2023,1,401551757,UNLV,Kansas,True,False,9.0,10.5,False,9.0,-1.0,-1.5,24.0,31.0
2023,1,401551770,Maryland,Auburn,True,False,3.6666666666666665,2.0,False,3.6666666666666665,1.0,1.6666666666666665,34.0,34.0
2023,1,401551769,Penn State,Ole Miss,True,False,-4.833333333333333,-3.75,True,4.833333333333333,-1.0,-1.083333333333333,35.0,36.0
2023,1,401551752,Boise State,UCLA,True,False,5.166666666666667,2.5,False,5.166666666666667,-1.0,2.666666666666667,14.0,20.0
2023,1,401551764,Kansas State,NC State,True,False,-4.0,-4.75,True,4.0,1.0,0.75,32.0,32.0
2023,1,401551731,App State,Miami (OH),True,False,-5.833333333333333,-4.5,True,5.833333333333333,-1.0,-1.333333333333333,13.0,14.0
2023,1,401551765,Oklahoma,Arizona,True,False,2.0,2.25,False,2.0,-1.0,-0.25,34.0,33.0
2023,1,401551751,Louisiana,Jacksonville State,True,False,1.8333333333333333,0.75,False,1.8333333333333333,-1.0,1.0833333333333333,20.0,20.0
2023,1,401551773,Florida State,Georgia,True,False,20.166666666666668,13.75,False,20.166666666666668,-1.0,6.416666666666668,27.0,28.0
2023,1,401551737,Syracuse,South Florida,True,False,-4.25,-3.0,True,4.25,-1.0,-1.25,26.0,26.0
2023,1,401551754,UCF,Georgia Tech,True,False,-6.25,-4.5,True,6.25,-1.0,-1.75,27.0,26.0
2023,1,401551758,Tulane,Virginia Tech,True,False,13.0,6.0,False,13.0,-1.0,7.0,24.0,31.0
2023,12,401532444,Northern Illinois,Western Michigan,False,True,-3.8333333333333335,-3.25,True,3.8333333333333335,1.0,-0.5833333333333335,7.0,7.0
2023,12,401532443,Bowling Green,Toledo,False,True,9.833333333333334,9.75,False,9.833333333333334,1.0,0.08333333333333393,6.0,5.0
2023,12,401532447,Miami (OH),Buffalo,False,True,-7.833333333333333,-8.75,True,7.833333333333333,1.0,0.916666666666667,7.0,7.0
2023,12,401520410,Maryland,Michigan,False,True,18.666666666666668,21.0,False,18.666666666666668,1.0,-2.333333333333332,7.0,7.0
2023,1,401551741,Northern Illinois,Arkansas State,True,False,2.5,1.5,False,2.5,1.0,1.0,28.0,27.0
2023,12,401524060,Oregon State,Washington,False,True,-0.5,0.0,True,0.5,-1.0,-0.5,7.0,7.0
2023,1,401551739,Duke,Troy,True,False,6.75,7.0,False,6.75,1.0,-0.25,28.0,20.0
2023,1,401551743,Utah State,Georgia State,True,False,-1.75,2.0,True,1.75,-1.0,-3.75,29.0,28.0
2023,12,401524057,Washington State,Colorado,False,True,-4.666666666666667,-5.25,True,4.666666666666667,1.0,0.583333333333333,6.0,6.0
2023,12,401532445,Eastern Michigan,Akron,False,True,-4.0,-5.75,True,4.0,-1.0,1.75,5.0,6.0
2023,12,401532446,Ohio,Central Michigan,False,True,-10.166666666666666,-9.0,True,10.166666666666666,1.0,-1.166666666666666,7.0,8.0
2023,1,401551755,Eastern Michigan,South Alabama,False,False,17.75,15.0,False,17.75,-1.0,2.75,31.0,28.0
2023,12,401532621,Colorado State,Nevada,False,True,-12.0,-11.0,True,12.0,-1.0,-1.0,6.0,7.0
2023,12,401532622,Fresno State,New Mexico,False,True,-22.833333333333332,-24.0,True,22.833333333333332,-1.0,1.1666666666666679,7.0,7.0
2023,12,401531345,Tulsa,North Texas,False,True,2.1666666666666665,2.75,False,2.1666666666666665,-1.0,-0.5833333333333335,7.0,7.0
2023,12,401520405,Indiana,Michigan State,False,True,-3.8333333333333335,-4.75,True,3.8333333333333335,-1.0,0.9166666666666665,7.0,6.0
2023,12,401532448,Ball State,Kent State,False,True,-11.333333333333334,-12.25,True,11.333333333333334,1.0,0.9166666666666661,10.0,9.0
2023,1,401551742,Air Force,James Madison,True,False,-2.5,3.0,True,2.5,1.0,-5.5,28.0,28.0
2023,12,401531409,Charlotte,Rice,False,True,0.8333333333333334,1.75,False,0.8333333333333334,-1.0,-0.9166666666666666,7.0,6.0
2023,12,401520411,Middle Tennessee,UTEP,False,True,-8.166666666666666,-7.75,True,8.166666666666666,-1.0,-0.4166666666666661,6.0,13.0
2023,1,401551744,Northwestern,Utah,True,False,6.5,7.0,False,6.5,1.0,-0.5,28.0,28.0
2023,12,401525899,West Virginia,Cincinnati,False,True,-5.333333333333333,-6.25,True,5.333333333333333,1.0,0.916666666666667,6.0,6.0
2023,12,401520407,Jacksonville State,Louisiana Tech,False,True,-9.0,-8.5,True,9.0,1.0,-0.5,14.0,6.0
2023,12,401524058,Arizona,Utah,False,True,-1.3333333333333333,0.5,True,1.3333333333333333,1.0,-1.8333333333333333,7.0,6.0
2023,12,401520406,Iowa,Illinois,False,True,-3.0,-3.75,True,3.0,-1.0,0.75,7.0,7.0
2023,12,401520403,Army,Coastal Carolina,False,False,2.6666666666666665,5.25,False,2.6666666666666665,1.0,-2.5833333333333335,7.0,6.0
2023,12,401525555,Virginia,Duke,False,True,3.5,3.75,False,3.5,1.0,-0.25,8.0,6.0
2023,12,401531417,Navy,East Carolina,False,True,-2.5,-3.0,True,2.5,1.0,0.5,6.0,6.0
2023,12,401525558,Miami,Louisville,False,True,-0.3333333333333333,1.75,True,0.3333333333333333,-1.0,-2.0833333333333335,6.0,8.0
2023,12,401531919,Arkansas State,Texas State,False,True,3.25,3.5,False,3.25,1.0,-0.25,6.0,6.0
2023,12,401531385,UAB,Temple,False,True,-7.833333333333333,-7.25,True,7.833333333333333,1.0,-0.583333333333333,6.0,7.0
2023,12,401525559,Virginia Tech,NC State,False,True,-2.8333333333333335,-3.25,True,2.8333333333333335,-1.0,0.4166666666666665,7.0,7.0
2023,12,401520423,Western Kentucky,Sam Houston,False,True,-11.0,-12.75,True,11.0,-1.0,1.75,7.0,7.0
2023,12,401525553,Pittsburgh,Boston College,False,True,-1.75,-1.5,True,1.75,1.0,-0.25,5.0,5.0
2023,12,401525895,Iowa State,Texas,False,True,7.333333333333333,8.25,False,7.333333333333333,-1.0,-0.916666666666667,6.0,7.0
2023,1,401551756,Minnesota,Bowling Green,True,False,-2.5,-6.0,True,2.5,1.0,3.5,30.0,34.0
2023,1,401551748,Rice,Texas State,True,False,3.5,4.5,False,3.5,-1.0,-1.0,31.0,30.0
2023,12,401520413,Missouri,Florida,False,True,-11.833333333333334,-10.75,True,11.833333333333334,-1.0,-1.083333333333334,7.0,7.0
2023,12,401532624,Air Force,UNLV,False,True,-3.1666666666666665,-4.0,True,3.1666666666666665,-1.0,0.8333333333333335,6.0,7.0
2023,12,401531920,South Alabama,Marshall,False,True,-9.5,-8.25,True,9.5,1.0,-1.25,7.0,6.0
2023,12,401532619,Utah State,Boise State,False,True,4.833333333333333,4.0,False,4.833333333333333,-1.0,0.833333333333333,7.0,6.0
2023,12,401520412,Mississippi State,Southern Miss,False,False,-17.0,-14.0,True,17.0,1.0,-3.0,6.0,8.0
2023,12,401531375,Florida Atlantic,Tulane,False,True,9.166666666666666,9.25,False,9.166666666666666,-1.0,-0.08333333333333393,6.0,7.0
2023,12,401520422,Wisconsin,Nebraska,False,True,-6.5,-5.0,True,6.5,1.0,-1.5,7.0,7.0
2023,12,401520415,Ohio State,Minnesota,False,True,-27.666666666666668,-28.25,True,27.666666666666668,1.0,0.5833333333333321,6.0,7.0
2023,12,401520409,LSU,Georgia State,False,False,-31.666666666666668,-30.75,True,31.666666666666668,1.0,-0.9166666666666679,7.0,7.0
2023,12,401520402,Arkansas,Florida International,False,False,-28.666666666666668,-31.75,True,28.666666666666668,-1.0,3.083333333333332,7.0,7.0
2023,12,401520416,Ole Miss,UL Monroe,False,False,-36.166666666666664,-36.75,True,36.166666666666664,-1.0,0.5833333333333357,6.0,6.0
2023,12,401520414,Northwestern,Purdue,False,True,-2.0,-1.25,True,2.0,1.0,-0.75,6.0,6.0
2023,12,401525442,Notre Dame,Wake Forest,False,False,-23.666666666666668,-25.0,True,23.666666666666668,1.0,1.3333333333333321,14.0,7.0
2023,12,401531431,Memphis,SMU,False,True,8.833333333333334,7.5,False,8.833333333333334,1.0,1.333333333333334,6.0,7.0
2023,12,401520408,Liberty,Massachusetts,False,False,-26.666666666666668,-28.0,True,26.666666666666668,-1.0,1.3333333333333321,7.0,13.0
2023,12,401520418,South Carolina,Kentucky,False,True,-1.1666666666666667,1.75,True,1.1666666666666667,1.0,-2.916666666666667,7.0,7.0
2023,12,401525893,BYU,Oklahoma,False,True,24.333333333333332,24.0,False,24.333333333333332,1.0,0.33333333333333215,6.0,6.0
2023,12,401520417,Penn State,Rutgers,False,True,-19.5,-19.25,True,19.5,1.0,-0.25,7.0,6.0
2023,12,401524061,Stanford,California,False,True,6.0,4.5,False,6.0,-1.0,1.5,7.0,7.0
2023,12,401524059,Arizona State,Oregon,False,True,22.666666666666668,22.25,False,22.666666666666668,-1.0,0.41666666666666785,6.0,6.0
2023,12,401531921,Troy,Louisiana,False,True,-15.833333333333334,-14.75,True,15.833333333333334,-1.0,-1.083333333333334,7.0,8.0
2023,12,401525894,Houston,Oklahoma State,False,True,6.833333333333333,7.5,False,6.833333333333333,-1.0,-0.666666666666667,6.0,7.0
2023,1,401551761,West Virginia,North Carolina,True,False,-4.0,-3.0,True,4.0,1.0,-1.0,31.0,31.0
2023,11,401520381,Army,Holy Cross,False,False,-11.5,,True,11.5,-1.0,,6.0,63.0
2023,11,401520382,Georgia,Ole Miss,False,True,-11.5,-19.5,True,11.5,1.0,8.0,7.0,7.0
2023,11,401520389,LSU,Florida,False,True,-15.5,-16.0,True,15.5,1.0,0.5,7.0,7.0
2023,11,401520393,Ohio State,Michigan State,False,True,-31.666666666666668,-25.25,True,31.666666666666668,1.0,-6.416666666666668,7.0,7.0
2023,11,401520394,Penn State,Michigan,False,True,5.0,2.5,False,5.0,-1.0,2.5,6.0,6.0
2023,11,401524053,Oregon,USC,False,True,-15.166666666666666,-2.5,True,15.166666666666666,-1.0,-12.666666666666666,7.0,7.0
2023,11,401524056,Washington,Utah,False,True,-9.833333333333334,-3.5,True,9.833333333333334,-1.0,-6.333333333333334,6.0,7.0
2023,11,401525550,Florida State,Miami,False,True,-14.666666666666666,-15.25,True,14.666666666666666,-1.0,0.5833333333333339,7.0,6.0
2023,11,401525891,TCU,Texas,False,True,10.5,5.5,False,10.5,1.0,5.0,9.0,7.0
2023,13,401532450,Western Michigan,Bowling Green,False,True,2.5,1.75,False,2.5,-1.0,0.75,7.0,7.0
2023,13,401532451,Central Michigan,Toledo,False,True,10.666666666666666,12.5,False,10.666666666666666,-1.0,-1.833333333333334,8.0,9.0
2023,13,401532452,Akron,Ohio,False,True,14.666666666666666,13.75,False,14.666666666666666,1.0,0.9166666666666661,9.0,8.0
2023,13,401531376,Tulane,UTSA,False,True,-3.1666666666666665,-2.5,True,3.1666666666666665,1.0,-0.6666666666666665,6.0,6.0
2023,1,401581109,USC,Louisville,True,False,4.5,8.0,False,4.5,1.0,-3.5,39.0,25.0
2023,13,401520439,Rutgers,Maryland,False,True,2.0,1.75,False,2.0,-1.0,0.25,7.0,7.0
2023,13,401531922,App State,Georgia Southern,False,True,-9.5,-7.75,True,9.5,1.0,-1.75,7.0,6.0
2023,13,401525563,Syracuse,Wake Forest,False,True,-2.1666666666666665,-2.75,True,2.1666666666666665,1.0,0.5833333333333335,6.0,6.0
2023,13,401520436,Minnesota,Wisconsin,False,True,2.25,1.75,False,2.25,-1.0,0.5,6.0,6.0
2023,13,401525564,Virginia,Virginia Tech,False,True,1.75,2.5,False,1.75,-1.0,-0.75,7.0,7.0
2023,13,401520430,Georgia Tech,Georgia,False,False,24.166666666666668,23.0,False,24.166666666666668,1.0,1.1666666666666679,6.0,7.0
2023,13,401520438,Purdue,Indiana,False,True,-5.166666666666667,-2.5,True,5.166666666666667,-1.0,-2.666666666666667,7.0,7.0
2023,13,401531925,Old Dominion,Georgia State,False,True,-2.0,-2.0,True,2.0,-1.0,0.0,6.0,6.0
2023,13,401531923,Coastal Carolina,James Madison,False,True,5.666666666666667,9.5,False,5.666666666666667,-1.0,-3.833333333333333,7.0,7.0
2023,1,401551789,Michigan,Washington,True,False,-5.0,-4.0,True,5.0,1.0,-1.0,7.0,6.0
2023,1,401551750,Boston College,SMU,True,False,13.5,11.0,False,13.5,1.0,2.5,33.0,25.0
2023,13,401520424,Mississippi State,Ole Miss,False,True,10.5,1.5,False,10.5,1.0,9.0,5.0,5.0
2023,13,401520427,Auburn,Alabama,False,True,14.333333333333334,13.5,False,14.333333333333334,1.0,0.8333333333333339,6.0,7.0
2023,13,401520429,Florida,Florida State,False,False,6.333333333333333,9.25,False,6.333333333333333,-1.0,-2.916666666666667,6.0,7.0
2023,13,401520431,Illinois,Northwestern,False,True,-5.5,-5.25,True,5.5,-1.0,-0.25,7.0,7.0
2023,13,401520433,LSU,Texas A&M,False,True,-10.666666666666666,-10.0,True,10.666666666666666,1.0,-0.6666666666666661,6.0,7.0
2023,13,401520434,Michigan,Ohio State,False,True,-3.3333333333333335,-2.75,True,3.3333333333333335,1.0,-0.5833333333333335,7.0,6.0
2023,13,401520441,South Carolina,Clemson,False,False,7.333333333333333,6.75,False,7.333333333333333,-1.0,0.583333333333333,7.0,7.0
2023,13,401520443,Massachusetts,UConn,False,True,-0.8333333333333334,2.5,True,0.8333333333333334,-1.0,-3.3333333333333335,6.0,7.0
2023,13,401524063,Oregon,Oregon State,False,True,-14.166666666666666,-7.5,True,14.166666666666666,1.0,-6.666666666666666,6.0,6.0
2023,13,401524064,Arizona State,Arizona,False,True,12.666666666666666,12.5,False,12.666666666666666,-1.0,0.16666666666666607,6.0,7.0
2023,13,401524067,Utah,Colorado,False,True,-21.5,-21.75,True,21.5,-1.0,0.25,7.0,7.0
2023,13,401524068,Washington,Washington State,False,True,-15.333333333333334,-16.25,True,15.333333333333334,-1.0,0.9166666666666661,6.0,7.0
2023,13,401525900,Oklahoma,TCU,False,True,-11.333333333333334,-6.75,True,11.333333333333334,1.0,-4.583333333333334,6.0,5.0
2023,13,401525902,Baylor,West Virginia,False,True,9.333333333333334,6.5,False,9.333333333333334,1.0,2.833333333333334,7.0,7.0
2023,13,401531386,North Texas,UAB,False,True,-2.6666666666666665,-3.0,True,2.6666666666666665,1.0,0.3333333333333335,6.0,6.0
2023,13,401531421,Rice,Florida Atlantic,False,True,-3.8333333333333335,-5.0,True,3.8333333333333335,-1.0,1.1666666666666665,6.0,7.0
2023,13,401531924,Marshall,Arkansas State,False,True,-0.8333333333333334,-2.5,True,0.8333333333333334,1.0,1.6666666666666665,6.0,7.0
2023,13,401532626,Hawai'i,Colorado State,False,True,5.666666666666667,6.0,False,5.666666666666667,1.0,-0.33333333333333304,7.0,7.0
2023,13,401532627,San Diego State,Fresno State,False,True,5.166666666666667,5.75,False,5.166666666666667,1.0,-0.583333333333333,7.0,7.0
2023,13,401532628,UNLV,San José State,False,True,-2.0,-3.25,True,2.0,-1.0,1.25,6.0,6.0
2023,13,401532630,Nevada,Wyoming,False,True,11.0,11.0,False,11.0,-1.0,0.0,7.0,7.0
2023,1,401551798,Notre Dame,Oregon State,True,False,-5.5,-11.0,True,5.5,1.0,5.5,33.0,34.0
2023,13,401520437,New Mexico State,Jacksonville State,False,True,0.25,-2.25,False,0.25,1.0,2.5,7.0,7.0
2023,13,401531435,SMU,Navy,False,True,-20.25,-20.0,True,20.25,1.0,-0.25,7.0,7.0
2023,13,401531927,Southern Miss,Troy,False,True,17.0,16.75,False,17.0,-1.0,0.25,7.0,6.0
2023,1,401551762,Miami,Rutgers,True,False,2.75,-3.5,False,2.75,-1.0,6.25,34.0,32.0
2023,12,401520419,Tennessee,Georgia,False,True,9.166666666666666,8.0,False,9.166666666666666,-1.0,1.166666666666666,7.0,6.0
2023,12,401524062,USC,UCLA,False,True,-5.333333333333333,-12.0,True,5.333333333333333,-1.0,6.666666666666667,6.0,6.0
2023,12,401525554,Clemson,North Carolina,False,True,-7.666666666666667,-10.75,True,7.666666666666667,1.0,3.083333333333333,7.0,6.0
2023,12,401525896,Kansas,Kansas State,False,True,7.5,6.0,False,7.5,1.0,1.5,7.0,7.0
2023,12,401525897,TCU,Baylor,False,True,-12.833333333333334,-3.75,True,12.833333333333334,1.0,-9.083333333333334,6.0,7.0
2023,1,401551768,Ohio State,Missouri,True,False,-4.666666666666667,-4.5,True,4.666666666666667,-1.0,-0.16666666666666696,34.0,35.0
2023,12,401520401,Alabama,Chattanooga,False,False,-44.5,,True,44.5,1.0,,7.0,
2023,12,401520420,Texas A&M,Abilene Christian,False,False,-40.5,,True,40.5,-1.0,,6.0,48.0
2023,12,401520421,UConn,Sacred Heart,False,False,-25.5,,True,25.5,1.0,,6.0,
2023,1,401554566,Wyoming,Toledo,True,False,-4.5,2.0,True,4.5,-1.0,-6.5,34.0,28.0
2023,1,401523996,USC,Nevada,False,False,-37.875,-38.0,True,37.875,1.0,0.125,6.0,
2023,1,401525817,Baylor,Texas State,False,False,-26.625,-26.25,True,26.625,-1.0,-0.375,,
2023,1,401520175,UL Monroe,Army,False,False,8.375,8.75,False,8.375,1.0,-0.375,,
2023,1,401531387,Temple,Akron,False,False,-9.875,-10.0,True,9.875,-1.0,0.125,,
2023,1,401520159,Kentucky,Ball State,False,False,-25.875,-26.25,True,25.875,1.0,0.375,,
2023,1,401525822,Oklahoma,Arkansas State,False,False,-35.375,-34.5,True,35.375,1.0,-0.875,,
2023,1,401520147,Vanderbilt,Hawai'i,False,False,-17.625,-18.0,True,17.625,-1.0,0.375,,
2023,1,401520181,Western Kentucky,South Florida,False,False,-12.875,-12.5,True,12.875,1.0,-0.375,,
2023,1,401520145,Jacksonville State,UTEP,False,True,1.1666666666666667,-2.5,False,1.1666666666666667,1.0,3.666666666666667,,
2023,1,401520173,Texas A&M,New Mexico,False,False,-37.875,-38.5,True,37.875,1.0,0.625,,
2023,1,401532392,San Diego State,Ohio,False,False,-2.9,-3.25,True,2.9,1.0,0.3500000000000001,,
2023,1,401525450,New Mexico State,Massachusetts,False,False,-7.7,-8.25,True,7.7,-1.0,0.5499999999999998,,
2023,1,401520146,Louisiana Tech,Florida International,False,True,-10.6,-9.75,True,10.6,-1.0,-0.8499999999999996,,
2023,1,401525434,Notre Dame,Navy,True,False,-20.3,-19.75,True,20.3,1.0,-0.5500000000000007,,
2023,4,401520250,Alabama,Ole Miss,False,True,-7.0,-15.0,True,7.0,1.0,8.0,7.0,6.0
2023,4,401521330,Notre Dame,Ohio State,False,False,3.1666666666666665,7.25,False,3.1666666666666665,1.0,-4.083333333333334,7.0,7.0
2023,1,401525819,Houston,UTSA,False,False,1.5,1.5,False,1.5,1.0,0.0,,
2023,1,401520157,Iowa,Utah State,False,False,-23.625,-24.75,True,23.625,-1.0,1.125,,
2023,1,401520155,Illinois,Toledo,False,False,-8.6,-9.75,True,8.6,-1.0,1.1500000000000004,,
2023,1,401520169,Penn State,West Virginia,False,False,-20.6,-20.25,True,20.6,1.0,-0.3500000000000014,,
2023,1,401531347,Tulane,South Alabama,False,False,-6.375,-7.0,True,6.375,1.0,0.625,,
2023,3,401520225,Georgia,South Carolina,False,True,-26.0,-25.5,True,26.0,-1.0,-0.5,7.0,6.0
2023,1,401520179,Tennessee,Virginia,True,False,-27.7,-27.75,True,27.7,1.0,0.05000000000000071,,
2023,9,401525534,NC State,Clemson,False,True,9.833333333333334,10.25,False,9.833333333333334,1.0,-0.4166666666666661,13.0,6.0
2023,1,401520176,Utah,Florida,False,False,-6.3,-8.25,True,6.3,1.0,1.9500000000000002,,
2023,5,401525854,Texas,Kansas,False,True,-16.333333333333332,-18.25,True,16.333333333333332,1.0,1.9166666666666679,6.0,7.0
2023,1,401520160,Liberty,Bowling Green,False,False,-9.25,-12.5,True,9.25,1.0,3.25,,
2023,1,401520170,Purdue,Fresno State,False,False,-4.3,-5.5,True,4.3,-1.0,1.2000000000000002,,
2023,5,401520280,Auburn,Georgia,False,True,14.166666666666666,18.25,False,14.166666666666666,1.0,-4.083333333333334,7.0,6.0
2023,5,401520288,Ole Miss,LSU,False,True,2.8333333333333335,3.5,False,2.8333333333333335,1.0,-0.6666666666666665,7.0,6.0
2023,1,401523986,USC,San José State,False,False,-30.6,-30.75,True,30.6,-1.0,0.14999999999999858,,
2023,1,401520152,BYU,Sam Houston,False,False,-20.375,-21.75,True,20.375,-1.0,1.375,,
2023,6,401525861,Texas,Oklahoma,True,True,-4.5,6.25,True,4.5,-1.0,-10.75,6.0,6.0
2023,9,401520360,Wisconsin,Ohio State,False,True,14.5,9.5,False,14.5,1.0,5.0,7.0,7.0
2023,1,401520151,Auburn,Massachusetts,False,False,-36.6,-38.25,True,36.6,1.0,1.6499999999999986,,6.0
2023,9,401520352,Florida,Georgia,True,True,14.166666666666666,18.0,False,14.166666666666666,-1.0,-3.833333333333334,14.0,14.0
2023,8,401524037,USC,Utah,False,True,-7.0,-6.25,True,7.0,-1.0,-0.75,7.0,7.0
2023,5,401520279,Arkansas,Texas A&M,True,True,6.333333333333333,5.25,False,6.333333333333333,-1.0,1.083333333333333,6.0,7.0
2023,2,401520201,Miami,Texas A&M,False,False,2.8333333333333335,5.5,False,2.8333333333333335,1.0,-2.6666666666666665,7.0,6.0
2023,13,401525562,NC State,North Carolina,False,True,2.5,3.25,False,2.5,1.0,-0.75,7.0,7.0
2023,13,401520435,Michigan State,Penn State,True,True,21.75,11.75,False,21.75,-1.0,10.0,6.0,6.0
2023,5,401520286,Nebraska,Michigan,False,True,17.166666666666668,18.0,False,17.166666666666668,-1.0,-0.8333333333333321,7.0,7.0
2023,8,401525870,Kansas State,TCU,False,True,-5.666666666666667,-4.75,True,5.666666666666667,1.0,-0.916666666666667,7.0,7.0
2023,10,401525884,Texas,Kansas State,False,True,-3.75,-9.0,True,3.75,-1.0,5.25,6.0,7.0
2023,7,401520319,LSU,Auburn,False,True,-11.166666666666666,-16.25,True,11.166666666666666,1.0,5.083333333333334,7.0,14.0
2023,4,401520258,LSU,Arkansas,False,True,-17.666666666666668,-13.0,True,17.666666666666668,-1.0,-4.666666666666668,7.0,6.0
2023,1,401525464,Boston College,Northern Illinois,False,False,-8.8,-9.75,True,8.8,-1.0,0.9499999999999993,,
2023,7,401520316,Alabama,Arkansas,False,True,-19.333333333333332,-18.5,True,19.333333333333332,-1.0,-0.8333333333333321,6.0,6.0
2023,1,401520149,Alabama,Middle Tennessee,False,False,-39.375,-39.0,True,39.375,1.0,-0.375,,
2023,1,401520163,Michigan State,Central Michigan,False,False,-14.3,-14.25,True,14.3,1.0,-0.05000000000000071,,
2023,1,401525462,Georgia Tech,Louisville,True,True,7.6,8.0,False,7.6,1.0,-0.40000000000000036,,
2023,1,401525463,Miami,Miami (OH),False,False,-16.625,-17.5,True,16.625,1.0,0.875,,
2023,1,401525816,UCF,Kent State,False,False,-34.9,-35.5,True,34.9,1.0,0.6000000000000014,,
2023,1,401520174,UConn,NC State,False,False,15.0,15.75,False,15.0,1.0,-0.75,,
2023,1,401520148,Minnesota,Nebraska,False,True,-7.3,-6.5,True,7.3,-1.0,-0.7999999999999998,,
2023,1,401520156,Indiana,Ohio State,False,True,29.1,28.25,False,29.1,1.0,0.8500000000000014,,
2023,1,401523991,North Texas,California,False,False,6.5,8.25,False,6.5,-1.0,-1.75,,
2023,1,401523995,UCLA,Coastal Carolina,False,False,-15.375,-16.0,True,15.375,-1.0,0.625,,
2023,1,401520162,Michigan,East Carolina,False,False,-35.4,-34.25,True,35.4,-1.0,-1.1499999999999986,,
2023,1,401520172,SMU,Louisiana Tech,False,False,-20.125,-16.75,True,20.125,1.0,-3.375,,6.0
2023,1,401532573,San José State,Oregon State,False,False,15.25,16.5,False,15.25,-1.0,-1.25,7.0,
2023,1,401523988,Hawai'i,Stanford,False,False,3.625,8.25,False,3.625,-1.0,-4.625,6.0,
2023,4,401525507,Clemson,Florida State,False,True,2.0,-0.75,False,2.0,-1.0,2.75,6.0,7.0
2023,1,401523994,TCU,Colorado,False,False,-20.6,-20.5,True,20.6,-1.0,-0.10000000000000142,,
2023,1,401525468,Duke,Clemson,False,True,12.7,13.0,False,12.7,1.0,-0.3000000000000007,,
2023,5,401520291,Tennessee,South Carolina,False,True,-12.5,-12.0,True,12.5,1.0,-0.5,7.0,7.0
2023,9,401524044,Utah,Oregon,False,True,6.5,1.75,False,6.5,-1.0,4.75,6.0,7.0
2023,3,401520224,Florida,Tennessee,False,True,5.666666666666667,7.5,False,5.666666666666667,1.0,-1.833333333333333,6.0,7.0
2023,1,401520182,Florida State,LSU,True,False,2.2,2.25,False,2.2,1.0,-0.04999999999999982,,
2023,2,401520183,Alabama,Texas,False,False,-7.166666666666667,-6.75,True,7.166666666666667,-1.0,-0.41666666666666696,6.0,7.0
2023,3,401520233,Michigan State,Washington,False,False,14.833333333333334,12.0,False,14.833333333333334,-1.0,2.833333333333334,7.0,7.0
2023,1,401523997,Washington,Boise State,False,False,-14.3,-14.5,True,14.3,1.0,0.1999999999999993,,
2023,4,401524017,Utah,UCLA,False,True,-3.8333333333333335,-6.5,True,3.8333333333333335,1.0,2.6666666666666665,7.0,6.0
2023,1,401525825,Wyoming,Texas Tech,False,False,13.6,13.5,False,13.6,1.0,0.09999999999999964,,
2023,3,401520235,Mississippi State,LSU,False,True,8.833333333333334,9.0,False,8.833333333333334,-1.0,-0.16666666666666607,6.0,6.0
2023,1,401520171,Rutgers,Northwestern,False,True,-6.1,-6.25,True,6.1,1.0,0.15000000000000036,,
2023,1,401520167,North Carolina,South Carolina,True,False,0.6,-2.75,False,0.6,1.0,3.35,,
2023,1,401525824,Texas,Rice,False,False,-35.25,-35.25,True,35.25,-1.0,0.0,,
2023,1,401520180,Wisconsin,Buffalo,False,False,-27.0,-24.5,True,27.0,-1.0,-2.5,,
2023,4,401525844,Baylor,Texas,False,True,16.5,11.25,False,16.5,-1.0,5.25,7.0,6.0
2023,1,401525467,Virginia Tech,Old Dominion,False,False,-15.75,-13.75,True,15.75,1.0,-2.0,,
2023,7,401524031,Notre Dame,USC,False,False,-2.8333333333333335,-0.5,True,2.8333333333333335,1.0,-2.3333333333333335,6.0,6.0
2023,2,401525827,Boise State,UCF,False,False,3.0,0.25,False,3.0,1.0,2.75,7.0,9.0
2023,2,401531427,Arkansas State,Memphis,False,False,20.833333333333332,21.25,False,20.833333333333332,-1.0,-0.41666666666666785,7.0,7.0
2023,1,401531377,UAB,North Carolina A&T,False,False,-24.166666666666668,-23.25,True,24.166666666666668,1.0,-0.9166666666666679,,
2023,1,401520165,Missouri,South Dakota,False,False,-27.333333333333332,-28.25,True,27.333333333333332,-1.0,0.9166666666666679,,
2023,1,401531337,Tulsa,Arkansas-Pine Bluff,False,False,-40.0,-38.75,True,40.0,-1.0,-1.25,,
2023,1,401525461,Wake Forest,Elon,False,False,-32.166666666666664,-29.75,True,32.166666666666664,-1.0,-2.4166666666666643,,
2023,2,401523998,Arizona State,Oklahoma State,False,False,2.5,3.25,False,2.5,-1.0,-0.75,9.0,7.0
2023,1,401531834,Georgia State,Rhode Island,False,False,-17.333333333333332,-18.25,True,17.333333333333332,-1.0,0.9166666666666679,,
2023,1,401523987,Arizona State,Southern Utah,False,False,-33.166666666666664,-31.5,True,33.166666666666664,-1.0,-1.6666666666666643,,
2023,2,401520216,Wake Forest,Vanderbilt,False,False,-9.666666666666666,-10.0,True,9.666666666666666,1.0,0.3333333333333339,8.0,6.0
2023,2,401520184,Arkansas,Kent State,False,False,-38.333333333333336,-38.0,True,38.333333333333336,-1.0,-0.3333333333333357,7.0,8.0
2023,2,401524004,Washington,Tulsa,False,False,-33.666666666666664,-35.0,True,33.666666666666664,-1.0,1.3333333333333357,7.0,8.0
2023,2,401520195,Kansas,Illinois,False,False,-3.6666666666666665,-2.5,True,3.6666666666666665,1.0,-1.1666666666666665,6.0,6.0
2023,2,401520187,Coastal Carolina,Jacksonville State,False,False,-13.666666666666666,-13.5,True,13.666666666666666,1.0,-0.16666666666666607,6.0,7.0
2023,2,401525497,Syracuse,Western Michigan,False,False,-24.666666666666668,-22.75,True,24.666666666666668,1.0,-1.9166666666666679,6.0,8.0
2023,2,401524002,Texas Tech,Oregon,False,False,5.0,5.5,False,5.0,-1.0,-0.5,6.0,7.0
2023,2,401520186,California,Auburn,False,False,4.833333333333333,6.5,False,4.833333333333333,1.0,-1.666666666666667,7.0,7.0
2023,1,401525818,Cincinnati,Eastern Kentucky,False,False,-21.5,-23.5,True,21.5,1.0,2.0,,
2023,1,401520164,Mississippi State,SE Louisiana,False,False,-31.5,-28.0,True,31.5,1.0,-3.5,,
2023,1,401531837,James Madison,Bucknell,False,False,-47.25,-46.5,True,47.25,-1.0,-0.75,,
2023,6,401520310,Texas A&M,Alabama,False,True,2.0,5.75,False,2.0,-1.0,-3.75,7.0,6.0
2023,9,401525874,Kansas,Oklahoma,False,True,7.666666666666667,7.0,False,7.666666666666667,1.0,0.666666666666667,13.0,7.0
2023,1,401520166,New Mexico State,Western Illinois,False,False,-21.0,-17.0,True,21.0,1.0,-4.0,7.0,
2023,1,401531835,App State,Gardner-Webb,False,False,-22.5,-23.0,True,22.5,-1.0,0.5,,
2023,1,401532570,Air Force,Robert Morris,False,False,-46.5,-46.0,True,46.5,-1.0,-0.5,,
2023,1,401520178,Vanderbilt,Alabama A&M,False,False,-35.0,-36.0,True,35.0,-1.0,1.0,6.0,
2023,1,401531402,Charlotte,South Carolina State,False,False,-23.75,-28.0,True,23.75,-1.0,4.25,,
2023,1,401531838,Marshall,UAlbany,False,False,-22.0,-24.5,True,22.0,-1.0,2.5,,
2023,1,401520168,Ole Miss,Mercer,False,False,-34.5,-31.5,True,34.5,1.0,-3.0,,
2023,1,401525435,Notre Dame,Tennessee State,False,False,-48.25,-48.0,True,48.25,1.0,-0.25,7.0,
2023,1,401525820,Iowa State,Northern Iowa,False,False,-7.25,-8.5,True,7.25,1.0,1.25,,
2023,1,401520177,UTEP,Incarnate Word,False,False,-7.5,-7.0,True,7.5,1.0,-0.5,7.0,
2023,1,401523989,Arizona,Northern Arizona,False,False,-28.5,-28.0,True,28.5,1.0,-0.5,,
2023,1,401525465,Pittsburgh,Wofford,False,False,-37.5,-38.5,True,37.5,1.0,1.0,,
2023,1,401520153,Florida International,Maine,False,False,-15.0,-10.0,True,15.0,-1.0,-5.0,6.0,
2023,1,401532395,Ohio,Long Island University,False,False,-35.0,-38.0,True,35.0,-1.0,3.0,6.0,
2023,1,401532571,San Diego State,Idaho State,False,False,-34.5,-34.0,True,34.5,-1.0,-0.5,7.0,
2023,1,401525823,Oklahoma State,Central Arkansas,False,False,-26.0,-27.0,True,26.0,-1.0,1.0,,
2023,1,401531839,Louisiana,Northwestern State,False,False,-35.0,-35.0,True,35.0,-1.0,0.0,,
2023,1,401531841,Troy,Stephen F. Austin,False,False,-26.0,-27.0,True,26.0,-1.0,1.0,,
2023,1,401520150,Arkansas,Western Carolina,True,False,-38.0,-35.0,True,38.0,1.0,-3.0,,
2023,1,401523992,Oregon,Portland State,False,False,-48.25,-48.0,True,48.25,1.0,-0.25,,
2023,1,401531418,Florida Atlantic,Monmouth,False,False,-26.25,-21.5,True,26.25,-1.0,-4.75,,
2023,1,401525466,Syracuse,Colgate,False,False,-40.0,-37.0,True,40.0,1.0,-3.0,,
2023,1,401531836,Georgia Southern,The Citadel,False,False,-34.25,-30.0,True,34.25,-1.0,-4.25,,
2023,1,401531840,Southern Miss,Alcorn State,False,False,-24.25,-24.0,True,24.25,1.0,-0.25,,
2023,1,401520154,Georgia,UT Martin,False,False,-50.5,-50.0,True,50.5,-1.0,-0.5,,
2023,1,401520161,Maryland,Towson,False,False,-38.5,-38.5,True,38.5,-1.0,0.0,,
2023,1,401532572,UNLV,Bryant,False,False,-16.75,-16.5,True,16.75,1.0,-0.25,,
2023,2,401520202,Michigan,UNLV,False,False,-37.833333333333336,-36.5,True,37.833333333333336,-1.0,-1.3333333333333357,7.0,6.0
2023,2,401520198,Liberty,New Mexico State,False,True,-9.333333333333334,-11.5,True,9.333333333333334,1.0,2.166666666666666,7.0,6.0
2023,2,401525829,Kansas State,Troy,False,False,-14.833333333333334,-16.25,True,14.833333333333334,1.0,1.416666666666666,6.0,6.0
2023,2,401531842,Old Dominion,Louisiana,False,True,6.0,6.75,False,6.0,1.0,-0.75,6.0,6.0
2023,2,401531419,Florida Atlantic,Ohio,False,False,-3.5,-4.25,True,3.5,-1.0,0.75,7.0,7.0
2023,2,401520215,Virginia Tech,Purdue,False,False,-0.8333333333333334,-1.25,True,0.8333333333333334,-1.0,0.41666666666666663,6.0,7.0
2023,2,401520188,Colorado,Nebraska,False,False,-2.8333333333333335,2.5,True,2.8333333333333335,1.0,-5.333333333333334,7.0,8.0
2023,2,401525436,NC State,Notre Dame,False,False,7.0,7.75,False,7.0,-1.0,-0.75,8.0,6.0
2023,2,401531378,Georgia Southern,UAB,False,False,-6.833333333333333,-6.0,True,6.833333333333333,1.0,-0.833333333333333,7.0,8.0
2023,2,401525831,Rice,Houston,False,False,7.166666666666667,8.75,False,7.166666666666667,1.0,-1.583333333333333,7.0,7.0
2023,2,401520217,Washington State,Wisconsin,False,False,5.333333333333333,5.25,False,5.333333333333333,1.0,0.08333333333333304,7.0,7.0
2023,2,401520204,Minnesota,Eastern Michigan,False,False,-19.666666666666668,-20.0,True,19.666666666666668,-1.0,0.33333333333333215,8.0,8.0
2023,2,401520206,Missouri,Middle Tennessee,False,False,-21.0,-20.75,True,21.0,-1.0,-0.25,8.0,6.0
2023,2,401520210,Rutgers,Temple,False,False,-7.666666666666667,-9.25,True,7.666666666666667,1.0,1.583333333333333,6.0,7.0
2023,2,401524001,San Diego State,UCLA,False,False,13.5,13.5,False,13.5,-1.0,0.0,6.0,6.0
2023,2,401520211,Sam Houston,Air Force,True,False,13.166666666666666,14.25,False,13.166666666666666,1.0,-1.083333333333334,6.0,7.0
2023,2,401524003,USC,Stanford,False,True,-28.666666666666668,-29.75,True,28.666666666666668,1.0,1.0833333333333321,7.0,7.0
2023,2,401520200,Maryland,Charlotte,False,False,-24.5,-24.5,True,24.5,-1.0,0.0,7.0,7.0
2023,2,401525498,Virginia,James Madison,False,False,6.0,6.25,False,6.0,1.0,-0.25,7.0,6.0
2023,2,401520207,Northwestern,UTEP,False,False,-1.0,0.5,True,1.0,1.0,-1.5,6.0,6.0
2023,2,401520214,Tulane,Ole Miss,False,False,9.833333333333334,5.0,False,9.833333333333334,-1.0,4.833333333333334,6.0,7.0
2023,2,401520192,Georgia State,UConn,False,False,-3.0,-4.0,True,3.0,1.0,1.0,9.0,8.0
2023,2,401520205,Mississippi State,Arizona,False,False,-8.833333333333334,-11.25,True,8.833333333333334,-1.0,2.416666666666666,7.0,6.0
2023,2,401520189,Florida International,North Texas,False,False,10.666666666666666,13.0,False,10.666666666666666,1.0,-2.333333333333334,7.0,7.0
2023,2,401526833,Massachusetts,Miami (OH),False,False,6.833333333333333,6.75,False,6.833333333333333,-1.0,0.08333333333333304,7.0,7.0
2023,2,401531411,East Carolina,Marshall,False,False,2.8333333333333335,1.5,False,2.8333333333333335,-1.0,1.3333333333333335,7.0,6.0
2023,2,401520194,Iowa State,Iowa,False,False,3.5,3.75,False,3.5,-1.0,-0.25,7.0,7.0
2023,2,401531395,UTSA,Texas State,False,False,-13.833333333333334,-12.5,True,13.833333333333334,-1.0,-1.333333333333334,6.0,6.0
2023,2,401525496,Pittsburgh,Cincinnati,False,False,-6.5,-7.25,True,6.5,-1.0,0.75,7.0,7.0
2023,2,401525495,North Carolina,App State,False,False,-19.0,-16.75,True,19.0,-1.0,-2.25,6.0,7.0
2023,2,401525493,Florida State,Southern Miss,False,False,-31.0,-29.5,True,31.0,1.0,-1.5,6.0,7.0
2023,3,401520239,North Carolina,Minnesota,False,False,-6.666666666666667,-6.25,True,6.666666666666667,1.0,-0.41666666666666696,6.0,6.0
2023,3,401524007,Colorado,Colorado State,False,False,-21.333333333333332,-19.0,True,21.333333333333332,-1.0,-2.333333333333332,7.0,14.0
2023,2,401520193,Indiana,Indiana State,False,False,-31.0,-31.0,True,31.0,1.0,0.0,6.0,
2023,2,401520208,Ohio State,Youngstown State,False,False,-45.25,-41.0,True,45.25,-1.0,-4.25,6.0,
2023,3,401531848,Troy,James Madison,False,True,-2.8333333333333335,-2.25,True,2.8333333333333335,-1.0,-0.5833333333333335,7.0,7.0
2023,3,401520236,Missouri,Kansas State,False,False,3.0,3.75,False,3.0,1.0,-0.75,6.0,7.0
2023,3,401520226,Illinois,Penn State,False,True,13.5,13.75,False,13.5,-1.0,-0.25,7.0,7.0
2023,3,401525503,West Virginia,Pittsburgh,False,False,-1.0,1.75,True,1.0,1.0,-2.75,7.0,7.0
2023,2,401525494,Georgia Tech,South Carolina State,False,False,-42.666666666666664,-42.0,True,42.666666666666664,-1.0,-0.6666666666666643,7.0,6.0
2023,2,401532400,Bowling Green,Eastern Illinois,False,False,-17.0,-17.0,True,17.0,1.0,0.0,7.0,
2023,2,401532397,Northern Illinois,Southern Illinois,False,False,-6.75,-7.0,True,6.75,-1.0,0.25,7.0,
2023,2,401532576,Nevada,Idaho,False,False,4.0,2.5,False,4.0,-1.0,1.5,7.0,
2023,2,401524000,Oregon State,UC Davis,False,False,-23.5,-23.0,True,23.5,1.0,-0.5,6.0,
2023,2,401525491,Clemson,Charleston Southern,False,False,-50.5,-50.5,True,50.5,-1.0,0.0,4.0,
2023,2,401520203,Michigan State,Richmond,False,False,-29.5,-29.5,True,29.5,1.0,0.0,7.0,
2023,2,401520196,Kentucky,Eastern Kentucky,False,False,-35.25,-35.5,True,35.25,-1.0,0.25,7.0,6.0
2023,2,401525492,Duke,Lafayette,False,False,-41.75,-41.0,True,41.75,-1.0,-0.75,4.0,
2023,2,401532398,Toledo,Texas Southern,False,False,-39.25,-38.0,True,39.25,1.0,-1.25,6.0,
2023,2,401520209,Penn State,Delaware,False,False,-43.75,-43.5,True,43.75,1.0,-0.25,6.0,
2023,2,401532578,San José State,Cal Poly,False,False,-23.0,-22.5,True,23.0,1.0,-0.5,6.0,
2023,2,401525828,BYU,Southern Utah,False,False,-30.75,-31.0,True,30.75,-1.0,0.25,6.0,8.0
2023,2,401520185,Army,Delaware State,False,False,-39.5,-39.5,True,39.5,1.0,0.0,6.0,
2023,2,401532574,Fresno State,Eastern Washington,False,False,-31.5,,True,31.5,-1.0,,7.0,
2023,2,401520213,Tennessee,Austin Peay,False,False,-46.75,-45.5,True,46.75,-1.0,-1.25,7.0,
2023,2,401532580,Wyoming,Portland State,False,False,-28.0,-28.0,True,28.0,-1.0,0.0,6.0,7.0
2023,2,401525490,Boston College,Holy Cross,False,False,-10.0,-10.0,True,10.0,-1.0,0.0,7.0,
2023,2,401520190,Florida,McNeese,False,False,-48.5,,True,48.5,-1.0,,8.0,
2023,2,401531432,Navy,Wagner,False,False,-42.75,-42.0,True,42.75,-1.0,-0.75,14.0,
2023,3,401520229,Louisiana Tech,North Texas,False,False,-4.5,-3.0,True,4.5,-1.0,-1.5,7.0,7.0
2023,3,401532581,Air Force,Utah State,False,True,-8.75,-8.5,True,8.75,1.0,-0.25,6.0,6.0
2023,3,401520228,Kentucky,Akron,False,False,-25.25,-24.5,True,25.25,1.0,-0.75,7.0,7.0
2023,3,401524008,Oregon,Hawai'i,False,False,-38.25,-37.0,True,38.25,1.0,-1.25,7.0,6.0
2023,3,401531428,Memphis,Navy,False,True,-12.25,-16.0,True,12.25,-1.0,3.75,5.0,5.0
2023,3,401531396,UTSA,Army,False,False,-7.0,-10.0,True,7.0,-1.0,3.0,6.0,6.0
2023,3,401520230,Indiana,Louisville,True,False,10.0,9.5,False,10.0,1.0,0.5,7.0,8.0
2023,3,401525500,Boston College,Florida State,False,True,25.25,28.5,False,25.25,1.0,-3.25,7.0,6.0
2023,3,401520231,Maryland,Virginia,False,False,-16.25,-14.0,True,16.25,1.0,-2.25,5.0,6.0
2023,3,401520222,Buffalo,Liberty,False,False,2.75,4.5,False,2.75,-1.0,-1.75,6.0,6.0
2023,3,401525504,Old Dominion,Wake Forest,False,False,13.75,14.0,False,13.75,1.0,-0.25,6.0,7.0
2023,3,401526834,Eastern Michigan,Massachusetts,False,False,-7.5,-10.0,True,7.5,-1.0,2.5,6.0,6.0
2023,3,401525837,Nevada,Kansas,False,False,28.5,28.0,False,28.5,1.0,0.5,7.0,8.0
2023,3,401525835,Cincinnati,Miami (OH),False,False,-14.25,-16.5,True,14.25,-1.0,2.25,7.0,7.0
2023,3,401520219,Arizona,UTEP,False,False,-18.25,-17.0,True,18.25,1.0,-1.25,7.0,7.0
2023,3,401525501,Clemson,Florida Atlantic,False,False,-25.0,-24.0,True,25.0,1.0,-1.0,7.0,7.0
2023,3,401520232,Michigan,Bowling Green,False,False,-40.75,-40.0,True,40.75,-1.0,-0.75,7.0,7.0
2023,3,401520220,Arkansas,BYU,False,False,-8.25,-10.0,True,8.25,-1.0,1.75,7.0,7.0
2023,3,401520249,Wisconsin,Georgia Southern,False,False,-20.5,-15.0,True,20.5,1.0,-5.5,6.0,6.0
2023,3,401531412,App State,East Carolina,False,False,-7.5,-9.5,True,7.5,1.0,2.0,6.0,6.0
2023,3,401524009,Oregon State,San Diego State,False,False,-24.5,-22.0,True,24.5,-1.0,-2.5,6.0,6.0
2023,3,401520243,Rutgers,Virginia Tech,False,False,-6.5,-4.5,True,6.5,1.0,-2.0,6.0,7.0
2023,3,401525842,Tulsa,Oklahoma,False,False,28.0,26.0,False,28.0,-1.0,2.0,6.0,6.0
2023,3,401520242,Purdue,Syracuse,False,False,1.0,0.0,False,1.0,-1.0,1.0,7.0,7.0
2023,3,401525836,Houston,TCU,False,True,7.25,8.0,False,7.25,-1.0,-0.75,7.0,7.0
2023,3,401520238,New Mexico,New Mexico State,False,False,-2.75,-1.5,True,2.75,-1.0,-1.25,7.0,7.0
2023,3,401525840,Texas,Wyoming,False,False,-31.0,-28.0,True,31.0,-1.0,-3.0,7.0,7.0
2023,3,401531348,Southern Miss,Tulane,False,False,7.75,11.0,False,7.75,-1.0,-3.25,6.0,7.0
2023,3,401520237,Nebraska,Northern Illinois,False,False,-11.5,-13.0,True,11.5,1.0,1.5,7.0,7.0
2023,3,401520245,Texas A&M,UL Monroe,False,False,-36.5,-32.0,True,36.5,1.0,-4.5,7.0,6.0
2023,3,401525437,Notre Dame,Central Michigan,False,False,-34.75,-33.0,True,34.75,-1.0,-1.75,7.0,7.0
2023,3,401532403,Toledo,San José State,False,False,-9.0,-7.5,True,9.0,-1.0,-1.5,7.0,7.0
2023,3,401525839,Oklahoma State,South Alabama,False,False,-7.0,-9.0,True,7.0,-1.0,2.0,6.0,7.0
2023,3,401520223,Duke,Northwestern,False,False,-17.0,-19.0,True,17.0,1.0,2.0,6.0,7.0
2023,3,401531379,UAB,Louisiana,False,False,-2.0,-1.0,True,2.0,-1.0,-1.0,7.0,7.0
2023,3,401520247,UNLV,Vanderbilt,False,False,4.5,4.0,False,4.5,1.0,0.5,7.0,7.0
2023,3,401524005,Arizona State,Fresno State,False,False,3.75,2.5,False,3.75,-1.0,1.25,7.0,7.0
2023,3,401525838,Ohio,Iowa State,False,False,2.0,2.0,False,2.0,1.0,0.0,6.0,6.0
2023,3,401531403,Charlotte,Georgia State,False,False,6.25,8.5,False,6.25,-1.0,-2.25,6.0,6.0
2023,3,401520246,UConn,Florida International,False,False,-7.0,-10.0,True,7.0,-1.0,3.0,6.0,6.0
2023,3,401520240,Ohio State,Western Kentucky,False,False,-29.5,-27.5,True,29.5,1.0,-2.0,7.0,6.0
2023,3,401520244,South Florida,Alabama,False,False,34.25,31.5,False,34.25,1.0,2.75,6.0,6.0
2023,3,401520227,Iowa,Western Michigan,False,False,-28.5,-25.0,True,28.5,1.0,-3.5,7.0,7.0
2023,3,401520241,Ole Miss,Georgia Tech,False,False,-17.0,-19.0,True,17.0,1.0,2.0,7.0,7.0
2023,4,401532407,Fresno State,Kent State,False,False,-27.5,-27.5,True,27.5,1.0,0.0,7.0,7.0
2023,4,401525510,Pittsburgh,North Carolina,False,True,7.166666666666667,6.5,False,7.166666666666667,-1.0,0.666666666666667,7.0,7.0
2023,4,401532584,San José State,Air Force,False,True,6.166666666666667,3.75,False,6.166666666666667,-1.0,2.416666666666667,6.0,7.0
2023,4,401532405,Bowling Green,Ohio,False,True,13.0,11.0,False,13.0,-1.0,2.0,6.0,7.0
2023,4,401520257,Jacksonville State,Eastern Michigan,False,False,-6.5,-5.5,True,6.5,1.0,-1.0,13.0,7.0
2023,4,401531849,Coastal Carolina,Georgia State,False,True,-5.833333333333333,-6.5,True,5.833333333333333,-1.0,0.666666666666667,5.0,5.0
2023,4,401520274,Vanderbilt,Kentucky,False,True,13.333333333333334,13.75,False,13.333333333333334,-1.0,-0.4166666666666661,6.0,6.0
2023,4,401525506,Louisville,Boston College,False,True,-13.833333333333334,-13.75,True,13.833333333333334,1.0,-0.08333333333333393,7.0,7.0
2023,4,401520271,Troy,Western Kentucky,False,False,-3.5,-3.25,True,3.5,-1.0,-0.25,6.0,6.0
2023,4,401520263,Nebraska,Louisiana Tech,False,False,-20.666666666666668,-19.5,True,20.666666666666668,-1.0,-1.1666666666666679,6.0,6.0
2023,4,401525505,Virginia,NC State,False,True,8.0,9.25,False,8.0,1.0,-1.25,7.0,6.0
2023,4,401525509,Temple,Miami,False,False,23.333333333333332,24.0,False,23.333333333333332,-1.0,-0.6666666666666679,7.0,8.0
2023,4,401525508,Wake Forest,Georgia Tech,False,True,-3.6666666666666665,-5.5,True,3.6666666666666665,-1.0,1.8333333333333335,7.0,6.0
2023,4,401520251,Florida,Charlotte,False,False,-27.833333333333332,-27.5,True,27.833333333333332,-1.0,-0.33333333333333215,7.0,7.0
2023,4,401520272,UConn,Duke,False,False,22.166666666666668,22.0,False,22.166666666666668,-1.0,0.16666666666666785,7.0,7.0
2023,4,401532583,San Diego State,Boise State,False,True,5.833333333333333,6.75,False,5.833333333333333,1.0,-0.916666666666667,6.0,6.0
2023,4,401524016,Stanford,Arizona,False,True,12.833333333333334,10.75,False,12.833333333333334,1.0,2.083333333333334,6.0,6.0
2023,4,401525846,Iowa State,Oklahoma State,False,True,-3.5,-3.0,True,3.5,1.0,-0.5,7.0,6.0
2023,4,401520256,Indiana,Akron,False,False,-16.5,-16.75,True,16.5,-1.0,0.25,7.0,7.0
2023,4,401525850,West Virginia,Texas Tech,False,True,5.833333333333333,5.5,False,5.833333333333333,1.0,0.33333333333333304,6.0,6.0
2023,4,401520252,Georgia,UAB,False,False,-40.833333333333336,-40.75,True,40.833333333333336,-1.0,-0.0833333333333357,7.0,7.0
2023,4,401520262,Middle Tennessee,Colorado State,False,False,-3.5,-2.5,True,3.5,-1.0,-1.0,7.0,6.0
2023,4,401531877,Texas State,Nevada,False,False,-17.0,-17.0,True,17.0,-1.0,0.0,6.0,6.0
2023,4,401525847,Kansas,BYU,False,True,-9.333333333333334,-8.5,True,9.333333333333334,1.0,-0.8333333333333339,6.0,6.0
2023,4,401520264,Northwestern,Minnesota,False,True,11.166666666666666,12.5,False,11.166666666666666,1.0,-1.333333333333334,7.0,7.0
2023,4,401524019,Washington State,Oregon State,False,True,3.0,2.75,False,3.0,1.0,0.25,7.0,7.0
2023,4,401524018,Washington,California,False,True,-20.5,-21.25,True,20.5,1.0,0.75,7.0,7.0
2023,4,401520254,Houston,Sam Houston,False,False,-11.5,-13.25,True,11.5,1.0,1.75,6.0,13.0
2023,4,401520260,Michigan,Rutgers,False,True,-23.833333333333332,-25.0,True,23.833333333333332,1.0,1.1666666666666679,6.0,6.0
2023,4,401520255,Illinois,Florida Atlantic,False,False,-16.0,-13.5,True,16.0,-1.0,-2.5,7.0,6.0
2023,4,401531872,Utah State,James Madison,False,False,5.0,6.5,False,5.0,-1.0,-1.5,8.0,7.0
2023,4,401524014,Arizona State,USC,False,True,34.333333333333336,34.0,False,34.333333333333336,1.0,0.3333333333333357,7.0,14.0
2023,4,401531874,Arkansas State,Southern Miss,False,True,6.666666666666667,6.0,False,6.666666666666667,1.0,0.666666666666667,7.0,7.0
2023,4,401520265,Penn State,Iowa,False,True,-14.166666666666666,-14.25,True,14.166666666666666,1.0,0.08333333333333393,7.0,7.0
2023,4,401524015,Oregon,Colorado,False,True,-21.0,-18.75,True,21.0,1.0,-2.25,6.0,6.0
2023,4,401520270,Texas A&M,Auburn,False,True,-9.0,-7.25,True,9.0,1.0,-1.75,6.0,6.0
2023,4,401525848,Kansas State,UCF,False,True,-5.333333333333333,-6.0,True,5.333333333333333,1.0,0.666666666666667,7.0,7.0
2023,4,401525849,TCU,SMU,False,False,-6.833333333333333,-6.25,True,6.833333333333333,1.0,-0.583333333333333,6.0,6.0
2023,4,401531338,Northern Illinois,Tulsa,False,False,-3.8333333333333335,-3.25,True,3.8333333333333335,-1.0,-0.5833333333333335,6.0,6.0
2023,4,401531423,South Florida,Rice,False,True,2.5,2.25,False,2.5,1.0,0.25,7.0,6.0
2023,4,401526835,Massachusetts,New Mexico,False,False,-3.5,-2.25,True,3.5,-1.0,-1.25,7.0,6.0
2023,4,401520269,Tennessee,UTSA,False,False,-23.333333333333332,-20.25,True,23.333333333333332,1.0,-3.083333333333332,6.0,7.0
2023,4,401520275,Florida International,Liberty,False,True,10.0,11.75,False,10.0,-1.0,-1.75,7.0,7.0
2023,4,401520273,UTEP,UNLV,False,False,-0.16666666666666666,2.75,True,0.16666666666666666,-1.0,-2.9166666666666665,6.0,7.0
2023,4,401520267,South Carolina,Mississippi State,False,True,-6.0,-5.75,True,6.0,1.0,-0.25,7.0,7.0
2023,4,401531871,Ball State,Georgia Southern,False,False,6.0,6.75,False,6.0,-1.0,-0.75,7.0,7.0
2023,4,401525845,Cincinnati,Oklahoma,False,True,13.666666666666666,14.0,False,13.666666666666666,-1.0,-0.3333333333333339,6.0,6.0
2023,4,401520253,Hawai'i,New Mexico State,False,False,-3.6666666666666665,-3.0,True,3.6666666666666665,-1.0,-0.6666666666666665,7.0,7.0
2023,4,401531875,Louisiana,Buffalo,False,False,-10.333333333333334,-9.0,True,10.333333333333334,-1.0,-1.333333333333334,7.0,7.0
2023,4,401520266,Purdue,Wisconsin,False,True,6.0,6.5,False,6.0,-1.0,-0.5,5.0,6.0
2023,4,401525511,Marshall,Virginia Tech,False,False,-5.333333333333333,-6.25,True,5.333333333333333,1.0,0.916666666666667,13.0,6.0
2023,4,401520261,Michigan State,Maryland,False,True,7.333333333333333,6.75,False,7.333333333333333,-1.0,0.583333333333333,6.0,7.0
2023,4,401532406,Toledo,Western Michigan,False,True,-21.5,-20.75,True,21.5,-1.0,-0.75,6.0,6.0
2023,4,401520259,Missouri,Memphis,True,False,-6.5,-6.0,True,6.5,1.0,-0.5,7.0,9.0
2023,5,401524023,Colorado,USC,False,True,21.666666666666668,22.0,False,21.666666666666668,1.0,-0.33333333333333215,6.0,6.0
2023,5,401525514,Syracuse,Clemson,False,True,6.833333333333333,8.25,False,6.833333333333333,-1.0,-1.416666666666667,7.0,7.0
2023,5,401524020,Oregon State,Utah,False,True,-3.5,-0.75,True,3.5,1.0,-2.75,6.0,6.0
2023,5,401525438,Duke,Notre Dame,False,False,5.5,6.5,False,5.5,-1.0,-1.0,7.0,7.0
2023,5,401520285,Mississippi State,Alabama,False,True,15.0,13.25,False,15.0,-1.0,1.75,7.0,7.0
2023,5,401520282,Kentucky,Florida,False,True,-1.6666666666666667,-3.25,True,1.6666666666666667,1.0,1.5833333333333333,7.0,6.0
2023,5,401531880,James Madison,South Alabama,False,True,-2.5,-3.0,True,2.5,1.0,0.5,6.0,6.0
2023,4,401531876,South Alabama,Central Michigan,False,False,-16.166666666666668,-14.75,True,16.166666666666668,-1.0,-1.4166666666666679,6.0,7.0
2023,5,401531339,Tulsa,Temple,False,True,-3.1666666666666665,-4.0,True,3.1666666666666665,1.0,0.8333333333333335,5.0,5.0
2023,6,401520294,Middle Tennessee,Jacksonville State,False,True,-3.0,-4.25,True,3.0,-1.0,1.25,6.0,6.0
2023,5,401532586,UNLV,Hawai'i,False,True,-10.833333333333334,-10.5,True,10.833333333333334,1.0,-0.3333333333333339,6.0,6.0
2023,5,401520277,Western Kentucky,Middle Tennessee,False,True,-6.333333333333333,-6.75,True,6.333333333333333,1.0,0.41666666666666696,5.0,5.0
2023,6,401520305,Missouri,LSU,False,True,5.5,7.0,False,5.5,-1.0,-1.5,6.0,6.0
2023,5,401520293,Vanderbilt,Missouri,False,True,13.666666666666666,12.75,False,13.666666666666666,-1.0,0.9166666666666661,7.0,6.0
2023,6,401520296,Liberty,Sam Houston,False,True,-20.5,-18.25,True,20.5,-1.0,-2.25,12.0,6.0
2023,6,401520295,Louisiana Tech,Western Kentucky,False,True,6.0,6.0,False,6.0,-1.0,0.0,5.0,7.0
2023,5,401524024,Stanford,Oregon,False,True,27.0,27.0,False,27.0,-1.0,0.0,6.0,7.0
2023,6,401520297,New Mexico State,Florida International,False,True,-6.5,-5.75,True,6.5,1.0,-0.75,10.0,11.0
2023,5,401531878,Georgia Southern,Coastal Carolina,False,True,-6.166666666666667,-5.75,True,6.166666666666667,1.0,-0.41666666666666696,7.0,8.0
2023,5,401532588,Wyoming,New Mexico,False,True,-14.166666666666666,-13.25,True,14.166666666666666,-1.0,-0.9166666666666661,6.0,7.0
2023,5,401531414,Rice,East Carolina,False,True,-3.3333333333333335,-4.25,True,3.3333333333333335,1.0,0.9166666666666665,7.0,7.0
2023,5,401525856,UCF,Baylor,False,True,-10.666666666666666,-11.75,True,10.666666666666666,-1.0,1.083333333333334,6.0,6.0
2023,6,401520298,Army,Boston College,False,False,-2.5,-3.25,True,2.5,-1.0,0.75,14.0,6.0
2023,6,401520307,Ohio State,Maryland,False,True,-18.0,-18.25,True,18.0,1.0,0.25,13.0,6.0
2023,5,401520284,Minnesota,Louisiana,False,False,-10.166666666666666,-11.0,True,10.166666666666666,1.0,0.8333333333333339,6.0,6.0
2023,5,401525852,Oklahoma,Iowa State,False,True,-19.833333333333332,-20.5,True,19.833333333333332,1.0,0.6666666666666679,7.0,7.0
2023,5,401531881,Marshall,Old Dominion,False,True,-14.166666666666666,-13.5,True,14.166666666666666,-1.0,-0.6666666666666661,7.0,7.0
2023,5,401531883,Southern Miss,Texas State,False,True,6.166666666666667,7.25,False,6.166666666666667,-1.0,-1.083333333333333,7.0,7.0
2023,5,401525513,Boston College,Virginia,False,True,-3.8333333333333335,-2.5,True,3.8333333333333335,-1.0,-1.3333333333333335,6.0,7.0
2023,5,401520278,UTEP,Louisiana Tech,False,True,0.6666666666666666,-1.0,False,0.6666666666666666,-1.0,1.6666666666666665,6.0,6.0
2023,5,401525515,Georgia Tech,Bowling Green,False,False,-21.833333333333332,-21.0,True,21.833333333333332,-1.0,-0.8333333333333321,6.0,7.0
2023,5,401532589,Air Force,San Diego State,False,True,-10.666666666666666,-10.25,True,10.666666666666666,1.0,-0.4166666666666661,7.0,7.0
2023,5,401524021,Arizona,Washington,False,True,19.166666666666668,18.25,False,19.166666666666668,1.0,0.9166666666666679,7.0,6.0
2023,5,401532587,Fresno State,Nevada,False,True,-24.833333333333332,-23.75,True,24.833333333333332,-1.0,-1.0833333333333321,7.0,7.0
2023,5,401526836,Massachusetts,Arkansas State,False,False,-1.6666666666666667,-0.5,True,1.6666666666666667,-1.0,-1.1666666666666667,7.0,6.0
2023,5,401525516,Virginia Tech,Pittsburgh,False,True,2.6666666666666665,2.25,False,2.6666666666666665,1.0,0.4166666666666665,7.0,7.0
2023,5,401532409,Western Michigan,Ball State,False,True,-1.3333333333333333,-1.0,True,1.3333333333333333,1.0,-0.33333333333333326,7.0,7.0
2023,5,401525512,NC State,Louisville,False,True,3.3333333333333335,3.25,False,3.3333333333333335,1.0,0.08333333333333348,6.0,6.0
2023,5,401531879,Georgia State,Troy,False,True,-1.1666666666666667,-2.5,True,1.1666666666666667,-1.0,1.3333333333333333,8.0,7.0
2023,5,401532412,Akron,Buffalo,False,True,-2.6666666666666665,-2.0,True,2.6666666666666665,-1.0,-0.6666666666666665,6.0,6.0
2023,5,401520289,Purdue,Illinois,False,True,-0.6666666666666666,-1.25,True,0.6666666666666666,1.0,0.5833333333333334,7.0,7.0
2023,5,401532411,Toledo,Northern Illinois,False,True,-13.166666666666666,-13.25,True,13.166666666666666,-1.0,0.08333333333333393,7.0,7.0
2023,5,401520281,Iowa,Michigan State,False,True,-11.5,-10.75,True,11.5,-1.0,-0.75,7.0,7.0
2023,5,401531404,SMU,Charlotte,False,True,-23.166666666666668,-23.0,True,23.166666666666668,-1.0,-0.16666666666666785,7.0,7.0
2023,5,401520292,UConn,Utah State,False,False,4.833333333333333,5.25,False,4.833333333333333,1.0,-0.41666666666666696,6.0,6.0
2023,5,401525853,TCU,West Virginia,False,True,-12.5,-10.25,True,12.5,-1.0,-2.25,7.0,7.0
2023,5,401520283,Maryland,Indiana,False,True,-14.166666666666666,-14.25,True,14.166666666666666,1.0,0.08333333333333393,7.0,6.0
2023,5,401532410,Central Michigan,Eastern Michigan,False,True,-8.166666666666666,-6.75,True,8.166666666666666,-1.0,-1.416666666666666,6.0,6.0
2023,5,401531424,Navy,South Florida,False,True,-3.6666666666666665,-4.0,True,3.6666666666666665,-1.0,0.3333333333333335,15.0,6.0
2023,5,401525851,BYU,Cincinnati,False,True,-0.5,-2.75,True,0.5,1.0,2.25,6.0,6.0
2023,6,401532592,Boise State,San José State,False,True,-8.5,-9.0,True,8.5,-1.0,0.5,7.0,14.0
2023,5,401520287,Northwestern,Penn State,False,True,26.5,25.5,False,26.5,-1.0,1.0,6.0,6.0
2023,7,401531390,North Texas,Temple,False,True,-6.833333333333333,-7.5,True,6.833333333333333,1.0,0.666666666666667,6.0,6.0
2023,5,401531370,Tulane,UAB,False,True,-22.0,-20.5,True,22.0,-1.0,-1.5,6.0,6.0
2023,5,401525855,Texas Tech,Houston,False,True,-9.0,-10.0,True,9.0,1.0,1.0,7.0,6.0
2023,5,401531429,Memphis,Boise State,False,False,-3.3333333333333335,-2.25,True,3.3333333333333335,-1.0,-1.0833333333333335,6.0,7.0
2023,5,401524022,California,Arizona State,False,True,-12.333333333333334,-11.75,True,12.333333333333334,-1.0,-0.5833333333333339,6.0,6.0
2023,5,401531882,UL Monroe,App State,False,True,13.5,13.5,False,13.5,1.0,0.0,14.0,7.0
2023,5,401532413,Kent State,Miami (OH),False,True,14.333333333333334,15.5,False,14.333333333333334,-1.0,-1.166666666666666,6.0,6.0
2023,7,401532419,Ball State,Toledo,False,True,17.5,16.25,False,17.5,1.0,1.25,6.0,7.0
2023,6,401525859,Iowa State,TCU,False,True,6.5,6.25,False,6.5,1.0,0.25,7.0,7.0
2023,6,401532591,Wyoming,Fresno State,False,True,5.833333333333333,4.5,False,5.833333333333333,1.0,1.333333333333333,7.0,6.0
2023,6,401525519,Miami,Georgia Tech,False,True,-19.166666666666668,-19.25,True,19.166666666666668,-1.0,0.08333333333333215,14.0,7.0
2023,6,401525858,Baylor,Texas Tech,False,True,2.1666666666666665,0.25,False,2.1666666666666665,-1.0,1.9166666666666665,7.0,7.0
2023,6,401524025,USC,Arizona,False,True,-21.166666666666668,-22.0,True,21.166666666666668,-1.0,0.8333333333333321,7.0,7.0
2023,6,401524027,California,Oregon State,False,True,8.166666666666666,9.25,False,8.166666666666666,-1.0,-1.083333333333334,7.0,8.0
2023,7,401532597,Nevada,UNLV,False,True,7.666666666666667,9.5,False,7.666666666666667,-1.0,-1.833333333333333,13.0,14.0
2023,7,401531405,Charlotte,Navy,False,True,3.1666666666666665,4.0,False,3.1666666666666665,-1.0,-0.8333333333333335,13.0,6.0
2023,7,401532596,New Mexico,San José State,False,True,6.5,8.75,False,6.5,-1.0,-2.25,14.0,6.0
2023,6,401520303,Minnesota,Michigan,False,True,18.333333333333332,17.5,False,18.333333333333332,-1.0,0.8333333333333321,7.0,7.0
2023,6,401532415,Buffalo,Central Michigan,False,True,2.6666666666666665,2.5,False,2.6666666666666665,1.0,0.16666666666666652,7.0,7.0
2023,6,401525517,Clemson,Wake Forest,False,True,-21.0,-20.75,True,21.0,-1.0,-0.25,7.0,13.0
2023,6,401526837,Massachusetts,Toledo,False,False,19.0,19.25,False,19.0,1.0,-0.25,6.0,6.0
2023,6,401525521,NC State,Marshall,False,False,-6.5,-6.5,True,6.5,1.0,0.0,7.0,6.0
2023,6,401520304,Mississippi State,Western Michigan,False,False,-21.0,-20.75,True,21.0,-1.0,-0.25,6.0,6.0
2023,6,401532414,Eastern Michigan,Ball State,False,True,-2.3333333333333335,-2.75,True,2.3333333333333335,1.0,0.4166666666666665,7.0,7.0
2023,6,401531433,Navy,North Texas,False,True,-6.333333333333333,-6.0,True,6.333333333333333,-1.0,-0.33333333333333304,7.0,6.0
2023,6,401532417,Ohio,Kent State,False,True,-24.833333333333332,-26.0,True,24.833333333333332,1.0,1.1666666666666679,14.0,7.0
2023,6,401525520,North Carolina,Syracuse,False,True,-9.333333333333334,-7.5,True,9.333333333333334,1.0,-1.833333333333334,13.0,7.0
2023,6,401531887,Troy,Arkansas State,False,True,-15.666666666666666,-16.5,True,15.666666666666666,1.0,0.8333333333333339,6.0,7.0
2023,6,401525860,Kansas,UCF,False,True,1.8333333333333333,-3.25,False,1.8333333333333333,1.0,5.083333333333333,7.0,7.0
2023,6,401520299,Florida,Vanderbilt,False,True,-18.333333333333332,-18.0,True,18.333333333333332,1.0,-0.33333333333333215,7.0,7.0
2023,6,401532416,Miami (OH),Bowling Green,False,True,-8.333333333333334,-11.25,True,8.333333333333334,1.0,2.916666666666666,7.0,7.0
2023,6,401520309,Rice,UConn,False,False,-9.833333333333334,-10.0,True,9.833333333333334,-1.0,0.16666666666666607,6.0,7.0
2023,6,401531389,Temple,UTSA,False,True,14.0,12.25,False,14.0,-1.0,1.75,8.0,13.0
2023,6,401524028,UCLA,Washington State,False,True,-3.3333333333333335,-4.0,True,3.3333333333333335,1.0,0.6666666666666665,13.0,13.0
2023,6,401520302,Iowa,Purdue,False,True,-2.3333333333333335,-2.75,True,2.3333333333333335,1.0,0.4166666666666665,6.0,7.0
2023,6,401520311,Wisconsin,Rutgers,False,True,-12.833333333333334,-13.5,True,12.833333333333334,-1.0,0.6666666666666661,14.0,6.0
2023,6,401525518,Florida State,Virginia Tech,False,True,-23.833333333333332,-24.75,True,23.833333333333332,-1.0,0.9166666666666679,14.0,6.0
2023,6,401532418,Akron,Northern Illinois,False,True,4.333333333333333,4.0,False,4.333333333333333,-1.0,0.33333333333333304,7.0,7.0
2023,6,401531884,Louisiana,Texas State,False,True,-1.5,-1.75,True,1.5,1.0,0.25,7.0,6.0
2023,6,401524026,Arizona State,Colorado,False,True,3.3333333333333335,4.75,False,3.3333333333333335,1.0,-1.4166666666666665,7.0,7.0
2023,6,401532590,Utah State,Colorado State,False,True,3.0,0.5,False,3.0,1.0,2.5,7.0,7.0
2023,6,401520308,Ole Miss,Arkansas,False,True,-12.666666666666666,-10.5,True,12.666666666666666,-1.0,-2.166666666666666,7.0,7.0
2023,6,401525439,Louisville,Notre Dame,False,False,6.166666666666667,6.75,False,6.166666666666667,1.0,-0.583333333333333,8.0,7.0
2023,6,401531885,UL Monroe,South Alabama,False,True,10.666666666666666,12.0,False,10.666666666666666,-1.0,-1.333333333333334,6.0,7.0
2023,6,401531886,Southern Miss,Old Dominion,False,True,-2.5,-2.25,True,2.5,-1.0,-0.25,7.0,7.0
2023,6,401520300,Georgia,Kentucky,False,True,-14.5,-17.75,True,14.5,1.0,3.25,7.0,7.0
2023,7,401531890,James Madison,Georgia Southern,False,True,-5.833333333333333,-3.5,True,5.833333333333333,1.0,-2.333333333333333,14.0,13.0
2023,6,401531340,Florida Atlantic,Tulsa,False,True,-2.8333333333333335,-3.75,True,2.8333333333333335,1.0,0.9166666666666665,14.0,8.0
2023,7,401520313,Middle Tennessee,Louisiana Tech,False,True,-3.0,-2.75,True,3.0,1.0,-0.25,5.0,4.0
2023,7,401531888,App State,Coastal Carolina,False,True,-5.0,-6.0,True,5.0,-1.0,1.0,9.0,10.0
2023,7,401520324,Rutgers,Michigan State,False,True,-4.333333333333333,-5.25,True,4.333333333333333,-1.0,0.916666666666667,7.0,13.0
2023,7,401524032,Oregon State,UCLA,False,True,-3.6666666666666665,-4.5,True,3.6666666666666665,1.0,0.8333333333333335,6.0,7.0
2023,7,401525863,Cincinnati,Iowa State,False,True,-4.666666666666667,-3.75,True,4.666666666666667,-1.0,-0.916666666666667,14.0,6.0
2023,7,401531889,Georgia State,Marshall,False,True,-1.5,-1.0,True,1.5,1.0,-0.5,14.0,7.0
2023,7,401525527,Virginia Tech,Wake Forest,False,True,-1.5,1.0,True,1.5,1.0,-2.5,7.0,7.0
2023,7,401525866,Texas Tech,Kansas State,False,True,-1.1666666666666667,-1.0,True,1.1666666666666667,-1.0,-0.16666666666666674,6.0,7.0
2023,7,401532598,Air Force,Wyoming,False,True,-12.333333333333334,-10.0,True,12.333333333333334,-1.0,-2.333333333333334,13.0,6.0
2023,7,401525865,TCU,BYU,False,True,-5.0,-5.0,True,5.0,1.0,0.0,6.0,14.0
2023,7,401531381,UTSA,UAB,False,True,-8.833333333333334,-8.5,True,8.833333333333334,1.0,-0.3333333333333339,7.0,7.0
2023,7,401532593,Colorado State,Boise State,False,True,7.833333333333333,7.25,False,7.833333333333333,1.0,0.583333333333333,7.0,7.0
2023,7,401532424,Northern Illinois,Ohio,False,True,5.5,7.0,False,5.5,1.0,-1.5,7.0,7.0
2023,7,401520312,Jacksonville State,Liberty,False,True,6.666666666666667,6.25,False,6.666666666666667,-1.0,0.41666666666666696,5.0,5.0
2023,7,401520322,Penn State,Massachusetts,False,False,-41.833333333333336,-42.75,True,41.833333333333336,1.0,0.9166666666666643,14.0,7.0
2023,7,401520318,Kentucky,Missouri,False,True,-2.0,-2.75,True,2.0,-1.0,0.75,7.0,7.0
2023,7,401532595,Hawai'i,San Diego State,False,True,6.0,5.5,False,6.0,-1.0,0.5,14.0,14.0
2023,7,401532421,Buffalo,Bowling Green,False,True,-3.3333333333333335,-5.5,True,3.3333333333333335,-1.0,2.1666666666666665,7.0,7.0
2023,7,401525864,Oklahoma State,Kansas,False,True,3.0,3.75,False,3.0,1.0,-0.75,7.0,6.0
2023,7,401520317,Army,Troy,False,False,6.333333333333333,3.5,False,6.333333333333333,-1.0,2.833333333333333,7.0,6.0
2023,7,401532423,Western Michigan,Miami (OH),False,True,7.833333333333333,9.25,False,7.833333333333333,-1.0,-1.416666666666667,7.0,7.0
2023,7,401531420,South Florida,Florida Atlantic,False,True,-2.6666666666666665,-2.0,True,2.6666666666666665,-1.0,-0.6666666666666665,6.0,6.0
2023,7,401532420,Central Michigan,Akron,False,True,-10.333333333333334,-12.75,True,10.333333333333334,-1.0,2.416666666666666,7.0,7.0
2023,7,401520320,Maryland,Illinois,False,True,-13.333333333333334,-14.25,True,13.333333333333334,-1.0,0.9166666666666661,7.0,7.0
2023,7,401532594,Utah State,Fresno State,False,True,6.0,7.0,False,6.0,1.0,-1.0,6.0,6.0
2023,8,401531341,Tulsa,Rice,False,True,-3.1666666666666665,-3.0,True,3.1666666666666665,-1.0,-0.16666666666666652,12.0,12.0
2023,8,401531397,Florida Atlantic,UTSA,False,True,2.5,2.75,False,2.5,-1.0,-0.25,7.0,6.0
2023,8,401531893,Marshall,James Madison,False,True,3.6666666666666665,2.5,False,3.6666666666666665,-1.0,1.1666666666666665,5.0,5.0
2023,8,401525531,North Carolina,Virginia,False,True,-24.0,-23.25,True,24.0,-1.0,-0.75,6.0,14.0
2023,8,401532599,UNLV,Colorado State,False,True,-6.666666666666667,-7.5,True,6.666666666666667,-1.0,0.833333333333333,7.0,6.0
2023,8,401520332,UTEP,New Mexico State,False,True,2.3333333333333335,2.0,False,2.3333333333333335,-1.0,0.3333333333333335,7.0,7.0
2023,8,401532602,San José State,Utah State,False,True,-4.0,-4.0,True,4.0,1.0,0.0,7.0,7.0
2023,8,401525867,BYU,Texas Tech,False,True,3.0,3.75,False,3.0,1.0,-0.75,7.0,7.0
2023,8,401531895,Old Dominion,App State,False,True,5.833333333333333,6.25,False,5.833333333333333,1.0,-0.41666666666666696,14.0,10.0
2023,7,401532422,Eastern Michigan,Kent State,False,True,-7.666666666666667,-10.75,True,7.666666666666667,1.0,3.083333333333333,6.0,6.0
2023,8,401524035,Oregon,Washington State,False,True,-19.5,-16.75,True,19.5,-1.0,-2.75,7.0,6.0
2023,8,401520337,Indiana,Rutgers,False,True,6.0,4.75,False,6.0,-1.0,1.25,7.0,7.0
2023,7,401531891,Texas State,UL Monroe,False,True,-18.5,-16.0,True,18.5,-1.0,-2.5,7.0,7.0
2023,8,401532427,Miami (OH),Toledo,False,True,2.1666666666666665,1.0,False,2.1666666666666665,-1.0,1.1666666666666665,7.0,7.0
2023,8,401531896,Arkansas State,Coastal Carolina,False,True,8.666666666666666,9.5,False,8.666666666666666,-1.0,-0.8333333333333339,14.0,10.0
2023,8,401531391,Temple,SMU,False,True,23.5,19.25,False,23.5,-1.0,4.25,6.0,7.0
2023,8,401525869,Houston,Texas,False,True,23.5,22.5,False,23.5,1.0,1.0,8.0,14.0
2023,8,401525871,Oklahoma,UCF,False,True,-17.166666666666668,-18.75,True,17.166666666666668,-1.0,1.5833333333333321,14.0,13.0
2023,8,401525868,Cincinnati,Baylor,False,True,-2.6666666666666665,-2.0,True,2.6666666666666665,-1.0,-0.6666666666666665,7.0,13.0
2023,8,401531382,UAB,Memphis,False,True,7.333333333333333,5.5,False,7.333333333333333,-1.0,1.833333333333333,6.0,7.0
2023,8,401520335,Auburn,Ole Miss,False,True,6.5,5.0,False,6.5,-1.0,1.5,7.0,13.0
2023,8,401532600,New Mexico,Hawai'i,False,True,1.8333333333333333,0.0,False,1.8333333333333333,1.0,1.8333333333333333,7.0,6.0
2023,8,401531894,Georgia Southern,UL Monroe,False,True,-16.333333333333332,-16.25,True,16.333333333333332,-1.0,-0.08333333333333215,7.0,6.0
2023,8,401520331,Sam Houston,Florida International,False,True,-5.666666666666667,-5.5,True,5.666666666666667,-1.0,-0.16666666666666696,6.0,6.0
2023,8,401524036,Stanford,UCLA,False,True,17.0,16.5,False,17.0,-1.0,0.5,8.0,7.0
2023,8,401520341,Missouri,South Carolina,False,True,-7.333333333333333,-6.75,True,7.333333333333333,1.0,-0.583333333333333,6.0,7.0
2023,8,401525532,Wake Forest,Pittsburgh,False,True,1.6666666666666667,-1.25,False,1.6666666666666667,1.0,2.916666666666667,7.0,6.0
2023,8,401520330,Liberty,Middle Tennessee,False,True,-15.333333333333334,-14.25,True,15.333333333333334,-1.0,-1.083333333333334,6.0,7.0
2023,8,401532426,Northern Illinois,Eastern Michigan,False,True,-11.833333333333334,-11.25,True,11.833333333333334,-1.0,-0.5833333333333339,6.0,7.0
2023,8,401531897,Louisiana,Georgia State,False,True,-3.1666666666666665,-2.75,True,3.1666666666666665,-1.0,-0.4166666666666665,14.0,7.0
2023,8,401532428,Ohio,Western Michigan,False,True,-16.5,-16.5,True,16.5,-1.0,0.0,6.0,6.0
2023,8,401531892,South Alabama,Southern Miss,False,True,-18.0,-18.0,True,18.0,1.0,0.0,10.0,10.0
2023,8,401532425,Ball State,Central Michigan,False,True,5.0,4.25,False,5.0,1.0,0.75,7.0,7.0
2023,8,401520329,Jacksonville State,Western Kentucky,False,True,7.333333333333333,7.5,False,7.333333333333333,1.0,-0.16666666666666696,7.0,11.0
2023,8,401532430,Kent State,Buffalo,False,True,6.666666666666667,8.5,False,6.666666666666667,-1.0,-1.833333333333333,7.0,7.0
2023,8,401520344,UConn,South Florida,False,False,-0.3333333333333333,2.5,True,0.3333333333333333,-1.0,-2.8333333333333335,13.0,7.0
2023,8,401524038,Washington,Arizona State,False,True,-27.833333333333332,-27.5,True,27.833333333333332,-1.0,-0.33333333333333215,7.0,14.0
2023,8,401520342,Nebraska,Northwestern,False,True,-10.5,-12.0,True,10.5,-1.0,1.5,14.0,14.0
2023,8,401525872,West Virginia,Oklahoma State,False,True,-3.0,-2.75,True,3.0,-1.0,-0.25,8.0,7.0
2023,8,401531372,Tulane,North Texas,False,True,-20.166666666666668,-19.5,True,20.166666666666668,-1.0,-0.6666666666666679,7.0,7.0
2023,8,401531406,East Carolina,Charlotte,False,True,-6.166666666666667,-7.0,True,6.166666666666667,-1.0,0.833333333333333,8.0,7.0
2023,8,401532429,Bowling Green,Akron,False,True,-7.166666666666667,-8.5,True,7.166666666666667,1.0,1.333333333333333,6.0,6.0
2023,8,401532601,San Diego State,Nevada,False,True,-11.166666666666666,-12.75,True,11.166666666666666,-1.0,1.583333333333334,6.0,7.0
2023,9,401524039,Arizona,Oregon State,False,True,3.1666666666666665,4.5,False,3.1666666666666665,1.0,-1.3333333333333335,14.0,14.0
2023,9,401532606,Fresno State,UNLV,False,True,-9.5,-7.75,True,9.5,-1.0,-1.75,15.0,7.0
2023,8,401520339,LSU,Army,False,False,-33.0,-30.0,True,33.0,1.0,-3.0,7.0,7.0
2023,9,401532432,Ohio,Miami (OH),False,True,-7.333333333333333,-7.0,True,7.333333333333333,-1.0,-0.33333333333333304,7.0,6.0
2023,9,401520347,Florida International,Jacksonville State,False,True,8.833333333333334,7.75,False,8.833333333333334,-1.0,1.083333333333334,7.0,7.0
2023,9,401531902,South Alabama,Louisiana,False,True,-11.166666666666666,-9.75,True,11.166666666666666,-1.0,-1.416666666666666,10.0,6.0
2023,9,401520348,Sam Houston,UTEP,False,True,-3.6666666666666665,-3.0,True,3.6666666666666665,-1.0,-0.6666666666666665,7.0,6.0
2023,9,401532604,Nevada,New Mexico,False,True,0.0,-1.25,False,0.0,1.0,1.25,7.0,7.0
2023,9,401520355,Nebraska,Purdue,False,True,0.0,-3.0,False,0.0,1.0,3.0,7.0,14.0
2023,9,401525877,Texas,BYU,False,True,-19.833333333333332,-18.25,True,19.833333333333332,1.0,-1.5833333333333321,6.0,6.0
2023,9,401531398,UTSA,East Carolina,False,True,-17.833333333333332,-17.25,True,17.833333333333332,-1.0,-0.5833333333333321,6.0,7.0
2023,9,401520354,Minnesota,Michigan State,False,True,-6.666666666666667,-7.0,True,6.666666666666667,1.0,0.33333333333333304,7.0,6.0
2023,9,401520345,Louisiana Tech,New Mexico State,False,True,-3.0,-3.0,True,3.0,-1.0,0.0,14.0,5.0
2023,9,401525873,Baylor,Iowa State,False,True,2.8333333333333335,-0.25,False,2.8333333333333335,-1.0,3.0833333333333335,7.0,14.0
2023,9,401520350,Auburn,Mississippi State,False,True,-6.5,-6.5,True,6.5,1.0,0.0,6.0,7.0
2023,9,401525533,Virginia Tech,Syracuse,False,True,-2.5,-3.0,True,2.5,1.0,0.5,12.0,12.0
2023,9,401520346,Western Kentucky,Liberty,False,True,4.0,2.25,False,4.0,-1.0,1.75,7.0,7.0
2023,9,401525440,Notre Dame,Pittsburgh,False,False,-20.833333333333332,-18.0,True,20.833333333333332,1.0,-2.833333333333332,13.0,7.0
2023,9,401531898,App State,Southern Miss,False,True,-16.333333333333332,-17.25,True,16.333333333333332,-1.0,0.9166666666666679,6.0,10.0
2023,9,401525538,Miami,Virginia,False,True,-18.666666666666668,-18.0,True,18.666666666666668,-1.0,-0.6666666666666679,6.0,6.0
2023,9,401525536,Wake Forest,Florida State,False,True,20.833333333333332,20.0,False,20.833333333333332,-1.0,0.8333333333333321,6.0,6.0
2023,9,401524043,UCLA,Colorado,False,True,-15.0,-16.25,True,15.0,-1.0,1.25,6.0,14.0
2023,9,401531373,Rice,Tulane,False,True,10.166666666666666,11.0,False,10.166666666666666,1.0,-0.8333333333333339,8.0,7.0
2023,9,401525537,Georgia Tech,North Carolina,False,True,11.833333333333334,11.75,False,11.833333333333334,1.0,0.08333333333333393,7.0,7.0
2023,9,401524040,Arizona State,Washington State,False,True,4.833333333333333,6.5,False,4.833333333333333,1.0,-1.666666666666667,6.0,7.0
2023,9,401525875,Kansas State,Houston,False,True,-17.833333333333332,-17.0,True,17.833333333333332,1.0,-0.8333333333333321,6.0,6.0
2023,9,401525878,UCF,West Virginia,False,True,-6.666666666666667,-6.5,True,6.666666666666667,-1.0,-0.16666666666666696,7.0,6.0
2023,9,401525535,Louisville,Duke,False,True,-4.833333333333333,-4.0,True,4.833333333333333,1.0,-0.833333333333333,13.0,6.0
2023,9,401531903,Texas State,Troy,False,True,6.333333333333333,5.75,False,6.333333333333333,-1.0,0.583333333333333,14.0,14.0
2023,9,401520359,Texas A&M,South Carolina,False,True,-16.166666666666668,-13.75,True,16.166666666666668,-1.0,-2.416666666666668,13.0,6.0
2023,9,401524042,Stanford,Washington,False,True,27.333333333333332,26.5,False,27.333333333333332,1.0,0.8333333333333321,6.0,6.0
2023,9,401520357,Ole Miss,Vanderbilt,False,True,-24.166666666666668,-25.25,True,24.166666666666668,1.0,1.0833333333333321,7.0,14.0
2023,9,401531342,SMU,Tulsa,False,True,-20.5,-19.5,True,20.5,1.0,-1.0,7.0,8.0
2023,9,401531430,North Texas,Memphis,False,True,6.833333333333333,7.5,False,6.833333333333333,1.0,-0.666666666666667,6.0,7.0
2023,9,401532431,Eastern Michigan,Western Michigan,False,True,3.0,0.75,False,3.0,-1.0,2.25,6.0,7.0
2023,9,401525876,Oklahoma State,Cincinnati,False,True,-7.333333333333333,-7.75,True,7.333333333333333,1.0,0.41666666666666696,7.0,7.0
2023,9,401531929,Georgia Southern,Georgia State,False,True,-0.16666666666666666,-2.5,True,0.16666666666666666,1.0,2.3333333333333335,5.0,4.0
2023,9,401520349,Army,Massachusetts,False,True,-10.0,-9.5,True,10.0,-1.0,-0.5,6.0,13.0
2023,9,401520358,Penn State,Indiana,False,True,-31.333333333333332,-31.0,True,31.333333333333332,-1.0,-0.33333333333333215,7.0,7.0
2023,9,401531900,James Madison,Old Dominion,False,True,-19.833333333333332,-17.5,True,19.833333333333332,-1.0,-2.333333333333332,9.0,7.0
2023,9,401520351,Boston College,UConn,False,False,-14.5,-12.5,True,14.5,-1.0,-2.0,7.0,6.0
2023,9,401532605,Hawai'i,San José State,False,True,10.166666666666666,8.5,False,10.166666666666666,-1.0,1.666666666666666,7.0,7.0
2023,9,401532607,Boise State,Wyoming,False,True,-4.666666666666667,-5.0,True,4.666666666666667,1.0,0.33333333333333304,13.0,13.0
2023,9,401520356,Northwestern,Maryland,False,True,14.0,13.25,False,14.0,1.0,0.75,6.0,13.0
2023,9,401531407,Charlotte,Florida Atlantic,False,True,3.6666666666666665,5.5,False,3.6666666666666665,-1.0,-1.8333333333333335,6.0,6.0
2023,9,401532603,Colorado State,Air Force,False,True,14.0,11.75,False,14.0,-1.0,2.25,7.0,7.0
2023,9,401520353,Kentucky,Tennessee,False,True,3.6666666666666665,3.75,False,3.6666666666666665,-1.0,-0.08333333333333348,13.0,7.0
2023,10,401531910,Texas State,Georgia Southern,False,True,-0.25,2.0,True,0.25,1.0,-2.25,6.0,8.0
2023,10,401532433,Central Michigan,Northern Illinois,False,True,4.75,3.25,False,4.75,1.0,1.5,10.0,10.0
2023,10,401525543,Louisville,Virginia Tech,False,True,-9.75,-10.25,True,9.75,1.0,0.5,7.0,8.0
2023,10,401520379,Vanderbilt,Auburn,False,True,12.5,12.75,False,12.5,-1.0,-0.25,6.0,7.0
2023,10,401532612,San Diego State,Utah State,False,True,2.25,1.75,False,2.25,-1.0,0.5,13.0,14.0
2023,2,401532396,Central Michigan,New Hampshire,False,False,-7.0,,True,7.0,-1.0,,7.0,
2023,2,401525469,Louisville,Murray State,False,False,-43.5,,True,43.5,1.0,,6.0,
2023,2,401531844,South Alabama,SE Louisiana,False,False,-24.0,,True,24.0,-1.0,,6.0,7.0
2023,1,401525815,Kansas,Missouri State,False,False,-32.5,,True,32.5,-1.0,,,
2023,1,401531426,Memphis,Bethune-Cookman,False,False,-49.0,,True,49.0,-1.0,,,
2023,1,401525821,Kansas State,Southeast Missouri State,False,False,-28.5,,True,28.5,1.0,,,
2023,2,401532399,Akron,Morgan State,False,False,-25.0,,True,25.0,-1.0,,7.0,
2023,2,401520197,Louisiana Tech,Northwestern State,False,False,-23.0,,True,23.0,1.0,,7.0,6.0
2023,2,401531422,South Florida,Florida A&M,False,False,-20.0,,True,20.0,-1.0,,7.0,
2023,2,401520212,South Carolina,Furman,False,False,-18.0,,True,18.0,1.0,,7.0,
2023,2,401525833,West Virginia,Duquesne,False,False,-38.5,,True,38.5,1.0,,6.0,
2023,2,401532401,Buffalo,Fordham,False,False,-23.5,,True,23.5,-1.0,,7.0,
2023,2,401520218,Western Kentucky,Houston Christian,False,False,-41.5,,True,41.5,-1.0,,7.0,
2023,2,401520199,LSU,Grambling,False,False,-56.5,,True,56.5,1.0,,6.0,
2023,3,401532402,Ball State,Indiana State,False,False,-26.0,,True,26.0,1.0,,7.0,7.0
2023,2,401532579,Utah State,Idaho State,False,False,-24.0,,True,24.0,1.0,,7.0,6.0
2023,3,401531388,Temple,Norfolk State,False,False,-30.5,,True,30.5,1.0,,6.0,
2023,2,401525832,TCU,Nicholls,False,False,-41.5,,True,41.5,-1.0,,7.0,
2023,3,401524012,Utah,Weber State,False,False,-26.5,,True,26.5,-1.0,,7.0,
2023,3,401525834,Baylor,Long Island University,False,False,-44.0,,True,44.0,-1.0,,7.0,13.0
2023,3,401525499,Miami,Bethune-Cookman,False,False,-54.0,,True,54.0,-1.0,,5.0,12.0
2023,3,401525502,NC State,VMI,False,False,-42.5,,True,42.5,-1.0,,7.0,
2023,3,401524013,Washington State,Northern Colorado,False,False,-48.0,,True,48.0,-1.0,,6.0,
2023,3,401532404,Kent State,Central Connecticut,False,False,-21.5,,True,21.5,1.0,,6.0,
2023,3,401524011,UCLA,North Carolina Central,False,False,-35.0,,True,35.0,1.0,,6.0,
2023,3,401524006,California,Idaho,False,False,-14.5,,True,14.5,-1.0,,6.0,6.0
2023,2,401531843,UL Monroe,Lamar,False,False,-26.0,,True,26.0,-1.0,,7.0,
2023,3,401525841,Texas Tech,Tarleton State,False,False,-36.5,,True,36.5,1.0,,7.0,
2023,3,401531438,SMU,Prairie View A&M,False,False,-42.5,,True,42.5,1.0,,7.0,
2023,3,401525843,UCF,Villanova,False,False,-26.5,,True,26.5,1.0,,6.0,
2023,3,401531847,Texas State,Jackson State,False,False,-17.5,,True,17.5,1.0,,7.0,
2023,3,401524010,Stanford,Sacramento State,False,False,-7.0,,True,7.0,-1.0,,6.0,
2023,3,401520234,Middle Tennessee,Murray State,False,False,-34.5,,True,34.5,-1.0,,7.0,8.0
2023,3,401531845,Coastal Carolina,Duquesne,False,False,-35.0,,True,35.0,1.0,,7.0,7.0
2023,3,401531441,Rice,Texas Southern,False,False,-35.5,,True,35.5,1.0,,7.0,7.0
2023,2,401532577,New Mexico,Tennessee Tech,False,False,-16.0,,True,16.0,1.0,,7.0,
2023,2,401532575,Hawai'i,UAlbany,False,False,-10.5,,True,10.5,1.0,,8.0,7.0
2023,4,401532408,Miami (OH),Delaware State,False,False,-40.5,,True,40.5,1.0,,6.0,14.0
2023,5,401520290,Rutgers,Wagner,False,False,-46.0,,True,46.0,1.0,,7.0,21.0
2023,6,401520306,Northwestern,Howard,False,False,-23.0,,True,23.0,-1.0,,7.0,35.0
2023,3,401520221,Auburn,Samford,False,False,-37.5,,True,37.5,-1.0,,6.0,
2023,3,401532582,Boise State,North Dakota,False,False,-15.0,,True,15.0,1.0,,6.0,
2023,1,401532393,Western Michigan,Saint Francis,False,False,-14.0,,True,14.0,1.0,,,
2023,1,401532394,Eastern Michigan,Howard,False,False,-20.0,,True,20.0,-1.0,,,
2023,4,401531413,East Carolina,Gardner-Webb,False,False,-13.0,,True,13.0,1.0,,7.0,21.0
2023,4,401531349,Tulane,Nicholls,False,False,-38.0,,True,38.0,-1.0,,7.0,13.0
2023,5,401531436,North Texas,Abilene Christian,False,False,-15.5,,True,15.5,-1.0,,14.0,
2023,6,401525522,Virginia,William & Mary,False,False,-10.0,,True,10.0,1.0,,6.0,
2024,7,401635575,Pittsburgh,California,False,True,-3.5,-3.5,True,3.5,-1.0,0.0,7.0,6.0
2024,11,401643828,UL Monroe,Texas State,False,True,9.5,7.5,False,9.5,-1.0,2.0,6.0,10.0
2024,14,401628444,Clemson,South Carolina,False,False,-2.6666666666666665,-3.1666666666666665,True,2.6666666666666665,-1.0,0.5,6.0,6.0
2024,7,401636896,West Virginia,Iowa State,False,True,3.0,3.1666666666666665,False,3.0,-1.0,-0.16666666666666652,7.0,7.0
2024,11,401643829,Southern Miss,Marshall,False,True,13.5,13.333333333333334,False,13.5,-1.0,0.16666666666666607,14.0,7.0
2024,11,401629045,North Texas,Army,False,True,6.5,4.833333333333333,False,6.5,-1.0,1.666666666666667,14.0,7.0
2024,11,401643826,James Madison,Georgia State,False,True,-14.833333333333334,-16.666666666666668,True,14.833333333333334,1.0,1.833333333333334,14.0,7.0
2024,11,401636921,Texas Tech,Colorado,False,True,4.666666666666667,3.0,False,4.666666666666667,-1.0,1.666666666666667,7.0,13.0
2024,11,401629037,UAB,UConn,False,False,7.5,6.166666666666667,False,7.5,-1.0,1.333333333333333,7.0,7.0
2024,14,401636938,Colorado,Oklahoma State,False,True,-15.333333333333334,-16.5,True,15.333333333333334,1.0,1.166666666666666,5.0,5.0
2024,11,401628544,Rutgers,Minnesota,False,True,6.5,6.25,False,6.5,1.0,0.25,14.0,7.0
2024,14,401628439,Georgia,Georgia Tech,False,False,-17.333333333333332,-19.833333333333332,True,17.333333333333332,-1.0,2.5,6.0,8.0
2024,7,401635578,Virginia,Louisville,False,True,7.166666666666667,7.5,False,7.166666666666667,1.0,-0.33333333333333304,7.0,7.0
2024,14,401645376,Tulane,Memphis,False,True,-12.833333333333334,-13.5,True,12.833333333333334,-1.0,0.6666666666666661,12.0,11.0
2024,14,401635623,Syracuse,Miami,False,True,12.166666666666666,10.5,False,12.166666666666666,1.0,1.666666666666666,7.0,7.0
2024,11,401641021,UTEP,Kennesaw State,False,True,-4.5,-3.5,True,4.5,1.0,-1.0,7.0,9.0
2024,11,401628541,Indiana,Michigan,False,True,-14.5,-12.5,True,14.5,-1.0,-2.0,7.0,7.0
2024,11,401645364,Tulane,Temple,False,True,-25.666666666666668,-26.0,True,25.666666666666668,1.0,0.33333333333333215,8.0,14.0
2024,7,401636895,UCF,Cincinnati,False,True,-2.3333333333333335,-4.833333333333333,True,2.3333333333333335,-1.0,2.4999999999999996,6.0,13.0
2024,11,401643827,Louisiana,Arkansas State,False,True,-14.166666666666666,-13.833333333333334,True,14.166666666666666,1.0,-0.33333333333333215,10.0,13.0
2024,7,401628512,Iowa,Washington,False,True,-2.6666666666666665,-3.5,True,2.6666666666666665,1.0,0.8333333333333335,6.0,6.0
2024,7,401628385,Alabama,South Carolina,False,True,-20.666666666666668,-21.666666666666668,True,20.666666666666668,-1.0,1.0,6.0,6.0
2024,14,401628446,Vanderbilt,Tennessee,False,True,9.833333333333334,10.5,False,9.833333333333334,-1.0,-0.6666666666666661,6.0,6.0
2024,11,401643755,Oregon State,San José State,False,False,-2.8333333333333335,-3.5,True,2.8333333333333335,-1.0,0.6666666666666665,14.0,13.0
2024,11,401628418,Vanderbilt,South Carolina,False,True,5.833333333333333,2.8333333333333335,False,5.833333333333333,-1.0,2.9999999999999996,7.0,6.0
2024,11,401641004,Louisiana Tech,Jacksonville State,False,True,9.833333333333334,10.166666666666666,False,9.833333333333334,1.0,-0.33333333333333215,10.0,9.0
2024,11,401636920,TCU,Oklahoma State,False,True,-10.5,-10.5,True,10.5,1.0,0.0,7.0,7.0
2024,11,401628546,Penn State,Washington,False,True,-13.5,-13.5,True,13.5,1.0,0.0,7.0,7.0
2024,7,401636893,BYU,Arizona,False,True,-2.6666666666666665,-2.0,True,2.6666666666666665,1.0,-0.6666666666666665,14.0,6.0
2024,14,401628443,Missouri,Arkansas,False,True,-3.1666666666666665,-3.3333333333333335,True,3.1666666666666665,1.0,0.16666666666666696,6.0,6.0
2024,11,401641036,New Mexico State,Western Kentucky,False,True,18.0,18.333333333333332,False,18.0,1.0,-0.33333333333333215,11.0,9.0
2024,14,401635621,SMU,California,False,True,-12.166666666666666,-12.166666666666666,True,12.166666666666666,1.0,0.0,7.0,7.0
2024,14,401636941,Baylor,Kansas,False,True,1.0,-2.0,False,1.0,1.0,3.0,6.0,6.0
2024,11,401628543,Oregon,Maryland,False,True,-24.0,-25.5,True,24.0,-1.0,1.5,7.0,14.0
2024,11,401628416,Tennessee,Mississippi State,False,True,-26.333333333333332,-23.5,True,26.333333333333332,-1.0,-2.833333333333332,7.0,7.0
2024,13,401636932,Kansas,Colorado,True,True,1.8333333333333333,2.5,False,1.8333333333333333,1.0,-0.6666666666666667,6.0,7.0
2024,13,401645372,North Texas,East Carolina,False,True,-2.5,-1.1666666666666667,True,2.5,-1.0,-1.3333333333333333,7.0,8.0
2024,11,401643751,Air Force,Fresno State,False,True,9.666666666666666,10.666666666666666,False,9.666666666666666,1.0,-1.0,7.0,7.0
2024,11,401643753,Hawai'i,UNLV,False,True,12.666666666666666,13.333333333333334,False,12.666666666666666,1.0,-0.6666666666666679,7.0,14.0
2024,11,401643756,Washington State,Utah State,False,False,-20.333333333333332,-20.333333333333332,True,20.333333333333332,1.0,0.0,14.0,14.0
2024,11,401628413,LSU,Alabama,False,True,2.6666666666666665,1.5,False,2.6666666666666665,-1.0,1.1666666666666665,14.0,14.0
2024,11,401628542,UCLA,Iowa,False,True,6.5,6.166666666666667,False,6.5,1.0,0.33333333333333304,6.0,6.0
2024,11,401628545,Ohio State,Purdue,False,True,-37.333333333333336,-38.333333333333336,True,37.333333333333336,1.0,1.0,7.0,7.0
2024,11,401634773,Wake Forest,California,False,True,7.166666666666667,7.166666666666667,False,7.166666666666667,-1.0,0.0,13.0,13.0
2024,11,401636922,Utah,BYU,False,True,3.1666666666666665,-2.5,False,3.1666666666666665,1.0,5.666666666666666,14.0,14.0
2024,11,401643754,San Diego State,New Mexico,False,True,-1.3333333333333333,-3.0,True,1.3333333333333333,-1.0,1.6666666666666667,7.0,6.0
2024,11,401643825,Coastal Carolina,App State,False,True,2.1666666666666665,-1.5,False,2.1666666666666665,1.0,3.6666666666666665,5.0,5.0
2024,11,401644760,Central Michigan,Bowling Green,False,True,15.333333333333334,11.5,False,15.333333333333334,1.0,3.833333333333334,10.0,10.0
2024,11,401645361,East Carolina,Florida Atlantic,False,True,-6.833333333333333,-7.666666666666667,True,6.833333333333333,1.0,0.8333333333333339,12.0,6.0
2024,13,401635616,Florida State,Charleston Southern,False,False,-33.25,-33.0,True,33.25,1.0,-0.25,13.0,
2024,11,401644688,Ball State,Miami (OH),False,True,12.833333333333334,11.5,False,12.833333333333334,1.0,1.333333333333334,10.0,10.0
2024,13,401635614,Clemson,The Citadel,False,False,-49.0,-49.5,True,49.0,-1.0,0.5,7.0,
2024,13,401628434,South Carolina,Wofford,False,False,-42.5,-42.5,True,42.5,1.0,0.0,6.0,
2024,11,401628417,Texas,Florida,False,True,-23.166666666666668,-20.166666666666668,True,23.166666666666668,1.0,-3.0,13.0,6.0
2024,11,401636918,Cincinnati,West Virginia,False,True,-5.333333333333333,-4.0,True,5.333333333333333,-1.0,-1.333333333333333,13.0,13.0
2024,11,401636919,Kansas,Iowa State,True,True,2.5,4.166666666666667,False,2.5,1.0,-1.666666666666667,13.0,7.0
2024,11,401640995,Middle Tennessee,Liberty,False,True,12.666666666666666,10.5,False,12.666666666666666,-1.0,2.166666666666666,6.0,9.0
2024,11,401644761,Kent State,Ohio,False,True,20.5,18.0,False,20.5,-1.0,2.5,11.0,11.0
2024,11,401645363,South Florida,Navy,False,True,4.5,3.6666666666666665,False,4.5,-1.0,0.8333333333333335,7.0,6.0
2024,11,401628984,Notre Dame,Florida State,False,False,-25.5,-18.5,True,25.5,1.0,-7.0,14.0,7.0
2024,11,401635606,Boston College,Syracuse,False,True,-3.8333333333333335,-0.8333333333333334,True,3.8333333333333335,1.0,-3.0,14.0,7.0
2024,11,401635607,Virginia Tech,Clemson,False,True,5.833333333333333,5.833333333333333,False,5.833333333333333,-1.0,0.0,7.0,6.0
2024,11,401635608,NC State,Duke,False,True,-3.1666666666666665,-3.0,True,3.1666666666666665,-1.0,-0.16666666666666652,7.0,7.0
2024,11,401635609,Georgia Tech,Miami,False,True,9.5,11.666666666666666,False,9.5,1.0,-2.166666666666666,14.0,7.0
2024,11,401635610,Pittsburgh,Virginia,False,True,-7.333333333333333,-7.0,True,7.333333333333333,-1.0,-0.33333333333333304,7.0,14.0
2024,11,401636917,Arizona State,UCF,False,True,-2.5,-3.8333333333333335,True,2.5,1.0,1.3333333333333335,7.0,7.0
2024,11,401643752,Boise State,Nevada,False,True,-23.5,-24.666666666666668,True,23.5,-1.0,1.1666666666666679,8.0,7.0
2024,11,401644762,Western Michigan,Northern Illinois,False,True,2.1666666666666665,0.5,False,2.1666666666666665,-1.0,1.6666666666666665,11.0,11.0
2024,11,401645362,Memphis,Rice,False,True,-7.166666666666667,-10.666666666666666,True,7.166666666666667,-1.0,3.499999999999999,6.0,6.0
2024,14,401644775,Akron,Toledo,False,True,9.333333333333334,8.5,False,9.333333333333334,1.0,0.8333333333333339,7.0,6.0
2024,11,401628414,Ole Miss,Georgia,False,True,2.0,4.0,False,2.0,1.0,-2.0,7.0,7.0
2024,11,401628415,Missouri,Oklahoma,False,True,3.5,-2.6666666666666665,False,3.5,1.0,6.166666666666666,14.0,7.0
2024,14,401644776,Buffalo,Kent State,False,True,-23.666666666666668,-21.166666666666668,True,23.666666666666668,1.0,-2.5,6.0,7.0
2024,12,401628553,Washington,UCLA,False,True,-5.0,-5.0,True,5.0,1.0,0.0,6.0,7.0
2024,12,401645370,Navy,Tulane,False,True,7.333333333333333,6.5,False,7.333333333333333,-1.0,0.833333333333333,7.0,6.0
2024,12,401636924,BYU,Kansas,False,True,-2.5,-4.5,True,2.5,-1.0,2.0,7.0,7.0
2024,12,401635582,Pittsburgh,Clemson,False,True,12.0,9.833333333333334,False,12.0,1.0,2.166666666666666,6.0,6.0
2024,12,401636927,Kansas State,Arizona State,False,True,-7.5,-7.833333333333333,True,7.5,-1.0,0.33333333333333304,14.0,7.0
2024,12,401628549,USC,Nebraska,False,True,-6.5,-9.0,True,6.5,1.0,2.5,13.0,14.0
2024,12,401644763,Buffalo,Ball State,False,True,-3.3333333333333335,-5.833333333333333,True,3.3333333333333335,-1.0,2.4999999999999996,10.0,6.0
2024,12,401644764,Bowling Green,Western Michigan,False,True,-9.5,-8.5,True,9.5,1.0,-1.0,6.0,6.0
2024,12,401644689,Miami (OH),Kent State,False,True,-30.666666666666668,-30.666666666666668,True,30.666666666666668,-1.0,0.0,7.0,7.0
2024,12,401644765,Toledo,Central Michigan,False,True,-14.833333333333334,-14.666666666666666,True,14.833333333333334,1.0,-0.16666666666666785,10.0,6.0
2024,12,401644766,Northern Illinois,Akron,False,True,-14.166666666666666,-16.5,True,14.166666666666666,-1.0,2.333333333333334,7.0,11.0
2024,12,401644767,Ohio,Eastern Michigan,False,True,-10.5,-8.5,True,10.5,1.0,-2.0,7.0,11.0
2024,12,401645365,Tulsa,East Carolina,False,True,16.333333333333332,13.0,False,16.333333333333332,1.0,3.333333333333332,12.0,6.0
2024,7,401636892,Arizona State,Utah,False,True,5.666666666666667,4.666666666666667,False,5.666666666666667,1.0,1.0,6.0,13.0
2024,14,401644777,Ohio,Ball State,False,True,-17.666666666666668,-14.166666666666666,True,17.666666666666668,1.0,-3.5000000000000018,8.0,5.0
2024,14,401644691,Bowling Green,Miami (OH),False,True,-2.8333333333333335,-2.8333333333333335,True,2.8333333333333335,-1.0,0.0,5.0,9.0
2024,14,401643843,South Alabama,Texas State,False,True,2.1666666666666665,0.3333333333333333,False,2.1666666666666665,-1.0,1.8333333333333333,6.0,5.0
2024,14,401643769,Boise State,Oregon State,False,False,-17.666666666666668,-19.333333333333332,True,17.666666666666668,-1.0,1.6666666666666643,5.0,5.0
2024,7,401628387,Kentucky,Vanderbilt,False,True,-12.666666666666666,-12.5,True,12.666666666666666,-1.0,-0.16666666666666607,14.0,7.0
2024,14,401640997,Sam Houston,Liberty,False,True,2.3333333333333335,2.0,False,2.3333333333333335,1.0,0.3333333333333335,6.0,6.0
2024,14,401635625,San José State,Stanford,False,False,-2.5,-2.1666666666666665,True,2.5,1.0,-0.3333333333333335,6.0,6.0
2024,7,401628513,Maryland,Northwestern,False,True,-10.833333333333334,-9.833333333333334,True,10.833333333333334,-1.0,-1.0,13.0,6.0
2024,7,401643733,Utah State,UNLV,False,True,18.666666666666668,19.166666666666668,False,18.666666666666668,1.0,-0.5,6.0,7.0
2024,7,401641030,Western Kentucky,UTEP,False,True,-19.0,-19.333333333333332,True,19.0,1.0,0.33333333333333215,12.0,6.0
2024,7,401643803,James Madison,Coastal Carolina,False,True,-6.833333333333333,-9.5,True,6.833333333333333,1.0,2.666666666666667,5.0,5.0
2024,7,401641009,Louisiana Tech,Middle Tennessee,False,True,-4.833333333333333,-4.0,True,4.833333333333333,1.0,-0.833333333333333,12.0,12.0
2024,14,401645379,East Carolina,Navy,False,True,-2.75,0.3333333333333333,True,2.75,-1.0,-3.0833333333333335,5.0,13.0
2024,7,401645341,South Florida,Memphis,True,True,10.166666666666666,5.833333333333333,False,10.166666666666666,-1.0,4.333333333333333,14.0,13.0
2024,14,401643770,Colorado State,Utah State,False,True,-5.333333333333333,-6.166666666666667,True,5.333333333333333,-1.0,0.8333333333333339,5.0,6.0
2024,14,401645378,Army,UTSA,False,True,-6.333333333333333,-7.5,True,6.333333333333333,-1.0,1.166666666666667,6.0,7.0
2024,14,401643845,Georgia State,Coastal Carolina,False,True,-0.16666666666666666,1.0,True,0.16666666666666666,-1.0,-1.1666666666666667,6.0,6.0
2024,7,401643804,Georgia Southern,Marshall,False,True,-0.5,2.0,True,0.5,1.0,-2.5,14.0,7.0
2024,7,401628389,Massachusetts,Missouri,False,False,27.166666666666668,27.833333333333332,False,27.166666666666668,-1.0,-0.6666666666666643,7.0,7.0
2024,7,401644685,Eastern Michigan,Miami (OH),False,True,2.8333333333333335,3.3333333333333335,False,2.8333333333333335,-1.0,-0.5,13.0,6.0
2024,14,401629038,Massachusetts,UConn,False,True,9.333333333333334,10.166666666666666,False,9.333333333333334,1.0,-0.8333333333333321,6.0,7.0
2024,7,401635574,NC State,Syracuse,False,True,1.1666666666666667,4.166666666666667,False,1.1666666666666667,-1.0,-3.0,7.0,7.0
2024,14,401644780,Western Michigan,Eastern Michigan,False,True,-6.333333333333333,-6.666666666666667,True,6.333333333333333,1.0,0.3333333333333339,10.0,9.0
2024,14,401644779,Northern Illinois,Central Michigan,False,True,-14.5,-12.5,True,14.5,-1.0,-2.0,10.0,10.0
2024,14,401645381,Temple,North Texas,False,True,11.166666666666666,10.666666666666666,False,11.166666666666666,1.0,0.5,7.0,6.0
2024,7,401644742,Western Michigan,Akron,False,True,-9.5,-10.5,True,9.5,1.0,1.0,7.0,7.0
2024,7,401644744,Bowling Green,Northern Illinois,False,True,-3.1666666666666665,-2.8333333333333335,True,3.1666666666666665,-1.0,-0.33333333333333304,7.0,7.0
2024,7,401644743,Kent State,Ball State,False,True,3.1666666666666665,6.333333333333333,False,3.1666666666666665,1.0,-3.1666666666666665,13.0,6.0
2024,14,401645377,Charlotte,UAB,False,True,-0.5,-3.5,True,0.5,1.0,3.0,7.0,7.0
2024,14,401643844,Georgia Southern,App State,False,True,-2.5,-2.6666666666666665,True,2.5,1.0,0.16666666666666652,7.0,7.0
2024,14,401643846,James Madison,Marshall,False,True,-3.3333333333333335,-3.3333333333333335,True,3.3333333333333335,-1.0,0.0,7.0,7.0
2024,7,401635576,Wake Forest,Clemson,False,True,21.166666666666668,20.5,False,21.166666666666668,-1.0,0.6666666666666679,7.0,6.0
2024,14,401643847,Arkansas State,Old Dominion,False,True,5.5,3.0,False,5.5,-1.0,2.5,7.0,6.0
2024,7,401643805,Georgia State,Old Dominion,False,True,-2.8333333333333335,-1.0,True,2.8333333333333335,-1.0,-1.8333333333333335,14.0,6.0
2024,7,401644746,Central Michigan,Ohio,False,True,2.8333333333333335,3.0,False,2.8333333333333335,1.0,-0.16666666666666652,14.0,14.0
2024,7,401645344,Rice,UTSA,False,True,3.5,3.8333333333333335,False,3.5,1.0,-0.3333333333333335,14.0,14.0
2024,14,401640988,Florida International,Middle Tennessee,True,True,-9.166666666666666,-8.333333333333334,True,9.166666666666666,1.0,-0.8333333333333321,6.0,6.0
2024,14,401628570,UCLA,Fresno State,False,False,-7.5,-9.666666666666666,True,7.5,-1.0,2.166666666666666,6.0,6.0
2024,14,401643768,San Diego State,Air Force,False,True,6.0,3.1666666666666665,False,6.0,-1.0,2.8333333333333335,7.0,7.0
2024,7,401644745,Buffalo,Toledo,False,True,10.5,9.666666666666666,False,10.5,1.0,0.8333333333333339,14.0,6.0
2024,7,401645342,Army,UAB,False,True,-26.5,-22.5,True,26.5,1.0,-4.0,7.0,6.0
2024,7,401635577,North Carolina,Georgia Tech,False,True,3.5,5.333333333333333,False,3.5,-1.0,-1.833333333333333,7.0,6.0
2024,7,401645343,Florida Atlantic,North Texas,False,True,5.5,6.333333333333333,False,5.5,1.0,-0.833333333333333,14.0,14.0
2024,14,401645382,Rice,South Florida,False,True,5.666666666666667,4.166666666666667,False,5.666666666666667,1.0,1.5,7.0,6.0
2024,7,401628511,Illinois,Purdue,False,True,-22.333333333333332,-18.666666666666668,True,22.333333333333332,-1.0,-3.6666666666666643,13.0,7.0
2024,7,401643729,Colorado State,San José State,False,True,-2.5,1.6666666666666667,True,2.5,1.0,-4.166666666666667,6.0,6.0
2024,7,401643807,UL Monroe,Southern Miss,False,True,-4.333333333333333,-5.666666666666667,True,4.333333333333333,1.0,1.333333333333334,6.0,6.0
2024,14,401643849,Troy,Southern Miss,False,True,-17.5,-16.666666666666668,True,17.5,1.0,-0.8333333333333321,6.0,6.0
2024,14,401645380,Tulsa,Florida Atlantic,False,True,0.16666666666666666,1.5,False,0.16666666666666666,-1.0,-1.3333333333333333,7.0,7.0
2024,14,401641006,Western Kentucky,Jacksonville State,False,True,0.16666666666666666,-1.8333333333333333,False,0.16666666666666666,1.0,2.0,7.0,7.0
2024,7,401628981,Notre Dame,Stanford,False,False,-22.5,-23.166666666666668,True,22.5,1.0,0.6666666666666679,14.0,7.0
2024,14,401643848,UL Monroe,Louisiana,False,True,9.0,10.0,False,9.0,-1.0,-1.0,6.0,6.0
2024,7,401643727,New Mexico,Air Force,False,True,-6.833333333333333,-4.833333333333333,True,6.833333333333333,1.0,-2.0,13.0,7.0
2024,7,401643806,Louisiana,App State,False,True,-10.166666666666666,-9.0,True,10.166666666666666,-1.0,-1.166666666666666,7.0,7.0
2024,7,401643732,Wyoming,San Diego State,False,True,-1.6666666666666667,0.3333333333333333,True,1.6666666666666667,-1.0,-2.0,13.0,6.0
2024,7,401643730,Fresno State,Washington State,False,False,3.5,3.1666666666666665,False,3.5,-1.0,0.3333333333333335,14.0,13.0
2024,14,401641014,Louisiana Tech,Kennesaw State,False,True,-11.333333333333334,-12.0,True,11.333333333333334,1.0,0.6666666666666661,7.0,7.0
2024,14,401643773,Washington State,Wyoming,False,False,-18.5,-17.333333333333332,True,18.5,-1.0,-1.1666666666666679,6.0,6.0
2024,14,401643772,UNLV,Nevada,False,True,-17.5,-18.0,True,17.5,1.0,0.5,7.0,6.0
2024,7,401643808,Texas State,Arkansas State,False,True,-13.5,-13.166666666666666,True,13.5,1.0,-0.3333333333333339,9.0,7.0
2024,7,401643731,Nevada,Oregon State,False,False,2.8333333333333335,5.5,False,2.8333333333333335,1.0,-2.6666666666666665,7.0,7.0
2024,7,401628514,UCLA,Minnesota,False,True,3.5,5.0,False,3.5,-1.0,-1.5,7.0,7.0
2024,7,401643728,Hawai'i,Boise State,False,True,20.833333333333332,21.0,False,20.833333333333332,-1.0,-0.16666666666666785,7.0,7.0
2024,7,401628386,Georgia,Mississippi State,False,True,-33.833333333333336,-33.833333333333336,True,33.833333333333336,-1.0,0.0,7.0,14.0
2024,14,401641031,New Mexico State,UTEP,False,True,-3.3333333333333335,-2.5,True,3.3333333333333335,-1.0,-0.8333333333333335,7.0,7.0
2024,7,401641002,Jacksonville State,New Mexico State,False,True,-21.166666666666668,-20.666666666666668,True,21.166666666666668,1.0,-0.5,5.0,10.0
2024,14,401643771,Hawai'i,New Mexico,False,True,5.666666666666667,2.5,False,5.666666666666667,1.0,3.166666666666667,14.0,14.0
2024,7,401640982,Liberty,Florida International,False,True,-15.666666666666666,-19.666666666666668,True,15.666666666666666,-1.0,4.000000000000002,17.0,10.0
2024,14,401628568,Wisconsin,Minnesota,False,True,1.5,-2.0,False,1.5,-1.0,3.5,5.0,5.0
2024,14,401636939,UCF,Utah,False,True,-9.833333333333334,-7.5,True,9.833333333333334,-1.0,-2.333333333333334,6.0,6.0
2024,14,401628442,Ole Miss,Mississippi State,False,True,-26.166666666666668,-26.833333333333332,True,26.166666666666668,-1.0,0.6666666666666643,6.0,5.0
2024,14,401628562,Iowa,Nebraska,False,True,-3.1666666666666665,-5.0,True,3.1666666666666665,-1.0,1.8333333333333335,6.0,6.0
2024,12,401643759,Colorado State,Wyoming,False,True,-8.333333333333334,-10.166666666666666,True,8.333333333333334,1.0,1.8333333333333321,13.0,13.0
2024,14,401628563,Northwestern,Illinois,True,True,8.833333333333334,8.0,False,8.833333333333334,-1.0,0.8333333333333339,6.0,7.0
2024,14,401628440,Kentucky,Louisville,False,False,4.0,2.3333333333333335,False,4.0,-1.0,1.6666666666666665,6.0,6.0
2024,12,401645366,UTSA,North Texas,False,True,-1.3333333333333333,1.8333333333333333,True,1.3333333333333333,1.0,-3.1666666666666665,13.0,6.0
2024,14,401636945,Texas Tech,West Virginia,False,True,-2.6666666666666665,-3.5,True,2.6666666666666665,1.0,0.8333333333333335,6.0,6.0
2024,14,401636940,Arizona,Arizona State,False,True,7.5,8.666666666666666,False,7.5,-1.0,-1.166666666666666,7.0,7.0
2024,14,401635620,Boston College,Pittsburgh,False,True,-3.5,-4.0,True,3.5,1.0,0.5,7.0,6.0
2024,12,401636923,Arizona,Houston,False,True,-1.1666666666666667,-1.8333333333333333,True,1.1666666666666667,1.0,0.6666666666666665,13.0,13.0
2024,14,401628567,Michigan State,Rutgers,False,True,-1.5,-1.25,True,1.5,-1.0,-0.25,7.0,7.0
2024,14,401628565,Penn State,Maryland,False,True,-26.0,-24.5,True,26.0,1.0,-1.5,7.0,7.0
2024,14,401628571,USC,Notre Dame,False,False,6.833333333333333,6.0,False,6.833333333333333,-1.0,0.833333333333333,6.0,6.0
2024,14,401636943,Cincinnati,TCU,False,True,2.5,2.5,False,2.5,-1.0,0.0,6.0,7.0
2024,12,401628550,Northwestern,Ohio State,True,True,28.666666666666668,30.666666666666668,False,28.666666666666668,1.0,-2.0,14.0,7.0
2024,14,401628438,Florida State,Florida,False,False,17.166666666666668,6.0,False,17.166666666666668,-1.0,11.166666666666668,7.0,7.0
2024,14,401628441,LSU,Oklahoma,False,True,-5.5,-5.5,True,5.5,1.0,0.0,6.0,6.0
2024,12,401635581,California,Syracuse,False,True,-10.333333333333334,-7.166666666666667,True,10.333333333333334,-1.0,-3.166666666666667,7.0,7.0
2024,12,401635583,North Carolina,Wake Forest,False,True,-10.333333333333334,-10.833333333333334,True,10.333333333333334,-1.0,0.5,14.0,8.0
2024,14,401628564,Indiana,Purdue,False,True,-28.666666666666668,-27.5,True,28.666666666666668,1.0,-1.1666666666666679,7.0,7.0
2024,14,401636944,Iowa State,Kansas State,False,True,-2.0,-1.8333333333333333,True,2.0,1.0,-0.16666666666666674,7.0,6.0
2024,7,401628517,Rutgers,Wisconsin,False,True,-1.25,-2.5,True,1.25,-1.0,1.25,6.0,7.0
2024,14,401635640,Virginia Tech,Virginia,False,True,-4.5,-7.333333333333333,True,4.5,1.0,2.833333333333333,7.0,7.0
2024,12,401628547,Illinois,Michigan State,False,True,-1.8333333333333333,-3.3333333333333335,True,1.8333333333333333,1.0,1.5000000000000002,14.0,14.0
2024,14,401628445,Texas A&M,Texas,False,True,4.5,5.333333333333333,False,4.5,-1.0,-0.833333333333333,7.0,7.0
2024,14,401628569,Oregon,Washington,False,True,-17.333333333333332,-19.0,True,17.333333333333332,1.0,1.6666666666666679,14.0,14.0
2024,14,401636942,BYU,Houston,False,True,-11.333333333333334,-11.833333333333334,True,11.333333333333334,1.0,0.5,7.0,7.0
2024,12,401635517,Stanford,Louisville,False,True,20.833333333333332,20.166666666666668,False,20.833333333333332,1.0,0.6666666666666643,14.0,13.0
2024,12,401628985,Notre Dame,Virginia,False,False,-21.166666666666668,-22.166666666666668,True,21.166666666666668,-1.0,1.0,6.0,6.0
2024,12,401628552,Purdue,Penn State,False,True,30.166666666666668,28.0,False,30.166666666666668,-1.0,2.166666666666668,7.0,6.0
2024,14,401628566,Ohio State,Michigan,False,True,-20.0,-17.0,True,20.0,-1.0,-3.0,7.0,6.0
2024,14,401635622,Wake Forest,Duke,False,True,3.5,3.1666666666666665,False,3.5,-1.0,0.3333333333333335,7.0,6.0
2024,12,401636929,West Virginia,Baylor,False,True,2.0,0.6666666666666666,False,2.0,-1.0,1.3333333333333335,7.0,13.0
2024,12,401636926,Iowa State,Cincinnati,False,True,-7.166666666666667,-8.833333333333334,True,7.166666666666667,1.0,1.666666666666667,7.0,7.0
2024,14,401635624,North Carolina,NC State,False,True,-2.1666666666666665,-1.0,True,2.1666666666666665,-1.0,-1.1666666666666665,7.0,8.0
2024,12,401635580,SMU,Boston College,False,True,-19.166666666666668,-15.833333333333334,True,19.166666666666668,-1.0,-3.333333333333334,13.0,7.0
2024,12,401628423,South Carolina,Missouri,False,True,-10.5,-13.166666666666666,True,10.5,-1.0,2.666666666666666,7.0,6.0
2024,14,401628437,Alabama,Auburn,False,True,-10.833333333333334,-13.166666666666666,True,10.833333333333334,1.0,2.333333333333332,6.0,6.0
2024,12,401645369,Temple,Florida Atlantic,False,True,-2.1666666666666665,-1.3333333333333333,True,2.1666666666666665,1.0,-0.8333333333333333,6.0,8.0
2024,12,401643832,Marshall,Coastal Carolina,False,True,-7.5,-8.5,True,7.5,1.0,1.0,6.0,8.0
2024,12,401643830,Georgia Southern,Troy,False,True,-7.166666666666667,-8.0,True,7.166666666666667,-1.0,0.833333333333333,13.0,14.0
2024,12,401643833,Old Dominion,James Madison,False,True,1.8333333333333333,4.0,False,1.8333333333333333,-1.0,-2.166666666666667,14.0,7.0
2024,12,401629046,Massachusetts,Liberty,False,False,16.0,13.5,False,16.0,1.0,2.5,13.0,6.0
2024,12,401641013,Western Kentucky,Louisiana Tech,False,True,-11.833333333333334,-13.5,True,11.833333333333334,-1.0,1.666666666666666,6.0,6.0
2024,12,401643831,Georgia State,Arkansas State,False,True,-2.6666666666666665,-1.1666666666666667,True,2.6666666666666665,-1.0,-1.4999999999999998,7.0,7.0
2024,12,401645368,Charlotte,South Florida,False,True,-1.5,2.8333333333333335,True,1.5,-1.0,-4.333333333333334,15.0,7.0
2024,12,401641022,Kennesaw State,Sam Houston,False,True,20.833333333333332,13.5,False,20.833333333333332,1.0,7.333333333333332,6.0,17.0
2024,12,401643834,Louisiana,South Alabama,False,True,-6.5,-8.833333333333334,True,6.5,-1.0,2.333333333333334,7.0,14.0
2024,12,401643761,New Mexico,Washington State,False,False,10.833333333333334,13.5,False,10.833333333333334,1.0,-2.666666666666666,7.0,6.0
2024,12,401628426,Auburn,UL Monroe,False,False,-24.833333333333332,-24.166666666666668,True,24.833333333333332,1.0,-0.6666666666666643,14.0,7.0
2024,12,401643757,Air Force,Oregon State,False,False,2.6666666666666665,5.333333333333333,False,2.6666666666666665,1.0,-2.6666666666666665,6.0,7.0
2024,12,401643835,Texas State,Southern Miss,False,True,-27.5,-26.333333333333332,True,27.5,1.0,-1.1666666666666679,7.0,7.0
2024,12,401645367,Memphis,UAB,False,True,-16.666666666666668,-14.833333333333334,True,16.666666666666668,1.0,-1.833333333333334,7.0,7.0
2024,12,401640986,Jacksonville State,Florida International,False,True,-12.5,-13.833333333333334,True,12.5,-1.0,1.333333333333334,6.0,17.0
2024,12,401643760,Utah State,Hawai'i,False,True,2.5,2.5,False,2.5,1.0,0.0,6.0,6.0
2024,12,401643758,San José State,Boise State,False,True,14.333333333333334,13.666666666666666,False,14.333333333333334,-1.0,0.6666666666666679,7.0,6.0
2024,7,401628388,LSU,Ole Miss,False,True,3.8333333333333335,1.0,False,3.8333333333333335,1.0,2.8333333333333335,13.0,7.0
2024,7,401628390,Oklahoma,Texas,True,True,16.833333333333332,10.0,False,16.833333333333332,-1.0,6.833333333333332,14.0,13.0
2024,7,401628515,Oregon,Ohio State,False,True,3.5,2.6666666666666665,False,3.5,1.0,0.8333333333333335,7.0,7.0
2024,7,401628516,USC,Penn State,False,True,3.6666666666666665,4.833333333333333,False,3.6666666666666665,1.0,-1.1666666666666665,6.0,7.0
2024,7,401628391,Tennessee,Florida,False,True,-13.833333333333334,-13.5,True,13.833333333333334,-1.0,-0.3333333333333339,6.0,6.0
2024,7,401636894,Colorado,Kansas State,False,True,3.5,6.166666666666667,False,3.5,1.0,-2.666666666666667,14.0,14.0
2024,1,401677191,Texas,Ohio State,True,False,5.833333333333333,6.0,False,5.833333333333333,-1.0,-0.16666666666666696,9.0,9.0
2024,1,401677192,Notre Dame,Ohio State,True,False,8.5,9.0,False,8.5,-1.0,-0.5,11.0,10.0
2024,8,401628395,Missouri,Auburn,False,True,-3.8333333333333335,-8.5,True,3.8333333333333335,1.0,4.666666666666666,7.0,13.0
2024,1,401677184,Georgia,Notre Dame,True,False,1.1666666666666667,-1.5,False,1.1666666666666667,-1.0,2.666666666666667,26.0,12.0
2024,1,401628452,Michigan,Fresno State,False,False,-21.0,-21.0,True,21.0,-1.0,0.0,,
2024,1,401644683,Northwestern,Miami (OH),True,False,-3.5,-3.75,True,3.5,1.0,0.25,,
2024,1,401634206,Colorado,North Dakota State,False,False,-10.0,-8.5,True,10.0,-1.0,-1.5,,
2024,1,401628449,Indiana,Florida International,False,False,-23.833333333333332,-20.25,True,23.833333333333332,1.0,-3.583333333333332,,
2024,6,401628381,Georgia,Auburn,False,True,-21.166666666666668,-23.5,True,21.166666666666668,-1.0,2.333333333333332,6.0,7.0
2024,9,401628529,Michigan,Michigan State,False,True,-3.3333333333333335,-10.333333333333334,True,3.3333333333333335,1.0,7.0,7.0,7.0
2024,12,401628421,Georgia,Tennessee,False,True,-8.5,-11.666666666666666,True,8.5,1.0,3.166666666666666,7.0,7.0
2024,9,401628404,Texas A&M,LSU,False,True,-1.8333333333333333,-2.6666666666666665,True,1.8333333333333333,1.0,0.8333333333333333,7.0,7.0
2024,10,401628536,Michigan,Oregon,False,True,14.5,11.166666666666666,False,14.5,-1.0,3.333333333333334,6.0,7.0
2024,1,401628334,LSU,USC,True,False,-3.8333333333333335,-4.833333333333333,True,3.8333333333333335,-1.0,0.9999999999999996,,
2024,9,401628530,Ohio State,Nebraska,False,True,-25.166666666666668,-25.5,True,25.166666666666668,-1.0,0.33333333333333215,13.0,7.0
2024,9,401636909,Kansas State,Kansas,False,True,-9.833333333333334,-8.833333333333334,True,9.833333333333334,-1.0,-1.0,7.0,7.0
2024,5,401628375,Auburn,Oklahoma,False,True,-1.8333333333333333,2.3333333333333335,True,1.8333333333333333,-1.0,-4.166666666666667,7.0,6.0
2024,13,401628433,Oklahoma,Alabama,False,True,14.0,10.0,False,14.0,1.0,4.0,13.0,7.0
2024,8,401628397,Tennessee,Alabama,False,True,3.5,2.6666666666666665,False,3.5,1.0,0.8333333333333335,6.0,7.0
2024,2,401628347,Michigan,Texas,False,False,6.666666666666667,5.666666666666667,False,6.666666666666667,-1.0,1.0,6.0,6.0
2024,6,401628505,Washington,Michigan,False,True,-1.5,1.0,True,1.5,1.0,-2.5,7.0,7.0
2024,5,401635562,Duke,North Carolina,False,True,1.3333333333333333,-1.0,False,1.3333333333333333,1.0,2.333333333333333,7.0,7.0
2024,12,401628420,Florida,LSU,False,True,2.8333333333333335,5.0,False,2.8333333333333335,1.0,-2.1666666666666665,7.0,6.0
2024,2,401628464,Iowa,Iowa State,False,False,-2.8333333333333335,-2.6666666666666665,True,2.8333333333333335,-1.0,-0.16666666666666696,7.0,7.0
2024,1,401628454,Nebraska,UTEP,False,False,-27.5,-27.25,True,27.5,1.0,-0.25,,
2024,12,401628551,Wisconsin,Oregon,False,True,13.5,13.333333333333334,False,13.5,1.0,0.16666666666666607,14.0,7.0
2024,13,401628561,UCLA,USC,False,True,4.666666666666667,5.333333333333333,False,4.666666666666667,-1.0,-0.6666666666666661,8.0,7.0
2024,1,401634306,Florida State,Boston College,False,True,-16.5,-19.833333333333332,True,16.5,-1.0,3.333333333333332,9.0,
2024,1,401628328,Oklahoma,Temple,False,False,-43.0,-42.75,True,43.0,1.0,-0.25,,
2024,10,401628539,Penn State,Ohio State,False,True,3.1666666666666665,4.0,False,3.1666666666666665,-1.0,-0.8333333333333335,6.0,7.0
2024,9,401635596,Miami,Florida State,False,True,-22.166666666666668,-13.833333333333334,True,22.166666666666668,-1.0,-8.333333333333334,7.0,8.0
2024,9,401640984,Florida International,Sam Houston,True,True,5.333333333333333,7.333333333333333,False,5.333333333333333,1.0,-2.0,5.0,6.0
2024,12,401628419,Arkansas,Texas,False,True,12.833333333333334,16.0,False,12.833333333333334,1.0,-3.166666666666666,14.0,7.0
2024,4,401636876,Oklahoma State,Utah,False,True,0.8333333333333334,-1.6666666666666667,False,0.8333333333333334,-1.0,2.5,7.0,6.0
2024,15,401673467,Miami (OH),Ohio,True,True,-2.5,-2.5,True,2.5,-1.0,0.0,8.0,8.0
2024,2,401628346,NC State,Tennessee,True,False,10.666666666666666,6.5,False,10.666666666666666,-1.0,4.166666666666666,9.0,7.0
2024,5,401628374,Alabama,Georgia,False,True,-1.1666666666666667,2.6666666666666665,True,1.1666666666666667,1.0,-3.833333333333333,14.0,14.0
2024,5,401636883,Kansas State,Oklahoma State,False,True,-5.833333333333333,-5.333333333333333,True,5.833333333333333,1.0,-0.5,6.0,6.0
2024,8,401641038,Sam Houston,Western Kentucky,False,True,-1.3333333333333333,-1.5,True,1.3333333333333333,-1.0,0.16666666666666674,12.0,5.0
2024,4,401628369,Oklahoma,Tennessee,False,True,6.0,0.3333333333333333,False,6.0,-1.0,5.666666666666667,7.0,6.0
2024,1,401634305,Pittsburgh,Kent State,False,False,-23.5,-23.75,True,23.5,1.0,0.25,,
2024,1,401628448,Minnesota,North Carolina,False,False,0.3333333333333333,-2.25,False,0.3333333333333333,-1.0,2.5833333333333335,,
2024,1,401628451,Maryland,UConn,False,False,-19.333333333333332,-20.5,True,19.333333333333332,1.0,1.1666666666666679,,
2024,1,401643696,Nevada,SMU,False,False,27.5,25.25,False,27.5,1.0,2.25,,
2024,1,401640998,Jacksonville State,Coastal Carolina,False,False,-3.5,-3.5,True,3.5,-1.0,0.0,,
2024,1,401628457,West Virginia,Penn State,False,False,8.333333333333334,10.25,False,8.333333333333334,-1.0,-1.916666666666666,,
2024,8,401636900,Iowa State,UCF,False,True,-13.166666666666666,-11.833333333333334,True,13.166666666666666,-1.0,-1.3333333333333321,6.0,7.0
2024,8,401634768,Virginia Tech,Boston College,False,True,-8.333333333333334,-7.0,True,8.333333333333334,1.0,-1.333333333333334,12.0,12.0
2024,1,401634300,Stanford,TCU,False,False,8.333333333333334,8.5,False,8.333333333333334,1.0,-0.16666666666666607,,
2024,12,401628424,Texas A&M,New Mexico State,False,False,-38.833333333333336,-40.833333333333336,True,38.833333333333336,-1.0,2.0,14.0,7.0
2024,1,401635525,Georgia Tech,Florida State,True,True,10.666666666666666,12.5,False,10.666666666666666,1.0,-1.833333333333334,,
2024,1,401643701,Troy,Nevada,False,False,-10.166666666666666,-15.5,True,10.166666666666666,-1.0,5.333333333333334,,6.0
2024,1,401628332,Texas A&M,Notre Dame,False,False,-2.6666666666666665,-1.75,True,2.6666666666666665,-1.0,-0.9166666666666665,,
2024,1,401641039,Rice,Sam Houston,False,False,-9.833333333333334,-11.0,True,9.833333333333334,-1.0,1.166666666666666,,
2024,12,401636925,Colorado,Utah,False,True,-13.5,-4.0,True,13.5,1.0,-9.5,6.0,6.0
2024,1,401636609,Arizona State,Wyoming,False,False,-6.5,-6.25,True,6.5,1.0,-0.25,,
2024,1,401643774,Charlotte,James Madison,False,False,7.0,8.25,False,7.0,-1.0,-1.25,,
2024,1,401636608,Arizona,New Mexico,False,False,-29.166666666666668,-30.5,True,29.166666666666668,-1.0,1.3333333333333321,,7.0
2024,2,401628467,Nebraska,Colorado,False,False,-6.666666666666667,-7.0,True,6.666666666666667,1.0,0.33333333333333304,7.0,8.0
2024,1,401628323,Georgia,Clemson,True,False,-11.666666666666666,-13.75,True,11.666666666666666,1.0,2.083333333333334,,
2024,1,401677189,Penn State,Notre Dame,True,False,-1.3333333333333333,1.75,True,1.3333333333333333,-1.0,-3.083333333333333,9.0,7.0
2024,8,401636904,West Virginia,Kansas State,False,True,2.5,2.8333333333333335,False,2.5,-1.0,-0.3333333333333335,6.0,6.0
2024,15,401673463,SMU,Clemson,True,True,-2.6666666666666665,-2.5,True,2.6666666666666665,-1.0,-0.16666666666666652,7.0,7.0
2024,1,401643700,Georgia Southern,Boise State,False,False,12.5,11.75,False,12.5,1.0,0.75,,
2024,1,401628329,South Carolina,Old Dominion,False,False,-20.333333333333332,-20.25,True,20.333333333333332,-1.0,-0.08333333333333215,,
2024,1,401643775,South Alabama,North Texas,False,False,-5.833333333333333,-6.5,True,5.833333333333333,-1.0,0.666666666666667,,
2024,1,401636611,Houston,UNLV,False,False,-2.25,-2.5,True,2.25,-1.0,0.25,,
2024,9,401641011,Louisiana Tech,UTEP,False,True,-6.5,-7.333333333333333,True,6.5,-1.0,0.833333333333333,6.0,5.0
2024,1,401677090,Navy,Oklahoma,True,False,1.3333333333333333,7.75,False,1.3333333333333333,1.0,-6.416666666666667,12.0,26.0
2024,8,401628982,Georgia Tech,Notre Dame,True,False,14.166666666666666,8.166666666666666,False,14.166666666666666,-1.0,6.0,7.0,7.0
2024,1,401677181,Boise State,Penn State,True,False,12.0,10.0,False,12.0,-1.0,2.0,24.0,10.0
2024,15,401673465,Arizona State,Iowa State,True,True,0.5,-2.5,False,0.5,1.0,3.0,6.0,6.0
2024,8,401628393,Florida,Kentucky,False,True,2.5,-1.0,False,2.5,1.0,3.5,7.0,7.0
2024,1,401677100,Army,Louisiana Tech,True,False,-14.5,-13.0,True,14.5,1.0,-1.5,14.0,28.0
2024,8,401636897,Arizona,Colorado,False,True,-2.5,-3.8333333333333335,True,2.5,-1.0,1.3333333333333335,7.0,6.0
2024,8,401628518,Illinois,Michigan,False,True,5.833333333333333,1.5,False,5.833333333333333,1.0,4.333333333333333,7.0,13.0
2024,15,401673466,Jacksonville State,Western Kentucky,False,True,-4.333333333333333,-3.5,True,4.333333333333333,1.0,-0.833333333333333,6.0,6.0
2024,9,401640993,Kennesaw State,Liberty,False,True,27.166666666666668,23.166666666666668,False,27.166666666666668,1.0,4.0,7.0,15.0
2024,9,401641003,Jacksonville State,Middle Tennessee,False,True,-20.5,-21.333333333333332,True,20.5,1.0,0.8333333333333321,14.0,7.0
2024,8,401628396,Oklahoma,South Carolina,False,True,1.5,-4.5,False,1.5,-1.0,6.0,6.0,7.0
2024,9,401643815,Old Dominion,Georgia Southern,False,True,0.8333333333333334,-1.3333333333333333,False,0.8333333333333334,1.0,2.1666666666666665,5.0,5.0
2024,9,401634770,Pittsburgh,Syracuse,False,True,-4.833333333333333,-4.666666666666667,True,4.833333333333333,1.0,-0.16666666666666607,12.0,11.0
2024,9,401634771,Boston College,Louisville,False,True,7.166666666666667,7.0,False,7.166666666666667,1.0,0.16666666666666696,8.0,6.0
2024,15,401673469,Texas,Georgia,True,True,-2.8333333333333335,-2.5,True,2.8333333333333335,-1.0,-0.3333333333333335,6.0,7.0
2024,8,401628521,Maryland,USC,False,True,6.666666666666667,6.833333333333333,False,6.666666666666667,1.0,-0.16666666666666607,7.0,7.0
2024,8,401628519,Indiana,Nebraska,False,True,-6.5,-5.333333333333333,True,6.5,1.0,-1.166666666666667,13.0,13.0
2024,1,401628453,Michigan State,Florida Atlantic,False,False,-12.0,-11.5,True,12.0,-1.0,-0.5,,
2024,1,401628461,Wisconsin,Western Michigan,False,False,-24.166666666666668,-24.0,True,24.166666666666668,-1.0,-0.16666666666666785,,
2024,15,401673462,Army,Tulane,False,True,4.833333333333333,4.0,False,4.833333333333333,1.0,0.833333333333333,6.0,8.0
2024,9,401643740,UNLV,Boise State,False,True,3.8333333333333335,2.6666666666666665,False,3.8333333333333335,-1.0,1.166666666666667,6.0,12.0
2024,15,401673468,Boise State,UNLV,False,True,-3.8333333333333335,-3.75,True,3.8333333333333335,1.0,-0.08333333333333348,7.0,6.0
2024,9,401628532,USC,Rutgers,False,True,-13.75,-14.25,True,13.75,1.0,0.5,6.0,6.0
2024,15,401673464,Oregon,Penn State,True,True,-3.3333333333333335,-3.5,True,3.3333333333333335,1.0,0.16666666666666652,7.0,7.0
2024,1,401629039,Massachusetts,Eastern Michigan,False,False,-2.5,0.0,True,2.5,-1.0,-2.5,,
2024,1,401641015,UTSA,Kennesaw State,False,False,-24.0,-24.25,True,24.0,-1.0,0.25,,
2024,1,401628319,Alabama,Western Kentucky,False,False,-34.166666666666664,-31.25,True,34.166666666666664,1.0,-2.9166666666666643,,
2024,16,401645383,Army,Navy,True,True,-6.333333333333333,-3.6666666666666665,True,6.333333333333333,-1.0,-2.6666666666666665,7.0,15.0
2024,1,401677182,Arizona State,Texas,True,False,13.333333333333334,13.5,False,13.333333333333334,1.0,-0.16666666666666607,25.0,10.0
2024,5,401628980,Notre Dame,Louisville,False,False,-6.5,-7.0,True,6.5,1.0,0.5,7.0,7.0
2024,4,401635552,Clemson,NC State,False,True,-17.833333333333332,-13.333333333333334,True,17.833333333333332,1.0,-4.499999999999998,13.0,7.0
2024,9,401636911,UCF,BYU,False,True,-2.5,0.5,True,2.5,-1.0,-3.0,6.0,7.0
2024,6,401635569,Florida State,Clemson,False,True,16.5,8.833333333333334,False,16.5,1.0,7.666666666666666,6.0,7.0
2024,10,401628408,Georgia,Florida,True,True,-14.666666666666666,-17.833333333333332,True,14.666666666666666,-1.0,3.166666666666666,13.0,13.0
2024,13,401628429,Florida,Ole Miss,False,True,13.0,8.5,False,13.0,1.0,4.5,6.0,13.0
2024,9,401628531,Wisconsin,Penn State,False,True,6.333333333333333,6.333333333333333,False,6.333333333333333,-1.0,0.0,7.0,14.0
2024,1,401628322,Florida,Miami,False,False,2.5,2.5,False,2.5,-1.0,0.0,,
2024,3,401628353,Florida,Texas A&M,False,True,3.6666666666666665,4.166666666666667,False,3.6666666666666665,-1.0,-0.5000000000000004,6.0,7.0
2024,5,401628373,Texas A&M,Arkansas,True,True,-6.833333333333333,-6.333333333333333,True,6.833333333333333,-1.0,-0.5,6.0,7.0
2024,1,401643697,New Mexico,Montana State,False,False,11.5,9.5,False,11.5,1.0,2.0,,
2024,1,401628459,Hawai'i,UCLA,False,False,13.5,13.25,False,13.5,1.0,0.25,6.0,
2024,4,401628489,Michigan,USC,False,True,4.166666666666667,0.6666666666666666,False,4.166666666666667,1.0,3.5000000000000004,7.0,13.0
2024,5,401634767,Miami,Virginia Tech,False,True,-17.666666666666668,-14.833333333333334,True,17.666666666666668,-1.0,-2.833333333333334,6.0,6.0
2024,3,401636864,Kansas State,Arizona,False,False,-7.833333333333333,-8.0,True,7.833333333333333,1.0,0.16666666666666696,6.0,5.0
2024,3,401635547,Pittsburgh,West Virginia,False,False,2.0,4.333333333333333,False,2.0,1.0,-2.333333333333333,7.0,6.0
2024,8,401635589,Louisville,Miami,False,True,4.333333333333333,2.1666666666666665,False,4.333333333333333,-1.0,2.1666666666666665,6.0,13.0
2024,1,401677183,Oregon,Ohio State,True,False,2.5,2.1666666666666665,False,2.5,-1.0,0.3333333333333335,24.0,10.0
2024,1,401643858,Hawai'i,Delaware State,False,False,-38.666666666666664,-38.0,True,38.666666666666664,-1.0,-0.6666666666666643,,
2024,9,401644752,Akron,Eastern Michigan,False,True,2.5,4.0,False,2.5,1.0,-1.5,14.0,7.0
2024,1,401628333,Vanderbilt,Virginia Tech,False,False,13.333333333333334,13.0,False,13.333333333333334,1.0,0.3333333333333339,,
2024,10,401635600,Clemson,Louisville,False,True,-11.166666666666666,-10.0,True,11.166666666666666,-1.0,-1.166666666666666,14.0,8.0
2024,3,401628483,Oregon State,Oregon,False,False,17.666666666666668,19.0,False,17.666666666666668,-1.0,-1.3333333333333321,6.0,6.0
2024,3,401628484,Washington,Washington State,True,False,-5.166666666666667,-7.0,True,5.166666666666667,-1.0,1.833333333333333,7.0,6.0
2024,9,401644755,Ohio,Buffalo,False,True,-4.166666666666667,-6.333333333333333,True,4.166666666666667,1.0,2.166666666666666,6.0,6.0
2024,3,401628350,Wisconsin,Alabama,False,False,15.166666666666666,9.333333333333334,False,15.166666666666666,-1.0,5.833333333333332,6.0,6.0
2024,1,401634304,Syracuse,Ohio,False,False,-17.333333333333332,-17.25,True,17.333333333333332,-1.0,-0.08333333333333215,,
2024,9,401628402,Ole Miss,Oklahoma,False,True,-19.333333333333332,-15.666666666666666,True,19.333333333333332,-1.0,-3.666666666666666,13.0,6.0
2024,1,401628455,Ohio State,Akron,False,False,-49.5,-50.5,True,49.5,-1.0,1.0,,
2024,3,401636861,Colorado State,Colorado,False,False,7.5,7.666666666666667,False,7.5,-1.0,-0.16666666666666696,7.0,7.0
2024,1,401628324,Kentucky,Southern Miss,False,False,-25.5,-26.25,True,25.5,1.0,0.75,,
2024,6,401628383,Texas A&M,Missouri,False,True,-2.6666666666666665,-2.1666666666666665,True,2.6666666666666665,1.0,-0.5,6.0,13.0
2024,6,401628504,Ohio State,Iowa,False,True,-17.166666666666668,-21.666666666666668,True,17.166666666666668,1.0,4.5,6.0,13.0
2024,1,401634302,Georgia Tech,Georgia State,False,False,-20.5,-20.75,True,20.5,1.0,0.25,7.0,
2024,1,401628331,Texas,Colorado State,False,False,-35.0,-34.5,True,35.0,1.0,-0.5,,
2024,5,401636886,Utah,Arizona,False,True,-7.5,-10.666666666666666,True,7.5,-1.0,3.166666666666666,7.0,15.0
2024,1,401634212,Oklahoma State,South Dakota State,False,False,-10.5,-9.25,True,10.5,1.0,-1.25,,
2024,13,401628428,Auburn,Texas A&M,False,True,2.5,2.1666666666666665,False,2.5,1.0,0.3333333333333335,7.0,6.0
2024,5,401628502,USC,Wisconsin,False,True,-13.666666666666666,-12.0,True,13.666666666666666,1.0,-1.666666666666666,7.0,14.0
2024,9,401628400,Alabama,Missouri,False,True,-16.0,-12.0,True,16.0,1.0,-4.0,7.0,7.0
2024,8,401628392,Arkansas,LSU,False,True,2.8333333333333335,5.0,False,2.8333333333333335,-1.0,-2.1666666666666665,13.0,6.0
2024,13,401636936,Utah,Iowa State,False,True,5.5,1.3333333333333333,False,5.5,1.0,4.166666666666667,7.0,6.0
2024,8,401628398,Texas,Georgia,False,True,-4.166666666666667,-1.6666666666666667,True,4.166666666666667,-1.0,-2.5,7.0,7.0
2024,9,401635597,Virginia Tech,Georgia Tech,False,True,-11.166666666666666,-8.666666666666666,True,11.166666666666666,1.0,-2.5,8.0,6.0
2024,15,401673470,Louisiana,Marshall,False,True,-4.833333333333333,-4.5,True,4.833333333333333,-1.0,-0.33333333333333304,7.0,6.0
2024,2,401636616,Tulane,Kansas State,False,False,8.833333333333334,10.166666666666666,False,8.833333333333334,1.0,-1.3333333333333321,8.0,6.0
2024,2,401643784,Memphis,Troy,False,False,-18.666666666666668,-17.333333333333332,True,18.666666666666668,1.0,-1.3333333333333357,6.0,6.0
2024,2,401635534,Syracuse,Georgia Tech,False,True,2.8333333333333335,2.5,False,2.8333333333333335,1.0,0.3333333333333335,6.0,6.0
2024,2,401628470,Penn State,Bowling Green,False,False,-34.833333333333336,-32.833333333333336,True,34.833333333333336,-1.0,-2.0,7.0,8.0
2024,2,401628471,Rutgers,Akron,False,False,-24.5,-22.75,True,24.5,1.0,-1.75,8.0,6.0
2024,2,401628336,Oklahoma State,Arkansas,False,False,-9.333333333333334,-8.666666666666666,True,9.333333333333334,-1.0,-0.6666666666666679,6.0,8.0
2024,2,401645323,Florida Atlantic,Army,False,True,-2.0,-3.1666666666666665,True,2.0,-1.0,1.1666666666666665,7.0,7.0
2024,2,401635533,Northwestern,Duke,True,False,-2.1666666666666665,-2.5,True,2.1666666666666665,-1.0,0.3333333333333335,6.0,7.0
2024,2,401634765,SMU,BYU,False,False,-12.333333333333334,-11.0,True,12.333333333333334,-1.0,-1.333333333333334,5.0,5.0
2024,2,401635538,Cincinnati,Pittsburgh,False,False,-0.5,-2.1666666666666665,True,0.5,-1.0,1.6666666666666665,6.0,7.0
2024,12,401628548,Maryland,Rutgers,False,True,-4.5,-3.75,True,4.5,-1.0,-0.75,6.0,7.0
2024,2,401635535,Louisville,Jacksonville State,False,False,-28.5,-27.0,True,28.5,1.0,-1.5,7.0,8.0
2024,1,401628458,Rutgers,Howard,False,False,-38.5,,True,38.5,-1.0,,,
2024,2,401636618,Utah,Baylor,False,False,-14.666666666666666,-16.166666666666668,True,14.666666666666666,-1.0,1.5000000000000018,8.0,6.0
2024,2,401636617,UCF,Sam Houston,False,False,-21.5,-23.166666666666668,True,21.5,1.0,1.6666666666666679,8.0,6.0
2024,2,401635540,Virginia Tech,Marshall,False,False,-20.666666666666668,-18.0,True,20.666666666666668,-1.0,-2.666666666666668,7.0,6.0
2024,2,401643705,Air Force,San José State,False,True,-3.1666666666666665,-6.166666666666667,True,3.1666666666666665,-1.0,3.0000000000000004,7.0,8.0
2024,2,401635639,Wake Forest,Virginia,False,True,0.5,-2.0,False,0.5,-1.0,2.5,9.0,7.0
2024,2,401643778,Old Dominion,East Carolina,False,False,-1.6666666666666667,-0.6666666666666666,True,1.6666666666666667,-1.0,-1.0,7.0,7.0
2024,2,401641016,Kennesaw State,Louisiana,False,False,14.333333333333334,15.5,False,14.333333333333334,-1.0,-1.166666666666666,7.0,6.0
2024,9,401643816,App State,Georgia State,False,True,-7.5,-7.166666666666667,True,7.5,-1.0,-0.33333333333333304,13.0,8.0
2024,2,401635537,North Carolina,Charlotte,False,False,-21.5,-22.333333333333332,True,21.5,-1.0,0.8333333333333321,8.0,6.0
2024,2,401643781,Ohio,South Alabama,False,False,0.8333333333333334,0.8333333333333334,False,0.8333333333333334,1.0,0.0,7.0,7.0
2024,2,401643783,Texas State,UTSA,False,False,-2.0,-1.6666666666666667,True,2.0,1.0,-0.33333333333333326,6.0,7.0
2024,2,401640979,Florida International,Central Michigan,True,False,4.166666666666667,5.5,False,4.166666666666667,1.0,-1.333333333333333,7.0,8.0
2024,2,401643708,Nevada,Georgia Southern,False,False,-0.5,2.3333333333333335,True,0.5,-1.0,-2.8333333333333335,7.0,7.0
2024,2,401643780,UL Monroe,UAB,False,False,11.5,11.833333333333334,False,11.5,1.0,-0.3333333333333339,9.0,8.0
2024,2,401628340,Kentucky,South Carolina,False,True,-9.333333333333334,-9.166666666666666,True,9.333333333333334,-1.0,-0.16666666666666785,6.0,6.0
2024,2,401628342,Ole Miss,Middle Tennessee,False,False,-42.5,-40.666666666666664,True,42.5,1.0,-1.8333333333333357,6.0,6.0
2024,2,401643779,Arkansas State,Tulsa,False,False,-8.666666666666666,-6.5,True,8.666666666666666,-1.0,-2.166666666666666,7.0,8.0
2024,2,401628344,Missouri,Buffalo,False,False,-33.666666666666664,-34.5,True,33.666666666666664,1.0,0.8333333333333357,8.0,9.0
2024,2,401628335,Alabama,South Florida,False,False,-31.666666666666668,-31.0,True,31.666666666666668,-1.0,-0.6666666666666679,7.0,7.0
2024,2,401628473,Washington,Eastern Michigan,False,False,-24.833333333333332,-24.5,True,24.833333333333332,-1.0,-0.33333333333333215,6.0,7.0
2024,2,401628465,Maryland,Michigan State,False,True,-8.333333333333334,-8.5,True,8.333333333333334,-1.0,0.16666666666666607,7.0,7.0
2024,2,401628337,Auburn,California,False,False,-12.333333333333334,-12.666666666666666,True,12.333333333333334,-1.0,0.33333333333333215,6.0,6.0
2024,2,401645324,Navy,Temple,False,True,-12.166666666666666,-12.666666666666666,True,12.166666666666666,1.0,0.5,7.0,7.0
2024,2,401628977,Notre Dame,Northern Illinois,False,False,-28.0,-29.666666666666668,True,28.0,-1.0,1.6666666666666679,6.0,7.0
2024,2,401629040,Toledo,Massachusetts,False,False,-17.5,-19.666666666666668,True,17.5,-1.0,2.166666666666668,8.0,7.0
2024,2,401628462,Illinois,Kansas,False,False,4.833333333333333,5.5,False,4.833333333333333,1.0,-0.666666666666667,8.0,8.0
2024,2,401628468,Ohio State,Western Michigan,False,False,-37.333333333333336,-39.0,True,37.333333333333336,1.0,1.6666666666666643,7.0,7.0
2024,1,401628584,Duke,Elon,False,False,-24.5,,True,24.5,-1.0,,,
2024,9,401643817,James Madison,Southern Miss,False,True,-25.166666666666668,-23.833333333333332,True,25.166666666666668,-1.0,-1.3333333333333357,6.0,6.0
2024,9,401644753,Ball State,Northern Illinois,False,True,13.5,11.333333333333334,False,13.5,1.0,2.166666666666666,6.0,7.0
2024,1,401644727,Buffalo,Lafayette,False,False,-3.5,,True,3.5,1.0,,,
2024,9,401644756,Western Michigan,Kent State,False,True,-19.166666666666668,-17.5,True,19.166666666666668,1.0,-1.6666666666666679,7.0,7.0
2024,9,401635595,Duke,SMU,False,True,11.5,11.333333333333334,False,11.5,1.0,0.16666666666666607,8.0,7.0
2024,2,401628472,USC,Utah State,False,False,-29.5,-27.5,True,29.5,1.0,-2.0,6.0,7.0
2024,2,401640989,New Mexico State,Liberty,False,True,22.166666666666668,21.333333333333332,False,22.166666666666668,1.0,0.8333333333333357,7.0,7.0
2024,2,401628345,Oklahoma,Houston,False,False,-27.666666666666668,-28.333333333333332,True,27.666666666666668,-1.0,0.6666666666666643,8.0,7.0
2024,2,401628469,Oregon,Boise State,False,False,-18.833333333333332,-19.0,True,18.833333333333332,-1.0,0.16666666666666785,7.0,7.0
2024,2,401628343,Arizona State,Mississippi State,False,False,-6.166666666666667,-5.166666666666667,True,6.166666666666667,1.0,-1.0,7.0,7.0
2024,2,401643709,San Diego State,Oregon State,False,False,5.666666666666667,5.0,False,5.666666666666667,-1.0,0.666666666666667,7.0,7.0
2024,2,401636859,Washington State,Texas Tech,False,False,0.8333333333333334,-0.8333333333333334,False,0.8333333333333334,1.0,1.6666666666666667,7.0,7.0
2024,2,401635532,Clemson,App State,False,False,-15.666666666666666,-17.166666666666668,True,15.666666666666666,1.0,1.5000000000000018,7.0,7.0
2024,1,401644729,Bowling Green,Fordham,False,False,-15.5,,True,15.5,1.0,,,
2024,2,401636614,Arizona,Northern Arizona,False,False,-39.75,-42.5,True,39.75,-1.0,2.75,6.0,
2024,2,401628339,Georgia,Tennessee Tech,False,False,-54.5,-54.5,True,54.5,-1.0,0.0,7.0,6.0
2024,2,401628341,LSU,Nicholls,False,False,-48.5,-50.5,True,48.5,-1.0,2.0,6.0,6.0
2024,3,401636863,Kansas,UNLV,True,False,-9.0,-8.333333333333334,True,9.0,-1.0,-0.6666666666666661,6.0,6.0
2024,3,401628978,Purdue,Notre Dame,False,False,8.666666666666666,12.333333333333334,False,8.666666666666666,-1.0,-3.666666666666668,14.0,7.0
2024,3,401636866,TCU,UCF,False,True,-2.1666666666666665,-1.0,True,2.1666666666666665,-1.0,-1.1666666666666665,6.0,7.0
2024,3,401628354,Kentucky,Georgia,False,True,22.5,21.666666666666668,False,22.5,1.0,0.8333333333333321,7.0,7.0
2024,3,401635542,Florida State,Memphis,False,False,-6.833333333333333,-5.833333333333333,True,6.833333333333333,-1.0,-1.0,11.0,7.0
2024,3,401628359,South Carolina,LSU,False,True,6.666666666666667,8.0,False,6.666666666666667,1.0,-1.333333333333333,6.0,6.0
2024,2,401628463,Indiana,Western Illinois,False,False,-44.5,-42.5,True,44.5,1.0,-2.0,6.0,6.0
2024,9,401645353,Memphis,Charlotte,False,True,-16.833333333333332,-18.833333333333332,True,16.833333333333332,-1.0,2.0,6.0,6.0
2024,1,401644730,Central Michigan,Central Connecticut,False,False,-33.5,,True,33.5,1.0,,,
2024,1,401628582,UCF,New Hampshire,False,False,-38.5,,True,38.5,1.0,,,
2024,1,401634169,Purdue,Indiana State,False,False,-35.5,,True,35.5,1.0,,,
2024,9,401635598,Virginia,North Carolina,False,True,-3.5,-5.166666666666667,True,3.5,-1.0,1.666666666666667,7.0,14.0
2024,1,401628320,Arkansas,Arkansas-Pine Bluff,True,False,-50.5,,True,50.5,1.0,,,
2024,1,401632062,Louisville,Austin Peay,False,False,-38.5,,True,38.5,1.0,,,
2024,13,401634772,Georgia Tech,NC State,False,True,-7.833333333333333,-9.166666666666666,True,7.833333333333333,-1.0,1.333333333333333,12.0,12.0
2024,1,401634299,NC State,Western Carolina,False,False,-32.5,,True,32.5,-1.0,,,
2024,2,401632071,UNLV,Utah Tech,False,False,-41.5,,True,41.5,1.0,,6.0,
2024,2,401628474,Wisconsin,South Dakota,False,False,-17.5,-19.5,True,17.5,-1.0,2.0,7.0,
2024,2,401628466,Minnesota,Rhode Island,False,False,-27.5,-24.5,True,27.5,1.0,-3.0,8.0,
2024,2,401644732,Kent State,Saint Francis,False,False,-17.5,-17.0,True,17.5,-1.0,-0.5,7.0,
2024,2,401636999,UConn,Merrimack,False,False,-14.5,-15.5,True,14.5,1.0,1.0,7.0,6.0
2024,13,401628555,Ohio State,Indiana,False,True,-10.5,-11.666666666666666,True,10.5,1.0,1.166666666666666,7.0,13.0
2024,13,401628559,Minnesota,Penn State,False,True,11.166666666666666,11.166666666666666,False,11.166666666666666,1.0,0.0,14.0,7.0
2024,9,401628983,Navy,Notre Dame,True,False,13.333333333333334,14.0,False,13.333333333333334,-1.0,-0.6666666666666661,6.0,6.0
2024,2,401643710,Wyoming,Idaho,False,False,-6.5,-7.5,True,6.5,-1.0,1.0,6.0,6.0
2024,2,401645325,North Texas,Stephen F. Austin,False,False,-21.5,-23.5,True,21.5,-1.0,2.0,7.0,
2024,2,401632072,UTEP,Southern Utah,False,False,-6.5,-6.5,True,6.5,-1.0,0.0,7.0,9.0
2024,1,401644728,Toledo,Duquesne,False,False,-27.5,,True,27.5,1.0,,,
2024,2,401635536,Miami,Florida A&M,False,False,-46.5,-44.5,True,46.5,1.0,-2.0,7.0,
2024,2,401643777,James Madison,Gardner-Webb,False,False,-35.5,-33.0,True,35.5,-1.0,-2.5,6.0,
2024,13,401636930,Arizona State,BYU,False,True,-3.5,-2.6666666666666665,True,3.5,1.0,-0.8333333333333335,6.0,6.0
2024,1,401677079,James Madison,Western Kentucky,True,False,-7.333333333333333,-7.5,True,7.333333333333333,1.0,0.16666666666666696,17.0,11.0
2024,1,401636606,Kansas,Lindenwood,True,False,-48.5,,True,48.5,-1.0,,,
2024,1,401645322,Navy,Bucknell,False,False,-31.5,,True,31.5,-1.0,,,
2024,2,401628348,Texas A&M,McNeese,False,False,-48.5,-48.0,True,48.5,-1.0,-0.5,6.0,
2024,1,401677082,Sam Houston,Georgia Southern,True,False,3.8333333333333335,5.75,False,3.8333333333333335,1.0,-1.9166666666666665,20.0,19.0
2024,2,401628593,West Virginia,UAlbany,False,False,-38.5,-33.5,True,38.5,-1.0,-5.0,7.0,
2024,2,401645326,Rice,Texas Southern,False,False,-30.0,-29.5,True,30.0,1.0,-0.5,7.0,
2024,2,401628603,Coastal Carolina,William & Mary,False,False,-17.5,-14.5,True,17.5,1.0,-3.0,8.0,
2024,13,401640996,Liberty,Western Kentucky,False,True,-1.1666666666666667,0.5,True,1.1666666666666667,1.0,-1.6666666666666667,7.0,7.0
2024,1,401645317,Tulane,SE Louisiana,False,False,-28.5,,True,28.5,1.0,,,
2024,1,401677077,Western Michigan,South Alabama,True,False,6.833333333333333,8.5,False,6.833333333333333,-1.0,-1.666666666666667,14.0,15.0
2024,2,401643782,Southern Miss,SE Louisiana,False,False,-17.5,-14.5,True,17.5,1.0,-3.0,6.0,8.0
2024,2,401634181,Ball State,Missouri State,False,False,-2.5,-2.5,True,2.5,1.0,0.0,,
2024,9,401645354,North Texas,Tulane,False,True,7.333333333333333,7.833333333333333,False,7.333333333333333,-1.0,-0.5,6.0,6.0
2024,13,401628436,Texas,Kentucky,False,True,-18.666666666666668,-20.666666666666668,True,18.666666666666668,-1.0,2.0,7.0,7.0
2024,2,401635531,Boston College,Duquesne,False,False,-33.5,-34.5,True,33.5,1.0,1.0,4.0,8.0
2024,13,401640959,Notre Dame,Army,True,False,-14.5,-15.833333333333334,True,14.5,1.0,1.333333333333334,7.0,14.0
2024,13,401628431,LSU,Vanderbilt,False,True,-9.666666666666666,-9.5,True,9.666666666666666,-1.0,-0.16666666666666607,7.0,14.0
2024,1,401677176,Texas,Clemson,False,False,-13.5,-10.75,True,13.5,1.0,-2.75,14.0,13.0
2024,1,401628327,Missouri,Murray State,False,False,-50.5,,True,50.5,1.0,,,
2024,2,401643706,Colorado State,Northern Colorado,False,False,-31.0,-28.5,True,31.0,-1.0,-2.5,7.0,
2024,12,401628425,Alabama,Mercer,False,False,-42.25,-43.5,True,42.25,1.0,1.25,6.0,
2024,1,401677178,Penn State,SMU,False,False,-8.0,-9.0,True,8.0,1.0,1.0,13.0,13.0
2024,2,401632068,Western Kentucky,Eastern Kentucky,False,False,-18.5,-20.5,True,18.5,1.0,2.0,7.0,7.0
2024,9,401628526,Indiana,Washington,False,True,-5.5,-7.0,True,5.5,1.0,1.5,7.0,14.0
2024,1,401645318,Tulsa,Northwestern State,False,False,-37.5,,True,37.5,-1.0,,,
2024,1,401628330,Tennessee,Chattanooga,False,False,-38.5,,True,38.5,1.0,,,
2024,13,401644772,Eastern Michigan,Buffalo,False,True,-1.1666666666666667,-2.3333333333333335,True,1.1666666666666667,-1.0,1.1666666666666667,7.0,8.0
2024,2,401643707,Fresno State,Sacramento State,False,False,-18.5,-15.5,True,18.5,-1.0,-3.0,7.0,9.0
2024,13,401644773,Toledo,Ohio,False,True,-0.8333333333333334,-2.6666666666666665,True,0.8333333333333334,-1.0,1.833333333333333,8.0,7.0
2024,9,401645352,East Carolina,Temple,False,True,-8.166666666666666,-8.0,True,8.166666666666666,1.0,-0.16666666666666607,7.0,7.0
2024,9,401628403,Mississippi State,Arkansas,False,True,7.5,7.666666666666667,False,7.5,-1.0,-0.16666666666666696,6.0,6.0
2024,1,401677179,Notre Dame,Indiana,False,False,-6.833333333333333,-7.5,True,6.833333333333333,1.0,0.666666666666667,20.0,20.0
2024,9,401644687,Miami (OH),Central Michigan,False,True,-10.166666666666666,-11.5,True,10.166666666666666,1.0,1.333333333333334,6.0,7.0
2024,2,401636615,TCU,Long Island University,False,False,-45.5,-45.5,True,45.5,-1.0,0.0,7.0,
2024,2,401632459,Georgia State,Chattanooga,False,False,-9.5,-10.0,True,9.5,-1.0,0.5,6.0,7.0
2024,2,401628338,Florida,Samford,False,False,-38.5,-37.0,True,38.5,-1.0,-1.5,7.0,
2024,1,401677085,UTSA,Coastal Carolina,False,False,-3.8333333333333335,-7.25,True,3.8333333333333335,1.0,3.4166666666666665,22.0,22.0
2024,13,401644690,Miami (OH),Northern Illinois,False,True,-1.8333333333333333,-3.1666666666666665,True,1.8333333333333333,1.0,1.3333333333333333,6.0,6.0
2024,1,401628591,Cincinnati,Towson,False,False,-33.5,,True,33.5,-1.0,,,
2024,2,401635539,Stanford,Cal Poly,False,False,-33.5,-35.5,True,33.5,1.0,2.0,7.0,
2024,9,401628525,Oregon,Illinois,False,True,-22.333333333333332,-21.333333333333332,True,22.333333333333332,1.0,-1.0,7.0,7.0
2024,1,401677086,Fresno State,Northern Illinois,True,False,2.5,2.75,False,2.5,-1.0,-0.25,22.0,22.0
2024,13,401644769,Kent State,Akron,False,True,10.5,9.666666666666666,False,10.5,-1.0,0.8333333333333339,6.0,6.0
2024,1,401636387,UL Monroe,Jackson State,False,False,-4.5,,True,4.5,1.0,,,
2024,1,401634133,App State,East Tennessee State,False,False,-35.5,,True,35.5,-1.0,,,
2024,13,401644770,Central Michigan,Western Michigan,False,True,5.833333333333333,6.833333333333333,False,5.833333333333333,1.0,-1.0,7.0,7.0
2024,2,401628349,Vanderbilt,Alcorn State,False,False,-32.5,-31.0,True,32.5,1.0,-1.5,7.0,8.0
2024,1,401677089,Bowling Green,Arkansas State,True,False,-10.333333333333334,-6.666666666666667,True,10.333333333333334,-1.0,-3.666666666666667,27.0,26.0
2024,1,401677080,West Virginia,Memphis,True,False,5.166666666666667,2.1666666666666665,False,5.166666666666667,1.0,3.0000000000000004,17.0,19.0
2024,9,401628528,Minnesota,Maryland,False,True,-5.833333333333333,-4.0,True,5.833333333333333,1.0,-1.833333333333333,13.0,6.0
2024,1,401636607,Utah,Southern Utah,False,False,-37.5,,True,37.5,1.0,,,
2024,1,401634197,Iowa State,North Dakota,False,False,-30.5,,True,30.5,-1.0,,,
2024,1,401677084,Florida,Tulane,True,False,-9.833333333333334,-12.5,True,9.833333333333334,1.0,2.666666666666666,19.0,13.0
2024,12,401628422,Kentucky,Murray State,False,False,-41.5,-38.5,True,41.5,1.0,-3.0,13.0,78.0
2024,1,401654845,Illinois,Eastern Illinois,False,False,-28.5,,True,28.5,1.0,,,
2024,1,401677177,Ohio State,Tennessee,False,False,-7.666666666666667,-7.25,True,7.666666666666667,1.0,-0.41666666666666696,21.0,21.0
2024,1,401645316,UAB,Alcorn State,False,False,-29.5,,True,29.5,1.0,,,
2024,1,401677091,Vanderbilt,Georgia Tech,True,False,2.8333333333333335,2.5,False,2.8333333333333335,1.0,0.3333333333333335,27.0,27.0
2024,1,401643698,San José State,Sacramento State,False,False,-2.5,,True,2.5,1.0,,,
2024,1,401637159,Washington State,Portland State,False,False,-26.5,,True,26.5,1.0,,,
2024,9,401629035,UConn,Rice,False,False,-6.5,-5.833333333333333,True,6.5,1.0,-0.666666666666667,7.0,7.0
2024,1,401643699,Air Force,Merrimack,False,False,-30.5,,True,30.5,-1.0,,,
2024,9,401643818,Arkansas State,Troy,False,True,-8.166666666666666,-7.666666666666667,True,8.166666666666666,-1.0,-0.4999999999999991,7.0,10.0
2024,1,401729867,Washington State,Syracuse,True,False,18.833333333333332,6.5,False,18.833333333333332,1.0,12.333333333333332,27.0,27.0
2024,1,401644731,Northern Illinois,Western Illinois,False,False,-36.5,,True,36.5,1.0,,,
2024,1,401677092,Arkansas,Texas Tech,True,False,3.3333333333333335,-2.6666666666666665,False,3.3333333333333335,1.0,6.0,27.0,27.0
2024,1,401677093,USC,Texas A&M,True,False,1.1666666666666667,2.75,False,1.1666666666666667,1.0,-1.5833333333333333,27.0,27.0
2024,1,401677094,North Carolina,UConn,True,False,-2.0,-4.833333333333333,True,2.0,-1.0,2.833333333333333,27.0,27.0
2024,9,401628401,Kentucky,Auburn,False,True,-1.8333333333333333,-2.6666666666666665,True,1.8333333333333333,-1.0,0.8333333333333333,7.0,7.0
2024,1,401677095,Nebraska,Boston College,True,False,-3.3333333333333335,-3.0,True,3.3333333333333335,1.0,-0.3333333333333335,28.0,27.0
2024,1,401677097,Miami,Iowa State,True,False,-5.0,-1.3333333333333333,True,5.0,-1.0,-3.666666666666667,28.0,21.0
2024,9,401636910,TCU,Texas Tech,False,True,-4.833333333333333,-5.333333333333333,True,4.833333333333333,-1.0,0.5,6.0,6.0
2024,1,401677096,TCU,Louisiana,True,False,-9.666666666666666,-11.0,True,9.666666666666666,1.0,1.333333333333334,27.0,20.0
2024,1,401634301,California,UC Davis,False,False,-20.5,,True,20.5,-1.0,,,
2024,9,401643819,South Alabama,UL Monroe,False,True,-7.166666666666667,-8.166666666666666,True,7.166666666666667,1.0,0.9999999999999991,10.0,14.0
2024,1,401677188,Colorado State,Miami (OH),True,False,1.6666666666666667,2.0,False,1.6666666666666667,-1.0,-0.33333333333333326,29.0,21.0
2024,1,401677098,NC State,East Carolina,True,False,-7.333333333333333,-5.0,True,7.333333333333333,-1.0,-2.333333333333333,28.0,29.0
2024,1,401677099,Colorado,BYU,True,False,-2.8333333333333335,-2.5,True,2.8333333333333335,-1.0,-0.3333333333333335,29.0,27.0
2024,3,401641033,Fresno State,New Mexico State,False,False,-19.833333333333332,-19.666666666666668,True,19.833333333333332,1.0,-0.1666666666666643,7.0,7.0
2024,3,401629041,Buffalo,Massachusetts,False,False,-3.8333333333333335,-4.666666666666667,True,3.8333333333333335,1.0,0.8333333333333335,6.0,6.0
2024,3,401628479,Michigan,Arkansas State,False,False,-22.0,-23.333333333333332,True,22.0,-1.0,1.3333333333333321,7.0,6.0
2024,9,401636908,Houston,Utah,False,True,4.666666666666667,4.166666666666667,False,4.666666666666667,1.0,0.5,7.0,6.0
2024,3,401636867,Texas State,Arizona State,False,False,-1.1666666666666667,1.6666666666666667,True,1.1666666666666667,-1.0,-2.8333333333333335,5.0,4.0
2024,3,401635541,California,San Diego State,False,False,-18.666666666666668,-18.166666666666668,True,18.666666666666668,1.0,-0.5,7.0,7.0
2024,3,401628475,Illinois,Central Michigan,False,False,-20.833333333333332,-19.166666666666668,True,20.833333333333332,1.0,-1.6666666666666643,6.0,6.0
2024,3,401628357,Missouri,Boston College,False,False,-15.166666666666666,-16.5,True,15.166666666666666,-1.0,1.333333333333334,6.0,6.0
2024,3,401635546,NC State,Louisiana Tech,False,False,-20.833333333333332,-21.666666666666668,True,20.833333333333332,-1.0,0.8333333333333357,6.0,13.0
2024,3,401636868,Texas Tech,North Texas,False,False,-10.333333333333334,-10.333333333333334,True,10.333333333333334,1.0,0.0,6.0,6.0
2024,3,401636860,Baylor,Air Force,False,False,-16.666666666666668,-15.5,True,16.666666666666668,1.0,-1.1666666666666679,7.0,7.0
2024,3,401628476,UCLA,Indiana,False,True,3.1666666666666665,2.8333333333333335,False,3.1666666666666665,-1.0,0.33333333333333304,14.0,8.0
2024,3,401643785,East Carolina,App State,False,False,1.1666666666666667,2.6666666666666665,False,1.1666666666666667,-1.0,-1.4999999999999998,6.0,6.0
2024,3,401628360,Tennessee,Kent State,False,False,-48.833333333333336,-48.5,True,48.833333333333336,1.0,-0.3333333333333357,7.0,7.0
2024,3,401636869,Tulsa,Oklahoma State,False,False,18.333333333333332,20.166666666666668,False,18.333333333333332,-1.0,-1.8333333333333357,6.0,7.0
2024,3,401636870,Utah State,Utah,False,False,20.666666666666668,21.5,False,20.666666666666668,1.0,-0.8333333333333321,6.0,7.0
2024,3,401636862,Houston,Rice,False,False,-4.333333333333333,-4.833333333333333,True,4.333333333333333,1.0,0.5,7.0,7.0
2024,9,401636906,Baylor,Oklahoma State,False,True,-6.833333333333333,-3.8333333333333335,True,6.833333333333333,1.0,-2.9999999999999996,6.0,7.0
2024,3,401628478,Virginia,Maryland,False,False,-1.1666666666666667,2.3333333333333335,True,1.1666666666666667,-1.0,-3.5,7.0,7.0
2024,1,401645320,East Carolina,Norfolk State,False,False,-31.5,,True,31.5,1.0,,,
2024,3,401641017,San José State,Kennesaw State,False,False,-17.5,-19.333333333333332,True,17.5,1.0,1.8333333333333321,7.0,7.0
2024,3,401628361,Texas,UTSA,False,False,-35.5,-34.333333333333336,True,35.5,1.0,-1.1666666666666643,7.0,7.0
2024,3,401643789,Southern Miss,South Florida,False,False,11.666666666666666,11.333333333333334,False,11.666666666666666,-1.0,0.33333333333333215,7.0,7.0
2024,3,401641040,Sam Houston,Hawai'i,False,False,-4.0,-3.8333333333333335,True,4.0,1.0,-0.16666666666666652,7.0,13.0
2024,3,401641024,Middle Tennessee,Western Kentucky,False,True,8.5,7.5,False,8.5,-1.0,1.0,7.0,7.0
2024,3,401628355,Wake Forest,Ole Miss,False,False,21.5,23.0,False,21.5,-1.0,-1.5,6.0,7.0
2024,3,401629030,Duke,UConn,False,False,-16.833333333333332,-17.0,True,16.833333333333332,-1.0,0.16666666666666785,7.0,7.0
2024,3,401628358,Oklahoma,Tulane,False,False,-13.333333333333334,-13.833333333333334,True,13.333333333333334,1.0,0.5,6.0,7.0
2024,3,401640999,Eastern Michigan,Jacksonville State,False,False,1.0,-1.6666666666666667,False,1.0,1.0,2.666666666666667,7.0,7.0
2024,3,401640990,Liberty,UTEP,False,True,-23.666666666666668,-23.166666666666668,True,23.666666666666668,-1.0,-0.5,6.0,6.0
2024,3,401628477,Iowa,Troy,False,False,-23.333333333333332,-22.5,True,23.333333333333332,-1.0,-0.8333333333333321,7.0,7.0
2024,3,401636865,Miami (OH),Cincinnati,False,False,3.0,2.6666666666666665,False,3.0,-1.0,0.3333333333333335,13.0,7.0
2024,3,401640980,Florida Atlantic,Florida International,False,False,-4.333333333333333,-5.666666666666667,True,4.333333333333333,1.0,1.333333333333334,7.0,7.0
2024,3,401643786,Temple,Coastal Carolina,False,False,17.333333333333332,17.833333333333332,False,17.333333333333332,1.0,-0.5,6.0,6.0
2024,3,401635548,Old Dominion,Virginia Tech,False,False,15.333333333333334,14.166666666666666,False,15.333333333333334,-1.0,1.1666666666666679,7.0,7.0
2024,3,401628356,Mississippi State,Toledo,False,False,-11.333333333333334,-11.166666666666666,True,11.333333333333334,-1.0,-0.16666666666666785,6.0,7.0
2024,3,401628352,Auburn,New Mexico,False,False,-25.833333333333332,-28.0,True,25.833333333333332,1.0,2.166666666666668,7.0,13.0
2024,3,401628481,Minnesota,Nevada,False,False,-16.833333333333332,-16.0,True,16.833333333333332,1.0,-0.8333333333333321,7.0,6.0
2024,3,401628362,Georgia State,Vanderbilt,False,False,9.166666666666666,10.0,False,9.166666666666666,1.0,-0.8333333333333339,7.0,6.0
2024,3,401635544,Miami,Ball State,False,False,-36.5,-36.666666666666664,True,36.5,1.0,0.1666666666666643,6.0,7.0
2024,3,401628351,Arkansas,UAB,False,False,-23.666666666666668,-23.0,True,23.666666666666668,-1.0,-0.6666666666666679,7.0,6.0
2024,3,401636871,Wyoming,BYU,False,False,9.666666666666666,9.833333333333334,False,9.666666666666666,-1.0,-0.16666666666666785,7.0,8.0
2024,1,401677081,UNLV,California,True,False,-3.1666666666666665,3.25,True,3.1666666666666665,1.0,-6.416666666666666,12.0,18.0
2024,1,401628326,Mississippi State,Eastern Kentucky,False,False,-26.5,,True,26.5,1.0,,,
2024,1,401677101,Missouri,Iowa,True,False,-1.6666666666666667,-3.25,True,1.6666666666666667,1.0,1.5833333333333333,29.0,30.0
2024,9,401628405,Vanderbilt,Texas,False,True,16.833333333333332,18.666666666666668,False,16.833333333333332,1.0,-1.8333333333333357,6.0,6.0
2024,1,401677102,Michigan,Alabama,True,False,16.5,10.75,False,16.5,1.0,5.75,31.0,30.0
2024,3,401655632,Northwestern,Eastern Illinois,True,False,-26.5,-24.5,True,26.5,-1.0,-2.0,7.0,15.0
2024,4,401628366,Ole Miss,Georgia Southern,False,False,-35.166666666666664,-35.833333333333336,True,35.166666666666664,1.0,0.6666666666666714,7.0,7.0
2024,4,401628371,Texas,UL Monroe,False,False,-43.0,-44.833333333333336,True,43.0,1.0,1.8333333333333357,7.0,14.0
2024,4,401628493,Penn State,Kent State,False,False,-48.833333333333336,-49.0,True,48.833333333333336,1.0,0.1666666666666643,14.0,6.0
2024,4,401628370,South Carolina,Akron,False,False,-24.5,-27.166666666666668,True,24.5,1.0,2.666666666666668,7.0,7.0
2024,4,401628492,Ohio State,Marshall,False,False,-39.166666666666664,-39.833333333333336,True,39.166666666666664,-1.0,0.6666666666666714,13.0,13.0
2024,4,401635558,Coastal Carolina,Virginia,False,False,3.5,3.0,False,3.5,-1.0,0.5,7.0,6.0
2024,5,401628498,Michigan State,Ohio State,False,True,23.5,24.666666666666668,False,23.5,-1.0,-1.1666666666666679,6.0,7.0
2024,4,401643790,App State,South Alabama,False,True,-7.666666666666667,-7.666666666666667,True,7.666666666666667,-1.0,0.0,5.0,7.0
2024,1,401628586,Liberty,Campbell,False,False,-41.5,,True,41.5,-1.0,,,
2024,1,401677103,Illinois,South Carolina,True,False,9.5,10.5,False,9.5,1.0,-1.0,31.0,31.0
2024,8,401640983,UTEP,Florida International,False,True,6.833333333333333,4.5,False,6.833333333333333,1.0,2.333333333333333,6.0,8.0
2024,4,401644736,Northern Illinois,Buffalo,False,True,-12.833333333333334,-14.75,True,12.833333333333334,-1.0,1.916666666666666,14.0,7.0
2024,8,401641010,New Mexico State,Louisiana Tech,False,True,12.5,10.833333333333334,False,12.5,1.0,1.666666666666666,6.0,5.0
2024,4,401628490,Boston College,Michigan State,False,False,-4.5,-6.25,True,4.5,-1.0,1.75,7.0,7.0
2024,4,401636374,Troy,Florida A&M,False,False,-21.5,-22.5,True,21.5,1.0,1.0,7.0,14.0
2024,1,401628590,Marshall,Stony Brook,False,False,-32.5,,True,32.5,1.0,,,
2024,8,401643810,Marshall,Georgia State,False,True,-9.166666666666666,-8.5,True,9.166666666666666,1.0,-0.6666666666666661,4.0,5.0
2024,8,401643809,South Alabama,Troy,False,True,-9.5,-12.166666666666666,True,9.5,1.0,2.666666666666666,10.0,12.0
2024,4,401643715,Temple,Utah State,False,False,6.5,6.25,False,6.5,1.0,0.25,7.0,6.0
2024,1,401677190,Washington,Louisville,True,False,-1.1666666666666667,5.0,True,1.1666666666666667,-1.0,-6.166666666666667,30.0,31.0
2024,4,401641000,Jacksonville State,Southern Miss,False,False,-6.166666666666667,-6.5,True,6.166666666666667,1.0,0.33333333333333304,6.0,6.0
2024,1,401643704,Oregon State,Idaho State,False,False,-29.5,,True,29.5,-1.0,,,
2024,1,401677104,LSU,Baylor,True,False,3.0,-1.75,False,3.0,1.0,4.75,30.0,31.0
2024,9,401643741,Colorado State,New Mexico,False,True,-3.6666666666666665,-6.333333333333333,True,3.6666666666666665,1.0,2.6666666666666665,6.0,7.0
2024,8,401634769,Duke,Florida State,False,True,-2.6666666666666665,-3.0,True,2.6666666666666665,1.0,0.3333333333333335,12.0,13.0
2024,9,401636907,Colorado,Cincinnati,False,True,-6.166666666666667,-4.0,True,6.166666666666667,1.0,-2.166666666666667,7.0,7.0
2024,4,401629031,UConn,Florida Atlantic,False,False,-0.5,-2.5,True,0.5,1.0,2.0,7.0,7.0
2024,4,401636875,Iowa State,Arkansas State,False,False,-19.833333333333332,-21.0,True,19.833333333333332,1.0,1.1666666666666679,13.0,7.0
2024,1,401677105,Ole Miss,Duke,True,False,-16.333333333333332,-13.0,True,16.333333333333332,1.0,-3.333333333333332,34.0,33.0
2024,4,401641034,Sam Houston,New Mexico State,False,True,-15.0,-14.0,True,15.0,1.0,-1.0,7.0,6.0
2024,8,401636899,Cincinnati,Arizona State,False,True,-5.0,-3.0,True,5.0,1.0,-2.0,6.0,7.0
2024,1,401636612,Kansas State,UT Martin,False,False,-36.5,,True,36.5,-1.0,,,
2024,4,401628488,Maryland,Villanova,False,False,-22.25,-17.5,True,22.25,-1.0,-4.75,6.0,
2024,9,401635599,Stanford,Wake Forest,False,True,2.8333333333333335,1.3333333333333333,False,2.8333333333333335,-1.0,1.5000000000000002,6.0,7.0
2024,9,401635594,California,Oregon State,False,False,-12.5,-9.833333333333334,True,12.5,1.0,-2.666666666666666,7.0,6.0
2024,1,401677106,Texas State,North Texas,True,False,-15.0,-8.75,True,15.0,-1.0,-6.25,35.0,34.0
2024,1,401645321,Memphis,North Alabama,False,False,-38.5,,True,38.5,1.0,,,
2024,4,401643713,Nevada,Eastern Washington,False,False,-13.5,-9.25,True,13.5,1.0,-4.25,6.0,
2024,1,401677107,Virginia Tech,Minnesota,True,False,10.166666666666666,5.0,False,10.166666666666666,-1.0,5.166666666666666,33.0,35.0
2024,8,401628394,Mississippi State,Texas A&M,False,True,21.166666666666668,15.0,False,21.166666666666668,1.0,6.166666666666668,7.0,14.0
2024,4,401628979,Notre Dame,Miami (OH),False,False,-27.333333333333332,-26.75,True,27.333333333333332,-1.0,-0.5833333333333321,7.0,7.0
2024,1,401677083,Jacksonville State,Ohio,True,False,6.166666666666667,2.1666666666666665,False,6.166666666666667,1.0,4.0,13.0,13.0
2024,4,401645329,Navy,Memphis,False,True,8.833333333333334,10.5,False,8.833333333333334,1.0,-1.666666666666666,14.0,7.0
2024,9,401636905,Arizona,West Virginia,False,True,-5.5,-2.3333333333333335,True,5.5,-1.0,-3.1666666666666665,7.0,6.0
2024,4,401628625,Florida International,Monmouth,True,False,-12.5,-13.5,True,12.5,-1.0,1.0,7.0,
2024,4,401644737,Eastern Michigan,Saint Francis,False,False,-25.5,-24.0,True,25.5,1.0,-1.5,6.0,13.0
2024,1,401677108,Liberty,Buffalo,True,False,4.0,-2.3333333333333335,False,4.0,-1.0,6.333333333333334,35.0,38.0
2024,8,401635588,Clemson,Virginia,False,True,-20.166666666666668,-21.333333333333332,True,20.166666666666668,-1.0,1.1666666666666643,7.0,6.0
2024,1,401677087,San José State,South Florida,True,False,1.3333333333333333,-2.6666666666666665,False,1.3333333333333333,-1.0,4.0,25.0,24.0
2024,1,401677180,Toledo,Pittsburgh,True,False,6.666666666666667,9.166666666666666,False,6.666666666666667,1.0,-2.499999999999999,29.0,25.0
2024,9,401643742,Fresno State,San José State,False,True,-6.5,-6.5,True,6.5,1.0,0.0,7.0,7.0
2024,4,401634247,Pittsburgh,Youngstown State,False,False,-28.25,-25.5,True,28.25,1.0,-2.75,7.0,
2024,1,401636610,Baylor,Tarleton State,False,False,-33.5,,True,33.5,1.0,,,
2024,9,401643744,San Diego State,Washington State,False,False,17.166666666666668,14.5,False,17.166666666666668,1.0,2.666666666666668,14.0,7.0
2024,5,401643720,UNLV,Fresno State,False,True,-2.5,-3.5,True,2.5,1.0,1.0,14.0,6.0
2024,5,401636885,UCF,Colorado,False,True,-12.5,-13.333333333333334,True,12.5,-1.0,0.8333333333333339,13.0,6.0
2024,5,401643719,Boise State,Washington State,False,False,-6.5,-6.666666666666667,True,6.5,1.0,0.16666666666666696,7.0,8.0
2024,4,401636877,Texas Tech,Arizona State,False,True,-4.5,-3.25,True,4.5,1.0,-1.25,7.0,8.0
2024,8,401628523,Purdue,Oregon,False,True,29.666666666666668,28.5,False,29.666666666666668,-1.0,1.1666666666666679,6.0,6.0
2024,1,401677088,Kansas State,Rutgers,True,False,-7.25,-7.0,True,7.25,-1.0,-0.25,25.0,26.0
2024,8,401643735,Nevada,Fresno State,False,True,2.8333333333333335,3.3333333333333335,False,2.8333333333333335,-1.0,-0.5,6.0,6.0
2024,8,401636898,BYU,Oklahoma State,False,True,-8.166666666666666,-8.166666666666666,True,8.166666666666666,-1.0,0.0,6.0,13.0
2024,9,401628527,Iowa,Northwestern,False,True,-16.5,-13.833333333333334,True,16.5,1.0,-2.666666666666666,6.0,7.0
2024,4,401628363,Auburn,Arkansas,False,True,-2.5,-3.5,True,2.5,-1.0,1.0,6.0,6.0
2024,8,401629034,UConn,Wake Forest,False,False,2.5,-0.16666666666666666,False,2.5,-1.0,2.6666666666666665,13.0,7.0
2024,8,401645346,Army,East Carolina,False,True,-17.833333333333332,-15.833333333333334,True,17.833333333333332,-1.0,-1.9999999999999982,7.0,13.0
2024,4,401629042,Massachusetts,Central Connecticut,False,False,-19.5,-20.0,True,19.5,-1.0,0.5,7.0,22.0
2024,3,401643788,South Alabama,Northwestern State,False,False,-36.5,-38.0,True,36.5,1.0,1.5,5.0,13.0
2024,4,401636872,BYU,Kansas State,False,True,7.333333333333333,7.25,False,7.333333333333333,1.0,0.08333333333333304,7.0,8.0
2024,1,401628325,Ole Miss,Furman,False,False,-45.5,,True,45.5,1.0,,,
2024,3,401644734,Ohio,Morgan State,False,False,-24.5,-24.5,True,24.5,-1.0,0.0,6.0,
2024,4,401643711,New Mexico,Fresno State,False,True,12.333333333333334,15.25,False,12.333333333333334,-1.0,-2.916666666666666,7.0,6.0
2024,8,401644686,Miami (OH),Ohio,False,True,-3.5,-3.8333333333333335,True,3.5,1.0,0.3333333333333335,7.0,6.0
2024,8,401643812,Georgia Southern,James Madison,False,True,9.333333333333334,8.833333333333334,False,9.333333333333334,1.0,0.5,6.0,8.0
2024,4,401645330,UTSA,Houston Christian,False,False,-36.0,-35.5,True,36.0,1.0,-0.5,6.0,20.0
2024,4,401628365,LSU,UCLA,False,False,-21.5,-22.75,True,21.5,-1.0,1.25,7.0,6.0
2024,4,401636874,Colorado,Baylor,False,True,-2.3333333333333335,-1.25,True,2.3333333333333335,1.0,-1.0833333333333335,7.0,7.0
2024,3,401644733,Akron,Colgate,False,False,-13.5,-14.5,True,13.5,-1.0,1.0,7.0,
2024,8,401645351,Temple,Tulsa,False,True,-3.0,-1.8333333333333333,True,3.0,1.0,-1.1666666666666667,13.0,14.0
2024,1,401628321,Auburn,Alabama A&M,False,False,-48.5,,True,48.5,1.0,,,
2024,3,401645327,Charlotte,Gardner-Webb,False,False,-14.0,-11.5,True,14.0,-1.0,-2.5,7.0,7.0
2024,4,401637162,Boise State,Portland State,False,False,-42.75,-41.5,True,42.75,-1.0,-1.25,13.0,21.0
2024,8,401644749,Buffalo,Western Michigan,False,True,1.3333333333333333,-0.6666666666666666,False,1.3333333333333333,-1.0,2.0,7.0,7.0
2024,4,401643712,Hawai'i,Northern Iowa,False,False,-10.25,-8.0,True,10.25,1.0,-2.25,7.0,7.0
2024,3,401643787,Georgia Southern,South Carolina State,False,False,-27.5,-27.5,True,27.5,1.0,0.0,6.0,
2024,9,401643743,Hawai'i,Nevada,False,True,-2.1666666666666665,2.5,True,2.1666666666666665,1.0,-4.666666666666666,7.0,8.0
2024,8,401643813,Old Dominion,Texas State,False,True,10.5,9.166666666666666,False,10.5,1.0,1.333333333333334,7.0,6.0
2024,8,401645347,Navy,Charlotte,False,True,-16.5,-16.833333333333332,True,16.5,1.0,0.33333333333333215,14.0,14.0
2024,4,401643717,Oregon State,Purdue,False,False,-1.8333333333333333,-5.75,True,1.8333333333333333,1.0,3.916666666666667,7.0,7.0
2024,1,401636613,Texas Tech,Abilene Christian,False,False,-34.5,,True,34.5,-1.0,,,
2024,4,401628372,Texas A&M,Bowling Green,False,False,-21.166666666666668,-23.0,True,21.166666666666668,-1.0,1.8333333333333321,7.0,14.0
2024,9,401645355,Tulsa,UTSA,False,True,9.5,7.666666666666667,False,9.5,1.0,1.833333333333333,7.0,7.0
2024,8,401643811,Coastal Carolina,Louisiana,False,True,6.333333333333333,3.5,False,6.333333333333333,-1.0,2.833333333333333,8.0,6.0
2024,8,401644750,Eastern Michigan,Central Michigan,False,True,-3.5,-1.6666666666666667,True,3.5,1.0,-1.8333333333333333,7.0,6.0
2024,4,401641037,Western Kentucky,Toledo,False,False,2.3333333333333335,0.0,False,2.3333333333333335,1.0,2.3333333333333335,7.0,6.0
2024,3,401635543,Georgia Tech,VMI,False,False,-42.5,-43.0,True,42.5,1.0,0.5,7.0,
2024,8,401636902,Texas Tech,Baylor,False,True,-4.5,-6.833333333333333,True,4.5,-1.0,2.333333333333333,13.0,13.0
2024,8,401645349,Memphis,North Texas,False,True,-10.5,-11.166666666666666,True,10.5,-1.0,0.6666666666666661,7.0,7.0
2024,3,401636364,Western Michigan,Bethune-Cookman,False,False,-33.5,-33.0,True,33.5,-1.0,-0.5,6.0,13.0
2024,3,401635545,North Carolina,North Carolina Central,False,False,-37.5,-37.5,True,37.5,-1.0,0.0,7.0,
2024,3,401628480,Michigan State,Prairie View A&M,False,False,-42.5,-40.5,True,42.5,-1.0,-2.0,7.0,
2024,3,401628482,Nebraska,Northern Iowa,False,False,-30.5,-32.5,True,30.5,1.0,2.0,7.0,
2024,8,401644748,Bowling Green,Kent State,False,True,-23.833333333333332,-22.0,True,23.833333333333332,-1.0,-1.8333333333333321,7.0,7.0
2024,8,401645345,South Florida,UAB,False,True,-14.166666666666666,-14.5,True,14.166666666666666,-1.0,0.3333333333333339,7.0,7.0
2024,8,401644751,Northern Illinois,Toledo,False,True,-3.1666666666666665,-2.0,True,3.1666666666666665,-1.0,-1.1666666666666665,7.0,7.0
2024,9,401644754,Toledo,Bowling Green,False,True,-2.0,-3.0,True,2.0,-1.0,1.0,7.0,7.0
2024,4,401635555,South Florida,Miami,False,False,16.333333333333332,17.5,False,16.333333333333332,-1.0,-1.1666666666666679,7.0,7.0
2024,1,401641032,New Mexico State,Southeast Missouri State,False,False,-9.5,,True,9.5,-1.0,,,
2024,8,401643737,Utah State,New Mexico,False,True,0.8333333333333334,2.5,False,0.8333333333333334,-1.0,-1.6666666666666665,7.0,6.0
2024,4,401643716,North Texas,Wyoming,False,False,-7.0,-9.25,True,7.0,1.0,2.25,7.0,6.0
2024,8,401636903,Utah,TCU,False,True,-3.8333333333333335,-7.0,True,3.8333333333333335,-1.0,3.1666666666666665,8.0,15.0
2024,4,401635551,Florida State,California,False,True,-2.8333333333333335,-2.25,True,2.8333333333333335,1.0,-0.5833333333333335,7.0,6.0
2024,8,401628522,Northwestern,Wisconsin,True,True,9.5,6.833333333333333,False,9.5,-1.0,2.666666666666667,7.0,7.0
2024,4,401640991,Liberty,East Carolina,False,False,-7.5,-7.25,True,7.5,1.0,-0.25,7.0,7.0
2024,8,401643734,Air Force,Colorado State,False,True,5.833333333333333,7.666666666666667,False,5.833333333333333,-1.0,-1.833333333333334,7.0,7.0
2024,4,401641008,Louisiana Tech,Tulsa,False,False,-2.3333333333333335,-2.25,True,2.3333333333333335,-1.0,-0.08333333333333348,7.0,7.0
2024,8,401643738,San José State,Wyoming,False,True,-12.5,-11.166666666666666,True,12.5,-1.0,-1.333333333333334,7.0,7.0
2024,4,401641028,Colorado State,UTEP,False,False,-8.5,-10.0,True,8.5,1.0,1.5,6.0,6.0
2024,8,401635587,California,NC State,False,True,-9.5,-10.0,True,9.5,-1.0,0.5,7.0,6.0
2024,1,401628460,Washington,Weber State,False,False,-29.0,,True,29.0,1.0,,,
2024,10,401635604,Syracuse,Virginia Tech,False,True,3.5,3.0,False,3.5,1.0,0.5,8.0,7.0
2024,8,401636901,Kansas,Houston,True,True,-4.833333333333333,-7.166666666666667,True,4.833333333333333,1.0,2.333333333333334,13.0,14.0
2024,4,401635557,SMU,TCU,False,False,1.6666666666666667,2.5,False,1.6666666666666667,1.0,-0.8333333333333333,14.0,6.0
2024,10,401635627,SMU,Pittsburgh,False,True,-7.166666666666667,-7.166666666666667,True,7.166666666666667,1.0,0.0,7.0,9.0
2024,8,401645348,UTSA,Florida Atlantic,False,True,-4.166666666666667,-5.0,True,4.166666666666667,1.0,0.833333333333333,6.0,6.0
2024,10,401628406,Arkansas,Ole Miss,False,True,8.0,7.5,False,8.0,-1.0,0.5,6.0,7.0
2024,8,401628399,Vanderbilt,Ball State,False,False,-27.5,-25.166666666666668,True,27.5,-1.0,-2.333333333333332,6.0,7.0
2024,8,401635590,Stanford,SMU,False,True,16.5,14.666666666666666,False,16.5,-1.0,1.833333333333334,7.0,14.0
2024,4,401635553,Middle Tennessee,Duke,False,False,14.666666666666666,14.0,False,14.666666666666666,-1.0,0.6666666666666661,6.0,6.0
2024,8,401643739,Oregon State,UNLV,False,False,6.5,5.5,False,6.5,-1.0,1.0,7.0,8.0
2024,8,401643736,Washington State,Hawai'i,False,False,-18.666666666666668,-19.5,True,18.666666666666668,1.0,0.8333333333333321,6.0,6.0
2024,8,401645350,Tulane,Rice,False,True,-21.833333333333332,-23.0,True,21.833333333333332,-1.0,1.1666666666666679,14.0,6.0
2024,4,401635554,Louisville,Georgia Tech,False,True,-8.833333333333334,-10.0,True,8.833333333333334,1.0,1.166666666666666,14.0,7.0
2024,8,401643814,Southern Miss,Arkansas State,False,True,7.0,6.666666666666667,False,7.0,-1.0,0.33333333333333304,7.0,7.0
2024,10,401643820,Texas State,Louisiana,False,True,-3.8333333333333335,-3.3333333333333335,True,3.8333333333333335,-1.0,-0.5,10.0,10.0
2024,10,401628535,Iowa,Wisconsin,False,True,-2.5,-3.5,True,2.5,1.0,1.0,7.0,7.0
2024,8,401628520,Michigan State,Iowa,False,True,6.666666666666667,6.166666666666667,False,6.666666666666667,1.0,0.5,14.0,7.0
2024,4,401628491,Washington,Northwestern,False,True,-11.833333333333334,-10.25,True,11.833333333333334,1.0,-1.583333333333334,7.0,6.0
2024,10,401628411,South Carolina,Texas A&M,False,True,3.1666666666666665,3.6666666666666665,False,3.1666666666666665,1.0,-0.5,14.0,7.0
2024,4,401628368,Missouri,Vanderbilt,False,True,-18.0,-21.0,True,18.0,-1.0,3.0,7.0,6.0
2024,4,401628487,Minnesota,Iowa,False,True,2.8333333333333335,2.5,False,2.8333333333333335,-1.0,0.3333333333333335,7.0,7.0
2024,4,401636879,West Virginia,Kansas,False,True,-1.3333333333333333,-2.5,True,1.3333333333333333,1.0,1.1666666666666667,6.0,7.0
2024,9,401645308,Massachusetts,Wagner,False,False,-23.25,-22.75,True,23.25,1.0,-0.5,14.0,27.0
2024,4,401628486,Indiana,Charlotte,False,False,-28.5,-28.0,True,28.5,1.0,-0.5,6.0,6.0
2024,4,401628367,Mississippi State,Florida,False,True,6.666666666666667,4.5,False,6.666666666666667,-1.0,2.166666666666667,6.0,6.0
2024,4,401635556,North Carolina,James Madison,False,False,-10.833333333333334,-10.5,True,10.833333333333334,-1.0,-0.3333333333333339,6.0,13.0
2024,4,401628494,Virginia Tech,Rutgers,False,False,-3.25,-4.0,True,3.25,-1.0,0.75,6.0,14.0
2024,4,401645328,Army,Rice,False,True,-7.333333333333333,-6.25,True,7.333333333333333,1.0,-1.083333333333333,14.0,6.0
2024,4,401643791,Louisiana,Tulane,False,False,1.5,3.5,False,1.5,-1.0,-2.0,13.0,6.0
2024,4,401628364,Kentucky,Ohio,False,False,-20.666666666666668,-18.25,True,20.666666666666668,1.0,-2.416666666666668,6.0,6.0
2024,4,401644735,Central Michigan,Ball State,False,True,-6.166666666666667,-6.5,True,6.166666666666667,-1.0,0.33333333333333304,7.0,6.0
2024,4,401628485,Nebraska,Illinois,False,True,-8.833333333333334,-8.75,True,8.833333333333334,-1.0,-0.08333333333333393,6.0,6.0
2024,4,401634766,Syracuse,Stanford,False,True,-8.833333333333334,-9.5,True,8.833333333333334,-1.0,0.6666666666666661,13.0,13.0
2024,4,401643714,Washington State,San José State,False,False,-13.0,-14.25,True,13.0,-1.0,1.25,6.0,6.0
2024,4,401636873,Cincinnati,Houston,False,True,-3.8333333333333335,-5.5,True,3.8333333333333335,1.0,1.6666666666666665,7.0,6.0
2024,8,401628524,Rutgers,UCLA,False,True,-4.25,-6.25,True,4.25,-1.0,2.0,7.0,6.0
2024,5,401628500,UCLA,Oregon,False,True,23.5,24.333333333333332,False,23.5,1.0,-0.8333333333333321,7.0,14.0
2024,5,401628495,Penn State,Illinois,False,True,-19.333333333333332,-18.0,True,19.333333333333332,-1.0,-1.3333333333333321,7.0,7.0
2024,5,401628377,Ole Miss,Kentucky,False,True,-15.0,-16.833333333333332,True,15.0,-1.0,1.8333333333333321,6.0,6.0
2024,5,401635563,SMU,Florida State,False,True,-5.833333333333333,-5.5,True,5.833333333333333,1.0,-0.33333333333333304,7.0,7.0
2024,13,401645374,UTSA,Temple,False,True,-16.833333333333332,-16.166666666666668,True,16.833333333333332,1.0,-0.6666666666666643,6.0,6.0
2024,5,401645331,Temple,Army,False,True,14.5,12.166666666666666,False,14.5,-1.0,2.333333333333334,5.0,5.0
2024,13,401628558,Michigan State,Purdue,False,True,-14.166666666666666,-13.5,True,14.166666666666666,-1.0,-0.6666666666666661,6.0,6.0
2024,5,401643792,Georgia State,Georgia Southern,False,True,-3.5,-1.0,True,3.5,-1.0,-2.5,13.0,6.0
2024,5,401644739,Kent State,Eastern Michigan,False,True,13.833333333333334,13.666666666666666,False,13.833333333333334,-1.0,0.16666666666666785,7.0,7.0
2024,5,401645334,East Carolina,UTSA,False,True,-2.0,-3.6666666666666665,True,2.0,1.0,1.6666666666666665,6.0,7.0
2024,5,401635561,Clemson,Stanford,False,True,-23.833333333333332,-22.0,True,23.833333333333332,1.0,-1.8333333333333321,7.0,7.0
2024,5,401644738,Ohio,Akron,False,True,-8.0,-12.833333333333334,True,8.0,1.0,4.833333333333334,7.0,6.0
2024,5,401635564,NC State,Northern Illinois,False,False,-7.166666666666667,-7.666666666666667,True,7.166666666666667,-1.0,0.5,7.0,6.0
2024,5,401635659,Wake Forest,Louisiana,False,False,-2.8333333333333335,-3.0,True,2.8333333333333335,-1.0,0.16666666666666652,13.0,7.0
2024,5,401643721,Central Michigan,San Diego State,False,False,-2.5,-1.75,True,2.5,-1.0,-0.75,7.0,13.0
2024,5,401628496,Indiana,Maryland,False,True,-7.5,-6.666666666666667,True,7.5,1.0,-0.833333333333333,7.0,7.0
2024,13,401635619,Virginia,SMU,False,True,10.833333333333334,9.5,False,10.833333333333334,-1.0,1.333333333333334,6.0,6.0
2024,5,401643793,James Madison,Ball State,False,False,-21.5,-19.333333333333332,True,21.5,1.0,-2.166666666666668,7.0,7.0
2024,5,401643795,Bowling Green,Old Dominion,False,False,-11.166666666666666,-9.166666666666666,True,11.166666666666666,-1.0,-2.0,6.0,13.0
2024,5,401629032,UConn,Buffalo,False,False,-5.833333333333333,-4.0,True,5.833333333333333,1.0,-1.833333333333333,6.0,6.0
2024,5,401635560,Boston College,Western Kentucky,False,False,-7.5,-12.166666666666666,True,7.5,-1.0,4.666666666666666,6.0,6.0
2024,5,401629043,Miami (OH),Massachusetts,False,False,-15.166666666666666,-17.5,True,15.166666666666666,-1.0,2.333333333333334,7.0,7.0
2024,13,401636937,West Virginia,UCF,False,True,3.1666666666666665,2.8333333333333335,False,3.1666666666666665,1.0,0.33333333333333304,6.0,13.0
2024,13,401635617,Louisville,Pittsburgh,False,True,-7.333333333333333,-8.0,True,7.333333333333333,1.0,0.666666666666667,7.0,7.0
2024,5,401643794,Marshall,Western Michigan,False,False,-3.5,-5.0,True,3.5,1.0,1.5,7.0,13.0
2024,13,401636935,TCU,Arizona,False,True,-10.666666666666666,-10.833333333333334,True,10.666666666666666,1.0,0.16666666666666785,13.0,7.0
2024,5,401636882,Kansas,TCU,True,True,-1.5,-1.5,True,1.5,-1.0,0.0,7.0,6.0
2024,5,401636884,Texas Tech,Cincinnati,False,True,-3.1666666666666665,-3.6666666666666665,True,3.1666666666666665,-1.0,0.5,7.0,7.0
2024,13,401628560,Nebraska,Wisconsin,False,True,-1.3333333333333333,-2.1666666666666665,True,1.3333333333333333,1.0,0.8333333333333333,6.0,6.0
2024,5,401645337,Tulane,South Florida,False,True,-4.5,-6.666666666666667,True,4.5,1.0,2.166666666666667,7.0,6.0
2024,5,401641041,Sam Houston,Texas State,True,False,10.833333333333334,8.0,False,10.833333333333334,1.0,2.833333333333334,6.0,15.0
2024,13,401628432,Mississippi State,Missouri,False,True,9.5,7.333333333333333,False,9.5,-1.0,2.166666666666667,13.0,7.0
2024,5,401645332,UAB,Navy,False,True,4.833333333333333,2.1666666666666665,False,4.833333333333333,-1.0,2.6666666666666665,13.0,6.0
2024,13,401628557,Michigan,Northwestern,False,True,-10.5,-12.666666666666666,True,10.5,1.0,2.166666666666666,14.0,7.0
2024,5,401628499,Purdue,Nebraska,False,True,10.166666666666666,9.833333333333334,False,10.166666666666666,-1.0,0.33333333333333215,6.0,7.0
2024,13,401636934,Oklahoma State,Texas Tech,False,True,4.833333333333333,3.6666666666666665,False,4.833333333333333,-1.0,1.1666666666666665,13.0,13.0
2024,13,401636931,Houston,Baylor,False,True,6.833333333333333,7.333333333333333,False,6.833333333333333,-1.0,-0.5,7.0,7.0
2024,5,401641025,Memphis,Middle Tennessee,False,False,-27.166666666666668,-24.5,True,27.166666666666668,-1.0,-2.666666666666668,7.0,7.0
2024,5,401628376,LSU,South Alabama,False,False,-20.833333333333332,-21.166666666666668,True,20.833333333333332,1.0,0.3333333333333357,7.0,9.0
2024,13,401628556,Maryland,Iowa,False,True,4.166666666666667,6.5,False,4.166666666666667,-1.0,-2.333333333333333,6.0,14.0
2024,5,401636880,Baylor,BYU,False,True,-3.1666666666666665,-2.5,True,3.1666666666666665,-1.0,-0.6666666666666665,6.0,6.0
2024,5,401628378,Texas,Mississippi State,False,True,-37.5,-37.333333333333336,True,37.5,-1.0,-0.1666666666666643,6.0,7.0
2024,5,401636881,Houston,Iowa State,False,True,16.333333333333332,12.5,False,16.333333333333332,-1.0,3.833333333333332,7.0,7.0
2024,5,401643796,Troy,UL Monroe,False,True,-6.166666666666667,-8.666666666666666,True,6.166666666666667,-1.0,2.499999999999999,7.0,6.0
2024,13,401635615,Duke,Virginia Tech,False,True,2.5,2.5,False,2.5,1.0,0.0,14.0,14.0
2024,5,401645336,North Texas,Tulsa,False,True,-7.166666666666667,-7.0,True,7.166666666666667,1.0,-0.16666666666666696,7.0,7.0
2024,5,401645333,Rice,Charlotte,False,True,-4.166666666666667,-7.833333333333333,True,4.166666666666667,-1.0,3.666666666666666,7.0,7.0
2024,13,401635618,Miami,Wake Forest,False,True,-23.5,-24.0,True,23.5,1.0,0.5,14.0,6.0
2024,5,401628497,Michigan,Minnesota,False,True,-10.5,-10.0,True,10.5,-1.0,-0.5,6.0,6.0
2024,5,401640981,Florida International,Louisiana Tech,True,True,2.0,2.1666666666666665,False,2.0,1.0,-0.16666666666666652,7.0,6.0
2024,5,401641035,New Mexico State,New Mexico,False,False,9.166666666666666,6.5,False,9.166666666666666,-1.0,2.666666666666666,7.0,6.0
2024,5,401643718,Wyoming,Air Force,False,True,4.166666666666667,2.5,False,4.166666666666667,1.0,1.666666666666667,7.0,14.0
2024,13,401635613,California,Stanford,False,True,-15.0,-13.666666666666666,True,15.0,-1.0,-1.333333333333334,7.0,7.0
2024,5,401628501,Rutgers,Washington,False,True,-1.25,-2.75,True,1.25,1.0,1.5,6.0,6.0
2024,13,401635518,Syracuse,UConn,False,False,-9.833333333333334,-11.0,True,9.833333333333334,-1.0,1.166666666666666,6.0,13.0
2024,13,401635612,Boston College,North Carolina,False,True,2.1666666666666665,2.8333333333333335,False,2.1666666666666665,1.0,-0.666666666666667,6.0,6.0
2024,13,401636933,Kansas State,Cincinnati,False,True,-7.5,-8.666666666666666,True,7.5,1.0,1.166666666666666,7.0,7.0
2024,6,401628506,Oregon,Michigan State,False,True,-22.166666666666668,-24.833333333333332,True,22.166666666666668,-1.0,2.6666666666666643,5.0,6.0
2024,13,401643767,San José State,UNLV,False,True,7.5,7.5,False,7.5,-1.0,0.0,6.0,5.0
2024,13,401641005,Jacksonville State,Sam Houston,False,True,-5.333333333333333,-6.0,True,5.333333333333333,1.0,0.666666666666667,6.0,6.0
2024,13,401643837,Coastal Carolina,Georgia Southern,False,True,-1.8333333333333333,-2.0,True,1.8333333333333333,-1.0,0.16666666666666674,7.0,6.0
2024,6,401635571,Louisville,SMU,False,True,-6.666666666666667,-8.333333333333334,True,6.666666666666667,-1.0,1.666666666666667,6.0,6.0
2024,6,401628380,Florida,UCF,False,False,1.1666666666666667,-0.3333333333333333,False,1.1666666666666667,1.0,1.5,14.0,7.0
2024,13,401643838,Old Dominion,Marshall,False,True,-2.8333333333333335,-0.6666666666666666,True,2.8333333333333335,-1.0,-2.166666666666667,7.0,7.0
2024,6,401628382,South Carolina,Ole Miss,False,True,10.166666666666666,10.0,False,10.166666666666666,-1.0,0.16666666666666607,13.0,7.0
2024,13,401644774,Ball State,Bowling Green,False,True,12.5,10.666666666666666,False,12.5,-1.0,1.833333333333334,10.0,10.0
2024,6,401635568,California,Miami,False,True,9.5,13.0,False,9.5,1.0,-3.5,14.0,8.0
2024,6,401636890,Oklahoma State,West Virginia,False,True,-2.5,-5.5,True,2.5,-1.0,3.0,7.0,14.0
2024,13,401643836,App State,James Madison,False,True,7.0,7.0,False,7.0,1.0,0.0,15.0,6.0
2024,13,401645371,Florida Atlantic,Charlotte,False,True,3.1666666666666665,1.5,False,3.1666666666666665,-1.0,1.6666666666666665,7.0,6.0
2024,6,401628379,Arkansas,Tennessee,False,True,14.166666666666666,12.5,False,14.166666666666666,1.0,1.666666666666666,7.0,14.0
2024,13,401645375,South Florida,Tulsa,False,True,-16.0,-15.5,True,16.0,1.0,-0.5,7.0,8.0
2024,5,401645335,Florida Atlantic,Wagner,False,False,-34.75,-29.75,True,34.75,-1.0,-5.0,6.0,
2024,13,401628430,Georgia,Massachusetts,False,False,-42.333333333333336,-44.166666666666664,True,42.333333333333336,-1.0,1.8333333333333286,6.0,7.0
2024,5,401635565,Syracuse,Holy Cross,False,False,-30.75,-28.5,True,30.75,-1.0,-2.25,7.0,
2024,5,401641018,Kennesaw State,UT Martin,False,False,1.75,-1.5,False,1.75,-1.0,3.25,13.0,27.0
2024,13,401628435,Tennessee,UTEP,False,False,-41.5,-41.333333333333336,True,41.5,1.0,-0.1666666666666643,6.0,13.0
2024,13,401640987,Kennesaw State,Florida International,False,True,8.833333333333334,9.166666666666666,False,8.833333333333334,1.0,-0.33333333333333215,7.0,7.0
2024,13,401641027,Middle Tennessee,New Mexico State,False,True,-3.3333333333333335,-4.0,True,3.3333333333333335,-1.0,0.6666666666666665,14.0,6.0
2024,13,401643766,Utah State,San Diego State,False,True,-4.833333333333333,-4.166666666666667,True,4.833333333333333,1.0,-0.6666666666666661,7.0,6.0
2024,13,401643840,Louisiana,Troy,False,True,-7.5,-11.333333333333334,True,7.5,1.0,3.833333333333334,6.0,7.0
2024,13,401643763,Nevada,Air Force,False,True,-2.6666666666666665,-3.8333333333333335,True,2.6666666666666665,-1.0,1.166666666666667,14.0,7.0
2024,13,401645373,UAB,Rice,False,True,6.833333333333333,6.666666666666667,False,6.833333333333333,1.0,0.16666666666666607,6.0,14.0
2024,13,401643842,Texas State,Georgia State,False,True,-22.833333333333332,-19.5,True,22.833333333333332,-1.0,-3.333333333333332,7.0,7.0
2024,13,401628572,Oregon State,Washington State,False,True,10.833333333333334,12.5,False,10.833333333333334,1.0,-1.666666666666666,7.0,6.0
2024,13,401643839,Arkansas State,UL Monroe,False,True,-2.8333333333333335,-3.3333333333333335,True,2.8333333333333335,1.0,0.5,6.0,7.0
2024,13,401628427,Arkansas,Louisiana Tech,False,False,-23.5,-22.666666666666668,True,23.5,-1.0,-0.8333333333333321,7.0,7.0
2024,13,401643764,Wyoming,Boise State,False,True,23.166666666666668,22.666666666666668,False,23.166666666666668,1.0,0.5,7.0,7.0
2024,13,401643841,Southern Miss,South Alabama,False,True,24.166666666666668,22.0,False,24.166666666666668,1.0,2.166666666666668,6.0,6.0
2024,13,401643765,Fresno State,Colorado State,False,True,-3.3333333333333335,-2.3333333333333335,True,3.3333333333333335,1.0,-1.0,14.0,8.0
2024,6,401635572,North Carolina,Pittsburgh,False,True,2.5,1.8333333333333333,False,2.5,-1.0,0.6666666666666667,6.0,13.0
2024,6,401634779,UNLV,Syracuse,False,False,-5.5,-4.666666666666667,True,5.5,-1.0,-0.833333333333333,6.0,6.0
2024,6,401628507,Minnesota,USC,False,True,8.833333333333334,9.166666666666666,False,8.833333333333334,1.0,-0.33333333333333215,7.0,7.0
2024,13,401628554,Rutgers,Illinois,False,True,-2.25,-1.75,True,2.25,-1.0,-0.5,6.0,6.0
2024,6,401643797,Troy,Texas State,False,True,14.5,14.166666666666666,False,14.5,-1.0,0.3333333333333339,5.0,5.0
2024,6,401641029,UTEP,Sam Houston,False,True,9.833333333333334,10.5,False,9.833333333333334,-1.0,-0.6666666666666661,12.0,5.0
2024,6,401636891,TCU,Houston,False,True,-16.5,-16.666666666666668,True,16.5,-1.0,0.16666666666666785,6.0,6.0
2024,6,401641001,Kennesaw State,Jacksonville State,False,True,17.333333333333332,14.666666666666666,False,17.333333333333332,-1.0,2.666666666666666,6.0,13.0
2024,6,401645340,Charlotte,East Carolina,False,True,9.166666666666666,8.0,False,9.166666666666666,1.0,1.166666666666666,6.0,6.0
2024,6,401643798,Coastal Carolina,Old Dominion,False,True,-4.166666666666667,-4.666666666666667,True,4.166666666666667,1.0,0.5,14.0,7.0
2024,6,401645338,UAB,Tulane,False,True,19.333333333333332,14.333333333333334,False,19.333333333333332,-1.0,4.999999999999998,7.0,7.0
2024,6,401635638,NC State,Wake Forest,False,True,-4.166666666666667,-5.333333333333333,True,4.166666666666667,-1.0,1.166666666666666,7.0,6.0
2024,6,401644741,Ball State,Western Michigan,False,True,10.166666666666666,7.5,False,10.166666666666666,1.0,2.666666666666666,7.0,6.0
2024,6,401643799,Marshall,App State,False,True,-3.1666666666666665,-1.5,True,3.1666666666666665,1.0,-1.6666666666666665,7.0,15.0
2024,6,401643722,Air Force,Navy,False,False,9.833333333333334,8.0,False,9.833333333333334,-1.0,1.833333333333334,6.0,7.0
2024,6,401635567,Virginia,Boston College,False,True,-1.8333333333333333,-3.0,True,1.8333333333333333,1.0,1.1666666666666667,13.0,7.0
2024,6,401629044,Northern Illinois,Massachusetts,False,False,-13.833333333333334,-17.0,True,13.833333333333334,1.0,3.166666666666666,7.0,6.0
2024,6,401644740,Akron,Bowling Green,False,True,16.666666666666668,14.833333333333334,False,16.666666666666668,1.0,1.833333333333334,7.0,6.0
2024,6,401644684,Toledo,Miami (OH),False,True,-4.833333333333333,-7.333333333333333,True,4.833333333333333,1.0,2.5,13.0,7.0
2024,6,401628384,Vanderbilt,Alabama,False,True,23.0,24.0,False,23.0,1.0,-1.0,14.0,6.0
2024,6,401643723,Boise State,Utah State,False,True,-27.833333333333332,-25.833333333333332,True,27.833333333333332,1.0,-2.0,6.0,14.0
2024,6,401636888,Arizona State,Kansas,False,True,-2.5,-2.3333333333333335,True,2.5,1.0,-0.16666666666666652,14.0,7.0
2024,6,401628503,Northwestern,Indiana,True,True,12.5,12.5,False,12.5,-1.0,0.0,13.0,7.0
2024,6,401636887,Arizona,Texas Tech,False,True,-5.833333333333333,-5.333333333333333,True,5.833333333333333,-1.0,-0.5,7.0,7.0
2024,6,401645339,Tulsa,Army,False,True,13.666666666666666,10.0,False,13.666666666666666,-1.0,3.666666666666666,6.0,8.0
2024,6,401635573,Stanford,Virginia Tech,False,True,9.166666666666666,6.333333333333333,False,9.166666666666666,-1.0,2.833333333333333,6.0,7.0
2024,6,401643726,San José State,Nevada,False,True,-7.166666666666667,-8.0,True,7.166666666666667,-1.0,0.833333333333333,14.0,14.0
2024,6,401629033,UConn,Temple,False,False,-17.5,-13.0,True,17.5,-1.0,-4.5,7.0,8.0
2024,6,401636889,Iowa State,Baylor,False,True,-12.833333333333334,-13.0,True,12.833333333333334,1.0,0.16666666666666607,7.0,7.0
2024,6,401643802,Southern Miss,Louisiana,False,True,17.166666666666668,13.666666666666666,False,17.166666666666668,1.0,3.5000000000000018,14.0,7.0
2024,6,401643800,Arkansas State,South Alabama,False,True,2.5,3.5,False,2.5,1.0,-1.0,14.0,6.0
2024,6,401643801,UL Monroe,James Madison,False,True,16.5,15.0,False,16.5,1.0,1.5,7.0,7.0
2024,6,401643724,Oregon State,Colorado State,False,False,-10.333333333333334,-14.0,True,10.333333333333334,-1.0,3.666666666666666,13.0,14.0
2024,6,401643725,San Diego State,Hawai'i,False,True,-1.5,-3.3333333333333335,True,1.5,1.0,1.8333333333333335,7.0,13.0
2024,6,401628509,Wisconsin,Purdue,False,True,-11.833333333333334,-12.0,True,11.833333333333334,1.0,0.16666666666666607,6.0,7.0
2024,6,401628510,Penn State,UCLA,False,True,-29.666666666666668,-28.0,True,29.666666666666668,-1.0,-1.6666666666666679,6.0,6.0
2024,10,401640985,Florida International,New Mexico State,True,True,-7.166666666666667,-8.333333333333334,True,7.166666666666667,1.0,1.166666666666667,6.0,13.0
2024,10,401641012,Sam Houston,Louisiana Tech,False,True,-10.5,-10.166666666666666,True,10.5,-1.0,-0.3333333333333339,7.0,7.0
2024,10,401640994,Liberty,Jacksonville State,False,True,-2.5,-0.5,True,2.5,-1.0,-2.0,7.0,6.0
2024,10,401645356,Charlotte,Tulane,False,True,14.5,16.0,False,14.5,-1.0,-1.5,5.0,5.0
2024,10,401641020,Western Kentucky,Kennesaw State,False,True,-23.666666666666668,-24.166666666666668,True,23.666666666666668,-1.0,0.5,14.0,7.0
2024,10,401628540,Washington,USC,False,True,2.1666666666666665,2.6666666666666665,False,2.1666666666666665,1.0,-0.5,7.0,7.0
2024,10,401628533,Illinois,Minnesota,False,True,2.6666666666666665,0.6666666666666666,False,2.6666666666666665,-1.0,2.0,6.0,6.0
2024,10,401635601,Miami,Duke,False,True,-20.5,-19.833333333333332,True,20.5,1.0,-0.6666666666666679,6.0,6.0
2024,10,401628534,Michigan State,Indiana,False,True,7.5,6.833333333333333,False,7.5,-1.0,0.666666666666667,6.0,7.0
2024,10,401636914,Iowa State,Texas Tech,False,True,-13.833333333333334,-13.166666666666666,True,13.833333333333334,-1.0,-0.6666666666666679,13.0,7.0
2024,10,401628412,Tennessee,Kentucky,False,True,-17.5,-15.0,True,17.5,-1.0,-2.5,14.0,7.0
2024,10,401628407,Auburn,Vanderbilt,False,True,-7.833333333333333,-5.833333333333333,True,7.833333333333333,-1.0,-2.0,6.0,6.0
2024,10,401645357,Florida Atlantic,South Florida,False,True,1.5,2.1666666666666665,False,1.5,-1.0,-0.6666666666666665,13.0,13.0
2024,10,401629036,UConn,Georgia State,False,False,-7.166666666666667,-6.666666666666667,True,7.166666666666667,-1.0,-0.5,6.0,6.0
2024,10,401643747,Boise State,San Diego State,False,True,-24.5,-23.333333333333332,True,24.5,1.0,-1.1666666666666679,6.0,5.0
2024,10,401643746,Army,Air Force,False,False,-18.166666666666668,-23.5,True,18.166666666666668,-1.0,5.333333333333332,14.0,13.0
2024,10,401643822,Marshall,UL Monroe,False,True,-10.5,-10.333333333333334,True,10.5,-1.0,-0.16666666666666607,15.0,6.0
2024,10,401636916,UCF,Arizona,False,True,-6.166666666666667,-5.5,True,6.166666666666667,1.0,-0.666666666666667,7.0,6.0
2024,10,401644757,Akron,Buffalo,False,True,0.8333333333333334,0.8333333333333334,False,0.8333333333333334,-1.0,0.0,6.0,7.0
2024,10,401643821,App State,Old Dominion,False,True,2.6666666666666665,0.6666666666666666,False,2.6666666666666665,1.0,2.0,7.0,8.0
2024,10,401635516,NC State,Stanford,False,True,-9.666666666666666,-10.166666666666666,True,9.666666666666666,1.0,0.5,13.0,6.0
2024,10,401635602,Florida State,North Carolina,False,True,2.5,2.3333333333333335,False,2.5,-1.0,0.16666666666666652,6.0,7.0
2024,10,401636912,Baylor,TCU,False,True,-2.5,-2.8333333333333335,True,2.5,1.0,0.3333333333333335,7.0,7.0
2024,10,401644758,Eastern Michigan,Toledo,False,True,10.166666666666666,7.166666666666667,False,10.166666666666666,1.0,2.999999999999999,6.0,6.0
2024,10,401628538,Purdue,Northwestern,False,True,-3.0,1.5,True,3.0,-1.0,-4.5,14.0,6.0
2024,10,401645359,UTSA,Memphis,False,True,7.166666666666667,8.5,False,7.166666666666667,1.0,-1.333333333333333,6.0,7.0
2024,10,401636915,Oklahoma State,Arizona State,False,True,4.833333333333333,-0.5,False,4.833333333333333,-1.0,5.333333333333333,7.0,14.0
2024,10,401645360,Rice,Navy,False,True,12.833333333333334,13.333333333333334,False,12.833333333333334,1.0,-0.5,7.0,7.0
2024,10,401641026,UTEP,Middle Tennessee,False,True,-1.8333333333333333,-2.8333333333333335,True,1.8333333333333333,-1.0,1.0000000000000002,10.0,9.0
2024,10,401628537,Nebraska,UCLA,False,True,-7.833333333333333,-7.666666666666667,True,7.833333333333333,-1.0,-0.16666666666666607,7.0,14.0
2024,10,401645358,UAB,Tulsa,False,True,-2.5,-2.5,True,2.5,1.0,0.0,13.0,6.0
2024,10,401636913,Houston,Kansas State,False,True,11.666666666666666,13.166666666666666,False,11.666666666666666,1.0,-1.5,6.0,6.0
2024,10,401643824,Troy,Coastal Carolina,False,True,4.0,4.5,False,4.0,1.0,-0.5,6.0,14.0
2024,10,401643750,New Mexico,Wyoming,False,True,-7.666666666666667,-6.833333333333333,True,7.666666666666667,-1.0,-0.8333333333333339,6.0,6.0
2024,10,401643823,South Alabama,Georgia Southern,False,True,-5.5,-5.833333333333333,True,5.5,-1.0,0.33333333333333304,7.0,9.0
2024,10,401628409,Mississippi State,Massachusetts,False,False,-19.166666666666668,-19.333333333333332,True,19.166666666666668,1.0,0.1666666666666643,7.0,7.0
2024,10,401643749,Fresno State,Hawai'i,False,True,-12.333333333333334,-13.0,True,12.333333333333334,-1.0,0.6666666666666661,6.0,6.0
2024,10,401643748,Nevada,Colorado State,False,True,2.1666666666666665,1.0,False,2.1666666666666665,-1.0,1.1666666666666665,6.0,7.0
2024,6,401628508,Nebraska,Rutgers,False,True,-6.25,-7.0,True,6.25,1.0,0.75,7.0,7.0
2024,10,401628410,Oklahoma,Maine,False,False,-37.5,-35.0,True,37.5,1.0,-2.5,7.0,
2025,15,401777329,Western Michigan,Miami (OH),True,False,-2.375,-2.5,True,2.375,1.0,0.125,10.0,7.0
2025,15,401777325,Jacksonville State,Kennesaw State,False,False,1.875,-1.25,False,1.875,-1.0,3.125,6.0,6.0
2025,1,401778309,Louisville,Toledo,True,False,-10.833333333333334,-8.75,True,10.833333333333334,-1.0,-2.083333333333334,24.0,24.0
2025,15,401777327,Texas Tech,BYU,True,False,-12.75,-12.0,True,12.75,1.0,-0.75,7.0,6.0
2025,15,401777353,Ohio State,Indiana,True,False,-4.0,-6.0,True,4.0,-1.0,2.0,7.0,8.0
2025,15,401777326,Boise State,UNLV,False,False,-5.375,-3.1666666666666665,True,5.375,1.0,-2.2083333333333335,7.0,5.0
2025,1,401778334,Mississippi State,Wake Forest,True,False,-2.8333333333333335,-3.0,True,2.8333333333333335,-1.0,0.16666666666666652,35.0,34.0
2025,15,401777328,Virginia,Duke,True,False,-3.5,-2.5,True,3.5,-1.0,-1.0,7.0,7.0
2025,1,401779842,Ole Miss,Tulane,False,False,-16.833333333333332,-17.0,True,16.833333333333332,1.0,0.16666666666666785,22.0,14.0
2025,1,401778326,Illinois,Tennessee,True,False,2.8333333333333335,5.5,False,2.8333333333333335,1.0,-2.6666666666666665,30.0,31.0
2025,1,401778304,South Florida,Old Dominion,True,False,-3.6666666666666665,-6.0,True,3.6666666666666665,-1.0,2.3333333333333335,17.0,18.0
2025,14,401756961,Arizona State,Arizona,False,True,2.0,1.0,False,2.0,-1.0,1.0,6.0,6.0
2025,15,401777351,Alabama,Georgia,True,False,1.75,2.0,False,1.75,-1.0,-0.25,6.0,8.0
2025,1,401778303,Jacksonville State,Troy,True,False,-3.1666666666666665,4.0,True,3.1666666666666665,1.0,-7.166666666666666,11.0,11.0
2025,1,401779840,Oklahoma,Alabama,False,False,-1.8333333333333333,1.0,True,1.8333333333333333,-1.0,-2.833333333333333,20.0,13.0
2025,1,401779843,Oregon,James Madison,False,False,-21.166666666666668,-21.0,True,21.166666666666668,-1.0,-0.16666666666666785,21.0,15.0
2025,1,401778315,UTSA,Florida International,True,False,-7.166666666666667,-8.5,True,7.166666666666667,1.0,1.333333333333333,27.0,27.0
2025,16,401762521,Navy,Army,True,True,-5.5,-4.0,True,5.5,-1.0,-1.5,15.0,13.0
2025,1,401778332,Texas State,Rice,True,False,-19.5,-10.5,True,19.5,1.0,-9.0,33.0,33.0
2025,1,401778328,Vanderbilt,Iowa,True,False,-3.0,-4.5,True,3.0,-1.0,1.5,31.0,33.0
2025,14,401762517,Tulsa,UAB,False,True,-9.333333333333334,-7.833333333333333,True,9.333333333333334,-1.0,-1.5000000000000009,7.0,7.0
2025,15,401777324,Tulane,North Texas,False,False,1.625,2.75,False,1.625,1.0,-1.125,6.0,7.0
2025,14,401756966,Oklahoma State,Iowa State,False,True,13.833333333333334,15.166666666666666,False,13.833333333333334,1.0,-1.3333333333333321,6.0,7.0
2025,14,401752924,Purdue,Indiana,False,True,28.5,28.166666666666668,False,28.5,-1.0,0.33333333333333215,13.0,13.0
2025,14,401761664,Old Dominion,Georgia State,False,True,-28.666666666666668,-25.5,True,28.666666666666668,-1.0,-3.166666666666668,7.0,6.0
2025,15,401777352,James Madison,Troy,False,False,-24.0,-21.5,True,24.0,-1.0,-2.5,6.0,6.0
2025,1,401778302,Washington,Boise State,True,False,-9.833333333333334,-8.5,True,9.833333333333334,1.0,-1.333333333333334,14.0,8.0
2025,1,401778307,NC State,Memphis,True,False,-4.333333333333333,-5.5,True,4.333333333333333,1.0,1.166666666666667,19.0,21.0
2025,5,401752717,Arkansas,Notre Dame,False,False,5.333333333333333,7.666666666666667,False,5.333333333333333,-1.0,-2.333333333333334,7.0,6.0
2025,1,401778310,Southern Miss,Western Kentucky,True,False,-2.8333333333333335,4.0,True,2.8333333333333335,-1.0,-6.833333333333334,24.0,24.0
2025,4,401752846,Nebraska,Michigan,False,True,0.6666666666666666,2.6666666666666665,False,0.6666666666666666,-1.0,-2.0,7.0,7.0
2025,4,401752842,Washington State,Washington,False,False,20.833333333333332,17.833333333333332,False,20.833333333333332,-1.0,3.0,7.0,13.0
2025,1,401778308,Utah State,Washington State,True,False,-1.3333333333333333,-4.0,True,1.3333333333333333,-1.0,2.666666666666667,23.0,22.0
2025,5,401752852,Washington,Ohio State,False,True,9.333333333333334,11.5,False,9.333333333333334,-1.0,-2.166666666666666,6.0,13.0
2025,5,401752719,Ole Miss,LSU,False,True,-2.8333333333333335,1.0,True,2.8333333333333335,1.0,-3.8333333333333335,7.0,6.0
2025,1,401756847,Kansas,Fresno State,False,False,-14.166666666666666,-14.0,True,14.166666666666666,1.0,-0.16666666666666607,,
2025,1,401757218,Western Kentucky,Sam Houston,False,True,-9.833333333333334,-8.666666666666666,True,9.833333333333334,1.0,-1.1666666666666679,,
2025,1,401754516,Hawai'i,Stanford,False,False,-1.6666666666666667,-0.16666666666666666,True,1.6666666666666667,1.0,-1.5,,
2025,1,401762522,South Florida,Boise State,False,False,6.166666666666667,8.833333333333334,False,6.166666666666667,1.0,-2.666666666666667,,
2025,1,401752794,Rutgers,Ohio,False,False,-14.166666666666666,-11.166666666666666,True,14.166666666666666,-1.0,-3.0,,
2025,1,401756848,UCF,Jacksonville State,False,False,-19.166666666666668,-16.5,True,19.166666666666668,-1.0,-2.666666666666668,,
2025,1,401754373,NC State,East Carolina,False,False,-13.333333333333334,-13.0,True,13.333333333333334,-1.0,-0.3333333333333339,,
2025,1,401762789,Akron,Wyoming,False,False,6.0,8.5,False,6.0,-1.0,-2.5,,
2025,1,401752793,Minnesota,Buffalo,False,False,-17.166666666666668,-17.333333333333332,True,17.166666666666668,-1.0,0.1666666666666643,,
2025,1,401762791,Wisconsin,Miami (OH),False,False,-18.0,-17.5,True,18.0,-1.0,-0.5,,
2025,1,401752796,Cincinnati,Nebraska,True,False,6.0,6.666666666666667,False,6.0,1.0,-0.666666666666667,,
2025,1,401752802,Michigan State,Western Michigan,False,False,-20.833333333333332,-18.166666666666668,True,20.833333333333332,-1.0,-2.6666666666666643,,
2025,1,401754374,Wake Forest,Kennesaw State,False,False,-18.166666666666668,-17.666666666666668,True,18.166666666666668,-1.0,-0.5,,
2025,1,401761589,Charlotte,App State,True,False,10.333333333333334,8.333333333333334,False,10.333333333333334,-1.0,2.0,,
2025,1,401754375,Colorado,Georgia Tech,False,False,3.6666666666666665,3.8333333333333335,False,3.6666666666666665,-1.0,-0.16666666666666696,,
2025,1,401752667,Baylor,Auburn,False,False,0.3333333333333333,1.3333333333333333,False,0.3333333333333333,-1.0,-1.0,,
2025,1,401757224,Sam Houston,UNLV,True,False,10.333333333333334,13.333333333333334,False,10.333333333333334,-1.0,-3.0,6.0,6.0
2025,1,401760358,San José State,Central Michigan,False,False,-13.5,-11.166666666666666,True,13.5,-1.0,-2.333333333333334,,
2025,1,401752801,Purdue,Ball State,False,False,-16.5,-16.666666666666668,True,16.5,1.0,0.16666666666666785,,
2025,1,401752797,Maryland,Florida Atlantic,False,False,-14.166666666666666,-16.833333333333332,True,14.166666666666666,1.0,2.666666666666666,,
2025,1,401752673,Southern Miss,Mississippi State,False,False,13.833333333333334,13.166666666666666,False,13.833333333333334,-1.0,0.6666666666666679,,
2025,1,401752803,Tulane,Northwestern,False,False,-6.0,-6.833333333333333,True,6.0,1.0,0.833333333333333,,
2025,1,401752670,Kentucky,Toledo,False,False,-9.833333333333334,-10.666666666666666,True,9.833333333333334,-1.0,0.8333333333333321,,
2025,1,401752806,Indiana,Old Dominion,False,False,-23.333333333333332,-23.5,True,23.333333333333332,-1.0,0.16666666666666785,,
2025,1,401752665,Florida State,Alabama,False,False,13.5,12.166666666666666,False,13.5,1.0,1.333333333333334,,
2025,1,401752669,Georgia,Marshall,False,False,-38.833333333333336,-39.166666666666664,True,38.833333333333336,-1.0,0.3333333333333286,,
2025,1,401752807,Penn State,Nevada,False,False,-44.166666666666664,-44.833333333333336,True,44.166666666666664,-1.0,0.6666666666666714,,
2025,1,401762456,Massachusetts,Temple,False,False,2.3333333333333335,1.5,False,2.3333333333333335,-1.0,0.8333333333333335,,
2025,1,401754616,Virginia,Coastal Carolina,False,False,-13.166666666666666,-12.5,True,13.166666666666666,1.0,-0.6666666666666661,,
2025,1,401752678,Texas A&M,UTSA,False,False,-23.0,-21.333333333333332,True,23.0,-1.0,-1.6666666666666679,,
2025,1,401752671,Clemson,LSU,False,False,-4.833333333333333,-3.1666666666666665,True,4.833333333333333,-1.0,-1.6666666666666665,,
2025,1,401752808,Michigan,New Mexico,False,False,-35.166666666666664,-35.666666666666664,True,35.166666666666664,-1.0,0.5,,
2025,1,401752798,USC,Missouri State,False,False,-35.833333333333336,-33.833333333333336,True,35.833333333333336,1.0,-2.0,,
2025,1,401757225,Utah State,UTEP,False,False,-4.5,-3.5,True,4.5,1.0,-1.0,,
2025,1,401752672,Ole Miss,Georgia State,False,False,-35.166666666666664,-37.5,True,35.166666666666664,1.0,2.3333333333333357,,
2025,1,401761592,Louisiana,Rice,False,False,-11.166666666666666,-14.333333333333334,True,11.166666666666666,-1.0,3.166666666666668,,
2025,1,401761594,Texas State,Eastern Michigan,False,False,-13.833333333333334,-14.166666666666666,True,13.833333333333334,1.0,0.33333333333333215,,
2025,1,401760361,Fresno State,Georgia Southern,False,False,-1.0,-2.0,True,1.0,1.0,1.0,7.0,
2025,1,401756849,Arizona,Hawai'i,False,False,-14.833333333333334,-12.5,True,14.833333333333334,1.0,-2.333333333333334,,7.0
2025,1,401752936,Oregon State,California,False,False,0.8333333333333334,-2.3333333333333335,False,0.8333333333333334,-1.0,3.166666666666667,,
2025,1,401752805,Washington,Colorado State,False,False,-21.833333333333332,-19.5,True,21.833333333333332,-1.0,-2.333333333333332,,
2025,1,401752800,UCLA,Utah,False,False,6.5,5.333333333333333,False,6.5,-1.0,1.166666666666667,,
2025,1,401754522,Miami,Notre Dame,False,False,2.6666666666666665,2.5,False,2.6666666666666665,1.0,0.16666666666666652,,
2025,1,401754523,North Carolina,TCU,False,False,3.3333333333333335,1.1666666666666667,False,3.3333333333333335,-1.0,2.166666666666667,,
2025,2,401752822,Iowa State,Iowa,False,False,-2.6666666666666665,-2.3333333333333335,True,2.6666666666666665,1.0,-0.33333333333333304,6.0,6.0
2025,2,401752689,Missouri,Kansas,False,False,-6.333333333333333,-6.666666666666667,True,6.333333333333333,1.0,0.3333333333333339,8.0,7.0
2025,2,401752690,Oklahoma,Michigan,False,False,-3.5,-3.6666666666666665,True,3.5,1.0,0.16666666666666652,7.0,7.0
2025,1,401778319,BYU,Georgia Tech,True,False,-3.5,-3.0,True,3.5,1.0,-0.5,21.0,29.0
2025,1,401778306,Western Michigan,Kennesaw State,True,False,-3.3333333333333335,-4.0,True,3.3333333333333335,1.0,0.6666666666666665,12.0,13.0
2025,1,401752680,South Carolina,Virginia Tech,True,False,-7.666666666666667,-9.0,True,7.666666666666667,1.0,1.333333333333333,,
2025,1,401752676,Tennessee,Syracuse,True,False,-13.5,-14.0,True,13.5,1.0,0.5,,
2025,6,401752727,Florida,Texas,False,True,4.5,6.666666666666667,False,4.5,1.0,-2.166666666666667,13.0,13.0
2025,4,401756901,Utah,Texas Tech,False,True,-3.5,-4.0,True,3.5,-1.0,0.5,6.0,6.0
2025,4,401752843,Indiana,Illinois,False,True,-7.0,-3.8333333333333335,True,7.0,1.0,-3.1666666666666665,8.0,7.0
2025,7,401756922,Utah,Arizona State,False,True,-9.166666666666666,-4.166666666666667,True,9.166666666666666,1.0,-4.999999999999999,14.0,15.0
2025,6,401754553,Florida State,Miami,False,True,3.1666666666666665,6.333333333333333,False,3.1666666666666665,-1.0,-3.1666666666666665,8.0,14.0
2025,8,401752871,Notre Dame,USC,False,False,-10.666666666666666,-9.5,True,10.666666666666666,-1.0,-1.166666666666666,7.0,7.0
2025,8,401754564,Miami,Louisville,False,True,-10.5,-11.0,True,10.5,-1.0,0.5,12.0,13.0
2025,5,401752718,Georgia,Alabama,False,True,-2.3333333333333335,-3.6666666666666665,True,2.3333333333333335,-1.0,1.333333333333333,14.0,14.0
2025,7,401752736,Texas,Oklahoma,True,True,-2.5,-7.333333333333333,True,2.5,1.0,4.833333333333333,7.0,6.0
2025,12,401754591,Louisville,Clemson,False,True,-1.8333333333333333,2.8333333333333335,True,1.8333333333333333,-1.0,-4.666666666666667,6.0,6.0
2025,9,401752751,South Carolina,Alabama,False,True,11.833333333333334,11.333333333333334,False,11.833333333333334,1.0,0.5,7.0,6.0
2025,6,401757165,Notre Dame,Boise State,False,False,-21.5,-17.0,True,21.5,-1.0,-4.5,7.0,6.0
2025,6,401754552,North Carolina,Clemson,False,True,15.166666666666666,13.5,False,15.166666666666666,-1.0,1.666666666666666,13.0,14.0
2025,12,401752766,Georgia,Texas,False,True,-3.6666666666666665,-3.6666666666666665,True,3.6666666666666665,1.0,0.0,7.0,14.0
2025,7,401752870,Oregon,Indiana,False,True,-7.0,-12.666666666666666,True,7.0,-1.0,5.666666666666666,13.0,14.0
2025,8,401752742,Georgia,Ole Miss,False,True,-7.5,-9.166666666666666,True,7.5,1.0,1.666666666666666,6.0,7.0
2025,9,401756932,Kansas,Kansas State,False,True,-3.5,1.6666666666666667,True,3.5,-1.0,-5.166666666666667,13.0,13.0
2025,8,401756923,Arizona State,Texas Tech,False,True,8.0,5.666666666666667,False,8.0,1.0,2.333333333333333,6.0,6.0
2025,10,401752755,Florida,Georgia,True,True,6.833333333333333,7.666666666666667,False,6.833333333333333,1.0,-0.8333333333333339,13.0,14.0
2025,9,401752881,Michigan State,Michigan,False,True,13.5,10.0,False,13.5,1.0,3.5,7.0,7.0
2025,10,401752889,Ohio State,Penn State,False,True,-17.666666666666668,-9.666666666666666,True,17.666666666666668,1.0,-8.000000000000002,13.0,13.0
2025,9,401752748,LSU,Texas A&M,False,True,1.5,-2.8333333333333335,False,1.5,-1.0,4.333333333333334,7.0,7.0
2025,11,401754586,Clemson,Florida State,False,True,-1.5,-11.833333333333334,True,1.5,1.0,10.333333333333334,7.0,7.0
2025,10,401754581,SMU,Miami,False,True,7.833333333333333,7.5,False,7.833333333333333,1.0,0.33333333333333304,7.0,6.0
2025,12,401752765,Alabama,Oklahoma,False,True,-6.5,-10.666666666666666,True,6.5,-1.0,4.166666666666666,6.0,13.0
2025,14,401752792,Texas,Texas A&M,False,True,2.5,-1.5,False,2.5,1.0,4.0,6.0,6.0
2025,14,401761665,Louisiana,UL Monroe,False,True,-11.0,-13.166666666666666,True,11.0,-1.0,2.166666666666666,8.0,6.0
2025,13,401756956,Colorado,Arizona State,False,True,6.833333333333333,6.833333333333333,False,6.833333333333333,-1.0,0.0,14.0,7.0
2025,1,401838053,Arkansas State,Missouri State,True,False,-1.5,-2.5,True,1.5,1.0,1.0,19.0,19.0
2025,13,401752911,Oregon,USC,False,True,-11.333333333333334,-11.666666666666666,True,11.333333333333334,1.0,0.33333333333333215,7.0,7.0
2025,13,401752775,Florida,Tennessee,False,True,3.3333333333333335,1.0,False,3.3333333333333335,-1.0,2.3333333333333335,7.0,7.0
2025,1,401778318,Army,UConn,True,False,-7.166666666666667,-3.0,True,7.166666666666667,1.0,-4.166666666666667,13.0,34.0
2025,1,401778320,Fresno State,Miami (OH),True,False,-5.333333333333333,-3.5,True,5.333333333333333,1.0,-1.833333333333333,27.0,21.0
2025,1,401779841,Texas A&M,Miami,False,False,-3.0,-4.5,True,3.0,-1.0,1.5,21.0,21.0
2025,2,401752823,UNLV,UCLA,False,False,2.5,2.25,False,2.5,1.0,0.25,7.0,6.0
2025,1,401760371,UNLV,Idaho State,False,False,-30.5,-24.5,True,30.5,-1.0,-6.0,,
2025,2,401752688,Mississippi State,Arizona State,False,False,5.75,6.75,False,5.75,1.0,-1.0,7.0,6.0
2025,2,401752948,Washington State,San Diego State,False,False,-2.25,-2.25,True,2.25,1.0,0.0,7.0,9.0
2025,2,401754528,Louisville,James Madison,False,False,-15.25,-14.75,True,15.25,-1.0,-0.5,6.0,6.0
2025,2,401752826,Maryland,Northern Illinois,False,False,-16.75,-16.0,True,16.75,-1.0,-0.75,6.0,6.0
2025,14,401762518,Tulane,Charlotte,False,True,-31.0,-29.333333333333332,True,31.0,-1.0,-1.6666666666666679,7.0,7.0
2025,1,401762790,Bowling Green,Lafayette,False,False,-21.25,-18.0,True,21.25,-1.0,-3.25,,
2025,4,401752709,Miami,Florida,False,False,-8.5,-5.333333333333333,True,8.5,1.0,-3.166666666666667,7.0,7.0
2025,8,401752873,Michigan,Washington,False,True,-4.166666666666667,-9.0,True,4.166666666666667,1.0,4.833333333333333,6.0,7.0
2025,1,401752804,Oregon,Montana State,False,False,-28.25,-27.0,True,28.25,1.0,-1.25,,
2025,2,401754618,Syracuse,UConn,False,False,-7.25,-8.25,True,7.25,-1.0,1.0,7.0,6.0
2025,2,401754525,SMU,Baylor,False,False,-2.75,-4.25,True,2.75,-1.0,1.5,6.0,7.0
2025,2,401752825,Duke,Illinois,False,False,2.5,2.5,False,2.5,-1.0,0.0,8.0,7.0
2025,2,401752811,Penn State,Florida International,False,False,-41.75,-41.75,True,41.75,-1.0,0.0,6.0,7.0
2025,3,401752699,LSU,Florida,False,True,-5.0,-6.833333333333333,True,5.0,1.0,1.833333333333333,7.0,7.0
2025,2,401752684,Florida,South Florida,False,False,-18.5,-17.25,True,18.5,-1.0,-1.25,6.0,8.0
2025,1,401762432,Army,Tarleton State,False,False,-14.25,-15.0,True,14.25,-1.0,0.75,,
2025,1,401757167,UConn,Central Connecticut,False,False,-28.75,-26.0,True,28.75,1.0,-2.75,,
2025,1,401756846,Kansas State,Iowa State,True,True,-3.0,-3.0,True,3.0,-1.0,0.0,,
2025,1,401757219,Delaware,Delaware State,False,False,-30.5,-29.75,True,30.5,-1.0,-0.75,,
2025,1,401762434,Navy,VMI,False,False,-42.25,-40.75,True,42.25,1.0,-1.5,,
2025,2,401752816,Michigan State,Boston College,False,False,-3.5,-3.25,True,3.5,-1.0,-0.25,8.0,7.0
2025,1,401756876,Oklahoma State,UT Martin,False,False,-26.0,-21.0,True,26.0,-1.0,-5.0,,
2025,1,401752677,Ohio State,Texas,False,False,-2.1666666666666665,-2.8333333333333335,True,2.1666666666666665,1.0,0.666666666666667,,
2025,1,401752668,Florida,Long Island University,False,False,-46.75,-45.5,True,46.75,1.0,-1.25,,
2025,1,401752666,Arkansas,Alabama A&M,False,False,-47.0,-46.5,True,47.0,-1.0,-0.5,,
2025,2,401761603,UTSA,Texas State,False,False,-4.5,-4.75,True,4.5,-1.0,0.25,6.0,6.0
2025,1,401754517,Duke,Elon,False,False,-36.5,-33.5,True,36.5,-1.0,-3.0,,
2025,2,401752686,Kentucky,Ole Miss,False,True,7.75,9.0,False,7.75,1.0,-1.25,7.0,6.0
2025,2,401754529,Pittsburgh,Central Michigan,False,False,-21.5,-21.5,True,21.5,1.0,0.0,7.0,7.0
2025,2,401752812,Indiana,Kennesaw State,False,False,-35.5,-35.5,True,35.5,1.0,0.0,6.0,7.0
2025,2,401757227,Jacksonville State,Liberty,False,True,6.25,5.75,False,6.25,1.0,0.5,8.0,6.0
2025,1,401778312,Hawai'i,California,False,False,-1.5,3.0,True,1.5,1.0,-4.5,24.0,25.0
2025,1,401831583,SMU,Arizona,True,False,-2.5,3.0,True,2.5,1.0,-5.5,34.0,34.0
2025,1,401761588,UL Monroe,Saint Francis,False,False,-30.75,-27.0,True,30.75,-1.0,-3.75,,
2025,1,401752674,Missouri,Central Arkansas,False,False,-39.0,-38.5,True,39.0,1.0,-0.5,,
2025,2,401756880,Cincinnati,Bowling Green,False,False,-22.0,-19.25,True,22.0,-1.0,-2.75,8.0,8.0
2025,1,401778325,Louisiana Tech,Coastal Carolina,True,False,-10.0,-7.0,True,10.0,-1.0,-3.0,31.0,30.0
2025,3,401752705,Tennessee,Georgia,False,True,3.5,7.0,False,3.5,1.0,-3.5,7.0,7.0
2025,3,401754623,Georgia Tech,Clemson,False,True,2.8333333333333335,8.166666666666666,False,2.8333333333333335,1.0,-5.333333333333332,6.0,6.0
2025,13,401756960,Utah,Kansas State,False,True,-17.833333333333332,-11.666666666666666,True,17.833333333333332,-1.0,-6.166666666666666,6.0,7.0
2025,1,401769071,Texas Tech,Oregon,True,False,-1.3333333333333333,1.5,True,1.3333333333333333,-1.0,-2.833333333333333,26.0,11.0
2025,1,401754520,Pittsburgh,Duquesne,False,False,-39.25,-38.75,True,39.25,1.0,-0.5,,
2025,1,401754519,Louisville,Eastern Kentucky,False,False,-37.75,-37.75,True,37.75,-1.0,0.0,,
2025,1,401756877,Texas Tech,Arkansas-Pine Bluff,False,False,-54.5,-52.75,True,54.5,1.0,-1.75,,
2025,1,401778327,TCU,USC,True,False,4.5,6.0,False,4.5,1.0,-1.5,31.0,31.0
2025,1,401778305,Delaware,Louisiana,True,False,1.5,3.0,False,1.5,1.0,-1.5,18.0,18.0
2025,1,401769072,Indiana,Alabama,True,False,-7.5,-7.0,True,7.5,1.0,-0.5,25.0,12.0
2025,1,401778322,Missouri,Virginia,True,False,-4.0,-7.0,True,4.0,-1.0,3.0,28.0,20.0
2025,1,401769073,Georgia,Ole Miss,True,False,-6.0,-6.5,True,6.0,-1.0,0.5,26.0,12.0
2025,1,401778323,Houston,LSU,True,False,-1.3333333333333333,-3.0,True,1.3333333333333333,1.0,1.6666666666666667,28.0,28.0
2025,1,401778311,Ohio,UNLV,True,False,6.333333333333333,4.0,False,6.333333333333333,1.0,2.333333333333333,25.0,18.0
2025,1,401778313,Northwestern,Central Michigan,True,False,-13.0,-12.5,True,13.0,1.0,-0.5,26.0,27.0
2025,1,401778314,Minnesota,New Mexico,True,False,-1.6666666666666667,-3.0,True,1.6666666666666667,1.0,1.3333333333333333,27.0,28.0
2025,1,401778316,East Carolina,Pittsburgh,True,False,10.666666666666666,6.0,False,10.666666666666666,1.0,4.666666666666666,27.0,27.0
2025,1,401778317,Clemson,Penn State,True,False,-2.5,-3.0,True,2.5,-1.0,0.5,28.0,27.0
2025,1,401778321,San Diego State,North Texas,True,False,6.0,3.0,False,6.0,1.0,3.0,29.0,21.0
2025,1,401778324,App State,Georgia Southern,True,False,10.0,2.0,False,10.0,-1.0,8.0,29.0,30.0
2025,1,401769070,Ohio State,Miami,True,False,-7.666666666666667,-9.5,True,7.666666666666667,-1.0,1.833333333333333,24.0,11.0
2025,1,401778331,Utah,Nebraska,True,False,-13.666666666666666,-14.5,True,13.666666666666666,1.0,0.8333333333333339,33.0,33.0
2025,1,401769075,Ole Miss,Miami,True,False,3.0,3.0,False,3.0,-1.0,0.0,6.0,8.0
2025,1,401769074,Indiana,Oregon,True,False,-3.0,-3.5,True,3.0,1.0,0.5,8.0,8.0
2025,1,401769076,Indiana,Miami,True,False,-7.333333333333333,-8.0,True,7.333333333333333,-1.0,0.666666666666667,10.0,11.0
2025,1,401778333,Cincinnati,Navy,True,False,6.333333333333333,-1.5,False,6.333333333333333,-1.0,7.833333333333333,34.0,20.0
2025,2,401754526,BYU,Stanford,False,False,-20.5,-18.0,True,20.5,1.0,-2.5,7.0,14.0
2025,2,401756883,Ohio,West Virginia,False,False,3.5,2.75,False,3.5,1.0,0.75,8.0,7.0
2025,1,401760357,San Diego State,Stony Brook,False,False,-19.5,-17.25,True,19.5,1.0,-2.25,,
2025,1,401756850,Arizona State,Northern Arizona,False,False,-30.0,-28.5,True,30.0,-1.0,-1.5,,
2025,1,401762457,Tulsa,Abilene Christian,False,False,-5.25,-5.0,True,5.25,1.0,-0.25,,
2025,11,401752759,Alabama,LSU,False,True,-10.166666666666666,-7.0,True,10.166666666666666,1.0,-3.166666666666666,14.0,14.0
2025,11,401752893,Penn State,Indiana,False,True,14.0,2.6666666666666665,False,14.0,1.0,11.333333333333334,7.0,6.0
2025,3,401754638,West Virginia,Pittsburgh,False,False,6.833333333333333,3.1666666666666665,False,6.833333333333333,1.0,3.6666666666666665,6.0,7.0
2025,2,401752693,Texas,San José State,False,False,-36.75,-35.75,True,36.75,-1.0,-1.0,7.0,7.0
2025,2,401754524,NC State,Virginia,False,False,-2.75,-2.75,True,2.75,1.0,0.0,8.0,6.0
2025,2,401752694,Texas A&M,Utah State,False,False,-34.5,-30.0,True,34.5,-1.0,-4.5,6.0,6.0
2025,2,401752682,Arkansas,Arkansas State,True,False,-24.0,-22.5,True,24.0,1.0,-1.5,7.0,6.0
2025,1,401778330,Texas,Michigan,True,False,-5.166666666666667,-5.5,True,5.166666666666667,1.0,0.33333333333333304,32.0,32.0
2025,2,401762461,Western Michigan,North Texas,False,False,12.25,10.25,False,12.25,1.0,2.0,7.0,6.0
2025,1,401754518,Boston College,Fordham,False,False,-34.75,-35.5,True,34.75,1.0,0.75,,
2025,1,401756878,West Virginia,Robert Morris,False,False,-41.75,-38.0,True,41.75,1.0,-3.75,,
2025,2,401756884,Rice,Houston,False,False,13.5,13.0,False,13.5,-1.0,0.5,6.0,8.0
2025,1,401756853,Iowa State,South Dakota,False,False,-15.0,-15.0,True,15.0,1.0,0.0,7.0,
2025,2,401761598,Georgia State,Memphis,False,False,15.0,13.75,False,15.0,-1.0,1.25,6.0,7.0
2025,1,401778329,Duke,Arizona State,True,False,-3.3333333333333335,-1.5,True,3.3333333333333335,-1.0,-1.8333333333333335,24.0,32.0
2025,2,401752820,Wisconsin,Middle Tennessee,False,False,-28.5,-28.0,True,28.5,1.0,-0.5,8.0,6.0
2025,14,401752789,Oklahoma,LSU,False,True,-11.5,-9.666666666666666,True,11.5,-1.0,-1.833333333333334,7.0,6.0
2025,1,401752795,Illinois,Western Illinois,False,False,-48.5,-45.5,True,48.5,1.0,-3.0,,
2025,14,401757311,Sam Houston,Florida International,True,True,10.5,10.333333333333334,False,10.5,-1.0,0.16666666666666607,6.0,6.0
2025,1,401762792,Kent State,Merrimack,False,False,-5.5,-6.5,True,5.5,-1.0,1.0,,
2025,2,401752818,Rutgers,Miami (OH),False,False,-15.5,-13.75,True,15.5,1.0,-1.75,8.0,8.0
2025,1,401757221,Louisiana Tech,SE Louisiana,False,False,-14.5,-14.0,True,14.5,1.0,-0.5,,
2025,1,401757223,New Mexico State,Bryant,False,False,-19.5,-19.5,True,19.5,-1.0,0.0,,
2025,2,401752824,Oregon,Oklahoma State,False,False,-28.5,-27.75,True,28.5,1.0,-0.75,6.0,8.0
2025,1,401752947,Washington State,Idaho,False,False,-16.75,-12.0,True,16.75,-1.0,-4.75,,
2025,2,401757228,Marshall,Missouri State,False,False,-7.25,-9.75,True,7.25,-1.0,2.5,7.0,6.0
2025,2,401756881,Colorado,Delaware,False,False,-23.5,-24.0,True,23.5,1.0,0.5,7.0,8.0
2025,2,401752937,Oregon State,Fresno State,False,False,-1.25,-2.25,True,1.25,-1.0,1.0,6.0,6.0
2025,2,401754637,Clemson,Troy,False,False,-30.25,-31.75,True,30.25,-1.0,1.5,6.0,6.0
2025,2,401762458,Navy,UAB,False,True,-21.5,-21.25,True,21.5,-1.0,-0.25,7.0,8.0
2025,2,401756882,Kansas State,Army,False,False,-16.75,-16.0,True,16.75,-1.0,-0.75,7.0,8.0
2025,1,401752675,Oklahoma,Illinois State,False,False,-39.0,-35.5,True,39.0,-1.0,-3.5,,
2025,1,401757220,Liberty,Maine,False,False,-25.5,-25.5,True,25.5,-1.0,0.0,,
2025,1,401756851,BYU,Portland State,False,False,-44.0,-39.0,True,44.0,1.0,-5.0,,
2025,1,401754521,SMU,East Texas A&M,False,False,-50.75,-50.5,True,50.75,-1.0,-0.25,,
2025,1,401756855,Kansas State,North Dakota,False,False,-27.5,-27.0,True,27.5,-1.0,-0.5,7.0,
2025,1,401757226,Western Kentucky,North Alabama,False,False,-27.5,-28.25,True,27.5,1.0,0.75,7.0,
2025,1,401762433,Memphis,Chattanooga,False,False,-30.5,-27.75,True,30.5,1.0,-2.75,,
2025,14,401752784,Auburn,Alabama,False,True,6.833333333333333,5.833333333333333,False,6.833333333333333,-1.0,1.0,7.0,7.0
2025,1,401756852,Houston,Stephen F. Austin,False,False,-24.0,-22.5,True,24.0,1.0,-1.5,,
2025,1,401752679,Vanderbilt,Charleston Southern,False,False,-38.0,-36.75,True,38.0,1.0,-1.25,,
2025,1,401761593,South Alabama,Morgan State,False,False,-28.5,-28.5,True,28.5,-1.0,0.0,,
2025,1,401762435,North Texas,Lamar,False,False,-27.5,-26.0,True,27.5,1.0,-1.5,,
2025,2,401761601,South Alabama,Tulane,False,False,13.5,10.25,False,13.5,1.0,3.25,7.0,7.0
2025,1,401761590,James Madison,Weber State,False,False,-27.0,-26.5,True,27.0,1.0,-0.5,,
2025,1,401757222,Middle Tennessee,Austin Peay,False,False,-15.5,-11.5,True,15.5,-1.0,-4.0,,
2025,10,401756941,Kansas State,Texas Tech,False,True,7.333333333333333,-0.6666666666666666,False,7.333333333333333,-1.0,8.0,7.0,6.0
2025,1,401762430,UAB,Alabama State,False,False,-21.25,-20.25,True,21.25,-1.0,-1.0,,
2025,2,401752687,LSU,Louisiana Tech,False,False,-36.5,-35.25,True,36.5,-1.0,-1.25,7.0,7.0
2025,2,401752814,USC,Georgia Southern,False,False,-28.75,-27.75,True,28.75,1.0,-1.0,7.0,6.0
2025,1,401760359,Air Force,Bucknell,False,False,-30.75,-31.5,True,30.75,1.0,0.75,,
2025,2,401752683,Auburn,Ball State,False,False,-42.75,-43.0,True,42.75,-1.0,0.25,7.0,7.0
2025,2,401757232,Toledo,Western Kentucky,False,False,-8.0,-6.0,True,8.0,1.0,-2.0,7.0,7.0
2025,1,401761591,Arkansas State,Southeast Missouri State,False,False,-15.5,-10.5,True,15.5,1.0,-5.0,,
2025,2,401752810,Nebraska,Akron,False,False,-33.75,-33.75,True,33.75,1.0,0.0,8.0,9.0
2025,2,401752681,Alabama,UL Monroe,False,False,-34.25,-37.0,True,34.25,1.0,2.75,7.0,9.0
2025,2,401757229,New Mexico State,Tulsa,False,False,3.25,3.0,False,3.25,1.0,0.25,7.0,7.0
2025,1,401762793,Northern Illinois,Holy Cross,False,False,-13.5,-12.0,True,13.5,-1.0,-1.5,,
2025,2,401757230,Hawai'i,Sam Houston,False,False,-7.25,-8.75,True,7.25,1.0,1.5,7.0,8.0
2025,3,401752707,Notre Dame,Texas A&M,False,False,-6.833333333333333,-6.833333333333333,True,6.833333333333333,-1.0,0.0,13.0,7.0
2025,14,401752923,Michigan State,Maryland,True,True,-4.166666666666667,-4.166666666666667,True,4.166666666666667,1.0,0.0,7.0,7.0
2025,14,401754614,Stanford,Notre Dame,False,False,32.833333333333336,31.5,False,32.833333333333336,1.0,1.3333333333333357,7.0,7.0
2025,14,401760424,Hawai'i,Wyoming,False,True,-8.5,-10.5,True,8.5,1.0,2.0,8.0,7.0
2025,14,401752917,Washington,Oregon,False,True,6.666666666666667,8.333333333333334,False,6.666666666666667,-1.0,-1.666666666666667,6.0,7.0
2025,14,401752922,Illinois,Northwestern,False,True,-7.166666666666667,-6.833333333333333,True,7.166666666666667,-1.0,-0.3333333333333339,7.0,7.0
2025,14,401761667,Texas State,South Alabama,False,True,-9.666666666666666,-9.0,True,9.666666666666666,1.0,-0.6666666666666661,6.0,6.0
2025,14,401752916,Nebraska,Iowa,False,True,5.666666666666667,2.1666666666666665,False,5.666666666666667,-1.0,3.5000000000000004,5.0,5.0
2025,2,401752695,Virginia Tech,Vanderbilt,False,False,-2.0,-1.25,True,2.0,-1.0,-0.75,6.0,7.0
2025,14,401752786,Georgia Tech,Georgia,True,False,16.166666666666668,13.0,False,16.166666666666668,1.0,3.166666666666668,5.0,6.0
2025,9,401756934,Utah,Colorado,False,True,-14.166666666666666,-13.166666666666666,True,14.166666666666666,1.0,-1.0,7.0,14.0
2025,14,401762868,Massachusetts,Bowling Green,False,True,14.166666666666666,15.5,False,14.166666666666666,-1.0,-1.333333333333334,6.0,6.0
2025,14,401761666,Southern Miss,Troy,False,True,-6.833333333333333,-6.166666666666667,True,6.833333333333333,-1.0,-0.6666666666666661,7.0,6.0
2025,1,401756854,Kansas,Wagner,False,False,-46.0,-46.0,True,46.0,-1.0,0.0,6.0,
2025,1,401766898,Florida International,Bethune-Cookman,False,False,-26.5,-31.0,True,26.5,1.0,4.5,,
2025,8,401752738,Alabama,Tennessee,False,True,-8.666666666666666,-10.666666666666666,True,8.666666666666666,1.0,2.0,7.0,7.0
2025,1,401752799,Iowa,UAlbany,False,False,-39.5,-37.5,True,39.5,-1.0,-2.0,,
2025,14,401756965,Kansas State,Colorado,False,True,-16.5,-17.0,True,16.5,-1.0,0.5,6.0,6.0
2025,13,401752910,UCLA,Washington,False,True,10.666666666666666,10.833333333333334,False,10.666666666666666,-1.0,-0.16666666666666785,7.0,7.0
2025,13,401752778,Oklahoma,Missouri,False,True,-4.5,-9.166666666666666,True,4.5,1.0,4.666666666666666,6.0,6.0
2025,13,401754600,North Carolina,Duke,False,True,6.833333333333333,2.1666666666666665,False,6.833333333333333,-1.0,4.666666666666666,6.0,7.0
2025,8,401752875,Iowa,Penn State,False,True,-3.1666666666666665,2.0,True,3.1666666666666665,-1.0,-5.166666666666666,7.0,7.0
2025,14,401762516,Memphis,Navy,False,True,-3.6666666666666665,-5.333333333333333,True,3.6666666666666665,-1.0,1.6666666666666665,12.0,12.0
2025,14,401760421,Colorado State,Air Force,False,True,2.5,2.75,False,2.5,-1.0,-0.25,5.0,5.0
2025,14,401756964,Kansas,Utah,False,True,10.166666666666666,13.5,False,10.166666666666666,1.0,-3.333333333333334,6.0,5.0
2025,14,401762875,Miami (OH),Ball State,False,True,-16.666666666666668,-17.5,True,16.666666666666668,1.0,0.8333333333333321,9.0,6.0
2025,14,401762441,UTSA,Army,False,True,-8.5,-6.666666666666667,True,8.5,-1.0,-1.833333333333333,7.0,7.0
2025,7,401752731,Auburn,Georgia,False,True,4.5,5.833333333333333,False,4.5,-1.0,-1.333333333333333,14.0,7.0
2025,14,401760422,Utah State,Boise State,False,True,1.6666666666666667,3.75,False,1.6666666666666667,1.0,-2.083333333333333,5.0,5.0
2025,14,401757310,Delaware,UTEP,False,True,-4.5,-5.0,True,4.5,1.0,0.5,7.0,6.0
2025,7,401752865,Illinois,Ohio State,False,True,15.0,13.833333333333334,False,15.0,-1.0,1.166666666666666,7.0,6.0
2025,14,401754613,Virginia,Virginia Tech,False,True,-8.666666666666666,-10.833333333333334,True,8.666666666666666,1.0,2.166666666666668,14.0,7.0
2025,14,401762520,South Florida,Rice,False,True,-28.333333333333332,-25.666666666666668,True,28.333333333333332,1.0,-2.6666666666666643,7.0,6.0
2025,14,401754612,NC State,North Carolina,False,True,-7.166666666666667,-5.833333333333333,True,7.166666666666667,1.0,-1.333333333333334,7.0,7.0
2025,14,401761663,Marshall,Georgia Southern,False,True,-10.333333333333334,-6.666666666666667,True,10.333333333333334,-1.0,-3.666666666666667,6.0,7.0
2025,14,401754608,Syracuse,Boston College,False,True,2.8333333333333335,3.1666666666666665,False,2.8333333333333335,-1.0,-0.33333333333333304,6.0,13.0
2025,5,401752854,Penn State,Oregon,False,True,-4.0,-5.166666666666667,True,4.0,-1.0,1.166666666666667,14.0,7.0
2025,14,401752920,Rutgers,Penn State,False,True,14.166666666666666,10.833333333333334,False,14.166666666666666,1.0,3.333333333333332,7.0,6.0
2025,14,401754611,Pittsburgh,Miami,False,True,6.5,7.0,False,6.5,-1.0,-0.5,6.0,7.0
2025,14,401762519,Florida Atlantic,East Carolina,False,True,6.833333333333333,6.666666666666667,False,6.833333333333333,-1.0,0.16666666666666607,6.0,6.0
2025,14,401752790,South Carolina,Clemson,False,False,-2.5,1.6666666666666667,True,2.5,-1.0,-4.166666666666667,6.0,6.0
2025,14,401752785,Florida,Florida State,False,False,1.3333333333333333,-2.1666666666666665,False,1.3333333333333333,1.0,3.5,6.0,7.0
2025,14,401756968,West Virginia,Texas Tech,False,True,24.333333333333332,20.333333333333332,False,24.333333333333332,-1.0,4.0,13.0,13.0
2025,6,401752726,Alabama,Vanderbilt,False,True,-13.5,-15.5,True,13.5,1.0,2.0,6.0,7.0
2025,14,401760426,New Mexico,San Diego State,False,True,1.3333333333333333,2.0,False,1.3333333333333333,1.0,-0.6666666666666667,5.0,5.0
2025,2,401760363,Boise State,Eastern Washington,False,False,-33.25,-29.25,True,33.25,1.0,-4.0,8.0,
2025,2,401752817,Northwestern,Western Illinois,False,False,-31.0,-28.25,True,31.0,1.0,-2.75,6.0,7.0
2025,2,401752813,Minnesota,Northwestern State,False,False,-43.0,-43.25,True,43.0,1.0,0.25,8.0,
2025,2,401762462,Temple,Howard,False,False,-27.75,-26.5,True,27.75,1.0,-1.25,6.0,
2025,2,401752692,Tennessee,East Tennessee State,False,False,-40.0,-41.0,True,40.0,1.0,1.0,7.0,
2025,2,401752685,Georgia,Austin Peay,False,False,-46.75,-48.25,True,46.75,-1.0,1.5,7.0,6.0
2025,2,401762459,East Carolina,Campbell,False,False,-30.25,-29.75,True,30.25,1.0,-0.5,8.0,
2025,14,401752919,USC,UCLA,False,True,-21.333333333333332,-20.333333333333332,True,21.333333333333332,-1.0,-1.0,7.0,6.0
2025,14,401752788,Mississippi State,Ole Miss,False,True,7.333333333333333,10.333333333333334,False,7.333333333333333,-1.0,-3.000000000000001,12.0,12.0
2025,14,401756963,BYU,UCF,False,True,-17.5,-18.166666666666668,True,17.5,1.0,0.6666666666666679,6.0,6.0
2025,2,401760367,Wyoming,Northern Iowa,False,False,-13.75,-13.5,True,13.75,1.0,-0.25,8.0,
2025,2,401760366,New Mexico,Idaho State,False,False,-17.5,-16.25,True,17.5,-1.0,-1.25,6.0,13.0
2025,2,401762794,Buffalo,Saint Francis,False,False,-37.25,-36.0,True,37.25,1.0,-1.25,8.0,8.0
2025,2,401761602,Southern Miss,Jackson State,False,False,-13.5,-14.75,True,13.5,1.0,1.25,7.0,
2025,2,401761599,Old Dominion,North Carolina Central,False,False,-21.75,-20.0,True,21.75,1.0,-1.75,7.0,
2025,2,401762460,Florida Atlantic,Florida A&M,False,False,-21.25,-20.75,True,21.25,1.0,-0.5,7.0,
2025,14,401757315,New Mexico State,Middle Tennessee,False,True,-3.3333333333333335,-4.5,True,3.3333333333333335,-1.0,1.1666666666666665,7.0,7.0
2025,2,401756887,Utah,Cal Poly,False,False,-42.5,-41.75,True,42.5,1.0,-0.75,6.0,
2025,14,401762869,Eastern Michigan,Western Michigan,False,True,9.833333333333334,6.166666666666667,False,9.833333333333334,-1.0,3.666666666666667,10.0,7.0
2025,2,401757231,UTEP,UT Martin,False,False,-7.5,-6.5,True,7.5,1.0,-1.0,7.0,9.0
2025,2,401761597,Coastal Carolina,Charleston Southern,False,False,-28.0,-28.5,True,28.0,-1.0,0.5,7.0,7.0
2025,2,401761600,Louisiana,McNeese,False,False,-19.25,-20.25,True,19.25,1.0,1.0,7.0,
2025,2,401752819,Purdue,Southern Illinois,False,False,-21.0,-19.75,True,21.0,-1.0,-1.25,7.0,
2025,14,401757314,Missouri State,Louisiana Tech,False,True,-2.5,-3.1666666666666665,True,2.5,-1.0,0.6666666666666665,7.0,6.0
2025,14,401752791,Tennessee,Vanderbilt,False,True,-2.3333333333333335,-4.166666666666667,True,2.3333333333333335,-1.0,1.8333333333333335,6.0,7.0
2025,14,401752921,Michigan,Ohio State,False,True,9.5,5.5,False,9.5,-1.0,4.0,6.0,7.0
2025,2,401754620,Wake Forest,Western Carolina,False,False,-17.5,-20.25,True,17.5,1.0,2.75,7.0,
2025,14,401752787,Louisville,Kentucky,False,False,0.6666666666666666,-5.0,False,0.6666666666666666,1.0,5.666666666666667,7.0,6.0
2025,14,401754610,Duke,Wake Forest,False,True,-2.5,-3.3333333333333335,True,2.5,1.0,0.8333333333333335,7.0,7.0
2025,14,401757313,Liberty,Kennesaw State,False,True,2.5,2.0,False,2.5,-1.0,0.5,7.0,7.0
2025,14,401756962,Baylor,Houston,False,True,-2.5,-2.1666666666666665,True,2.5,-1.0,-0.3333333333333335,6.0,6.0
2025,2,401752815,Ohio State,Grambling,False,False,-53.5,-55.5,True,53.5,1.0,2.0,7.0,
2025,14,401762872,Central Michigan,Toledo,False,True,11.166666666666666,9.666666666666666,False,11.166666666666666,-1.0,1.5,9.0,6.0
2025,2,401761596,App State,Lindenwood,False,False,-30.5,-31.25,True,30.5,-1.0,0.75,7.0,
2025,2,401754622,Georgia Tech,Gardner-Webb,False,False,-37.5,-37.5,True,37.5,1.0,0.0,7.0,
2025,2,401754530,California,Texas Southern,False,False,-44.5,-45.0,True,44.5,-1.0,0.5,6.0,
2025,14,401752783,Arkansas,Missouri,False,True,4.5,2.3333333333333335,False,4.5,-1.0,2.1666666666666665,7.0,7.0
2025,14,401762442,North Texas,Temple,False,True,-20.333333333333332,-19.166666666666668,True,20.333333333333332,1.0,-1.1666666666666643,5.0,5.0
2025,2,401762795,Eastern Michigan,Long Island University,False,False,-22.0,-23.0,True,22.0,-1.0,1.0,6.0,7.0
2025,3,401752836,Indiana,Indiana State,False,False,-47.5,-48.5,True,47.5,1.0,1.0,6.0,
2025,2,401756879,Arizona,Weber State,False,False,-31.5,-31.5,True,31.5,1.0,0.0,6.0,7.0
2025,2,401760365,Nevada,Sacramento State,False,False,-8.75,-7.5,True,8.75,-1.0,-1.25,7.0,
2025,3,401756893,Houston,Colorado,False,True,-3.8333333333333335,-4.0,True,3.8333333333333335,1.0,0.16666666666666652,6.0,6.0
2025,3,401756888,Arizona,Kansas State,False,False,1.5,0.75,False,1.5,1.0,0.75,5.0,6.0
2025,3,401754531,Wake Forest,NC State,False,True,7.333333333333333,7.25,False,7.333333333333333,-1.0,0.08333333333333304,5.0,5.0
2025,2,401756886,UCF,North Carolina A&T,False,False,-37.5,-39.75,True,37.5,1.0,2.25,9.0,
2025,3,401752837,UCLA,New Mexico,False,False,-15.5,-14.75,True,15.5,-1.0,-0.75,6.0,6.0
2025,2,401762816,Massachusetts,Bryant,False,False,-15.5,-13.25,True,15.5,-1.0,-2.25,7.0,6.0
2025,2,401752691,South Carolina,South Carolina State,False,False,-42.75,-42.25,True,42.75,-1.0,-0.5,6.0,
2025,2,401752821,Washington,UC Davis,False,False,-28.75,-28.25,True,28.75,1.0,-0.5,7.0,
2025,2,401754621,Florida State,East Texas A&M,False,False,-44.5,-44.0,True,44.5,1.0,-0.5,6.0,6.0
2025,14,401756967,TCU,Cincinnati,False,True,-3.1666666666666665,-4.0,True,3.1666666666666665,1.0,0.8333333333333335,6.0,6.0
2025,14,401761661,App State,Arkansas State,False,True,0.6666666666666666,-1.6666666666666667,False,0.6666666666666666,-1.0,2.3333333333333335,7.0,8.0
2025,3,401752831,Northwestern,Oregon,False,True,25.5,27.75,False,25.5,1.0,-2.25,7.0,6.0
2025,2,401754527,Charlotte,North Carolina,False,False,15.75,14.75,False,15.75,-1.0,1.0,8.0,4.0
2025,3,401754534,Tulane,Duke,False,False,-0.5,-2.5,True,0.5,1.0,2.0,7.0,7.0
2025,3,401752703,Temple,Oklahoma,False,False,23.833333333333332,25.0,False,23.833333333333332,-1.0,-1.1666666666666679,6.0,6.0
2025,3,401761608,Troy,Memphis,False,False,4.5,6.5,False,4.5,-1.0,-2.0,6.0,6.0
2025,3,401752696,Alabama,Wisconsin,False,False,-18.5,-21.25,True,18.5,1.0,2.75,6.0,6.0
2025,3,401754532,Syracuse,Colgate,False,False,-36.833333333333336,-37.5,True,36.833333333333336,1.0,0.6666666666666643,6.0,
2025,3,401752938,Texas Tech,Oregon State,False,False,-24.0,-24.25,True,24.0,1.0,0.25,7.0,7.0
2025,3,401752949,North Texas,Washington State,False,False,-6.5,-5.5,True,6.5,1.0,-1.0,7.0,6.0
2025,3,401754536,Virginia Tech,Old Dominion,False,False,-5.5,-7.25,True,5.5,-1.0,1.75,6.0,7.0
2025,3,401752832,Purdue,USC,False,True,20.5,21.25,False,20.5,1.0,-0.75,6.0,6.0
2025,3,401752835,Penn State,Villanova,False,False,-47.166666666666664,-47.833333333333336,True,47.166666666666664,-1.0,0.6666666666666714,7.0,
2025,3,401752830,Iowa,Massachusetts,False,False,-35.333333333333336,-34.166666666666664,True,35.333333333333336,1.0,-1.1666666666666714,7.0,7.0
2025,3,401752704,South Carolina,Vanderbilt,False,True,-2.8333333333333335,-5.5,True,2.8333333333333335,-1.0,2.6666666666666665,7.0,7.0
2025,3,401756895,Wyoming,Utah,False,False,24.5,22.5,False,24.5,-1.0,2.0,7.0,7.0
2025,3,401762465,Tulsa,Navy,False,True,13.666666666666666,14.5,False,13.666666666666666,-1.0,-0.8333333333333339,6.0,7.0
2025,3,401752838,Maryland,Towson,False,False,-28.5,-29.0,True,28.5,-1.0,0.5,7.0,
2025,3,401754535,Miami,South Florida,False,False,-17.666666666666668,-15.75,True,17.666666666666668,1.0,-1.9166666666666679,6.0,7.0
2025,3,401762817,Kent State,Buffalo,False,True,24.0,22.75,False,24.0,1.0,1.25,7.0,6.0
2025,3,401752839,Michigan,Central Michigan,False,False,-27.666666666666668,-27.5,True,27.666666666666668,1.0,-0.16666666666666785,6.0,7.0
2025,2,401760364,Colorado State,Northern Colorado,False,False,-34.75,-34.75,True,34.75,-1.0,0.0,6.0,
2025,3,401757168,Delaware,UConn,False,False,8.666666666666666,10.25,False,8.666666666666666,1.0,-1.583333333333334,6.0,7.0
2025,14,401752918,Minnesota,Wisconsin,False,True,2.5,-2.3333333333333335,False,2.5,1.0,4.833333333333334,7.0,6.0
2025,14,401761662,Coastal Carolina,James Madison,False,True,24.0,21.666666666666668,False,24.0,-1.0,2.333333333333332,6.0,7.0
2025,3,401752697,Auburn,South Alabama,False,False,-26.333333333333332,-25.75,True,26.333333333333332,-1.0,-0.5833333333333321,6.0,6.0
2025,3,401754615,Missouri State,SMU,False,False,28.833333333333332,27.75,False,28.833333333333332,1.0,1.0833333333333321,6.0,7.0
2025,3,401756890,Arkansas State,Iowa State,False,False,21.0,21.25,False,21.0,1.0,-0.25,6.0,7.0
2025,3,401761607,Southern Miss,App State,False,True,2.8333333333333335,-0.75,False,2.8333333333333335,1.0,3.5833333333333335,7.0,7.0
2025,3,401754639,North Carolina,Richmond,False,False,-24.5,-21.25,True,24.5,1.0,-3.25,6.0,
2025,3,401757257,Louisiana Tech,New Mexico State,False,True,-10.166666666666666,-11.25,True,10.166666666666666,1.0,1.083333333333334,7.0,6.0
2025,3,401752702,Missouri,Louisiana,False,False,-27.5,-24.833333333333332,True,27.5,1.0,-2.666666666666668,6.0,6.0
2025,3,401756891,Baylor,Samford,False,False,-52.0,-48.0,True,52.0,-1.0,-4.0,7.0,
2025,14,401752946,Washington State,Oregon State,False,True,-14.166666666666666,-12.833333333333334,True,14.166666666666666,1.0,-1.3333333333333321,7.0,14.0
2025,3,401752698,Kentucky,Eastern Michigan,False,False,-26.666666666666668,-25.5,True,26.666666666666668,-1.0,-1.1666666666666679,7.0,7.0
2025,3,401752700,Ole Miss,Arkansas,False,True,-3.8333333333333335,-8.5,True,3.8333333333333335,1.0,4.666666666666666,7.0,7.0
2025,14,401754609,California,SMU,False,True,13.5,10.5,False,13.5,1.0,3.0,7.0,7.0
2025,3,401752840,California,Minnesota,False,False,3.1666666666666665,2.5,False,3.1666666666666665,1.0,0.6666666666666665,7.0,7.0
2025,14,401760423,San José State,Fresno State,False,True,3.3333333333333335,2.5,False,3.3333333333333335,-1.0,0.8333333333333335,7.0,7.0
2025,14,401760425,Nevada,UNLV,False,True,7.5,9.5,False,7.5,-1.0,-2.0,7.0,7.0
2025,3,401754619,Virginia,William & Mary,False,False,-30.333333333333332,-26.5,True,30.333333333333332,1.0,-3.833333333333332,7.0,
2025,14,401762871,Northern Illinois,Kent State,False,True,-5.0,-4.666666666666667,True,5.0,-1.0,-0.33333333333333304,9.0,8.0
2025,3,401752706,Texas,UTEP,False,False,-39.833333333333336,-39.0,True,39.833333333333336,-1.0,-0.8333333333333357,7.0,6.0
2025,3,401760368,Utah State,Air Force,False,True,4.0,3.5,False,4.0,1.0,0.5,7.0,14.0
2025,3,401757258,Nevada,Middle Tennessee,False,False,-9.333333333333334,-9.0,True,9.333333333333334,-1.0,-0.3333333333333339,7.0,7.0
2025,3,401752828,Nebraska,Houston Christian,False,False,-47.833333333333336,-42.333333333333336,True,47.833333333333336,1.0,-5.5,6.0,
2025,3,401757256,Bowling Green,Liberty,False,False,6.0,7.0,False,6.0,1.0,-1.0,7.0,7.0
2025,3,401757233,Florida International,Florida Atlantic,False,False,-2.0,-3.0,True,2.0,1.0,1.0,7.0,7.0
2025,3,401752827,Ohio State,Ohio,False,False,-28.333333333333332,-29.5,True,28.333333333333332,-1.0,1.1666666666666679,7.0,7.0
2025,3,401757234,Georgia Southern,Jacksonville State,False,False,-3.1666666666666665,-3.3333333333333335,True,3.1666666666666665,1.0,0.16666666666666696,6.0,7.0
2025,3,401752829,Illinois,Western Michigan,False,False,-27.5,-28.25,True,27.5,1.0,0.75,7.0,7.0
2025,3,401756889,Arizona State,Texas State,False,False,-18.5,-14.5,True,18.5,1.0,-4.0,7.0,7.0
2025,3,401754533,Stanford,Boston College,False,True,13.833333333333334,11.166666666666666,False,13.833333333333334,1.0,2.666666666666668,7.0,7.0
2025,3,401761604,Coastal Carolina,East Carolina,False,False,7.166666666666667,6.25,False,7.166666666666667,-1.0,0.916666666666667,7.0,7.0
2025,3,401762818,Ball State,New Hampshire,False,False,-2.8333333333333335,-2.0,True,2.8333333333333335,1.0,-0.8333333333333335,6.0,
2025,3,401762463,UAB,Akron,False,False,-12.666666666666666,-11.5,True,12.666666666666666,-1.0,-1.166666666666666,7.0,7.0
2025,14,401762870,Buffalo,Ohio,False,True,7.166666666666667,5.666666666666667,False,7.166666666666667,1.0,1.5,8.0,9.0
2025,3,401756892,Cincinnati,Northwestern State,False,False,-48.5,-46.0,True,48.5,1.0,-2.5,7.0,7.0
2025,3,401762464,Charlotte,Monmouth,False,False,-2.6666666666666665,-3.5,True,2.6666666666666665,1.0,0.8333333333333335,6.0,
2025,3,401762466,Rice,Prairie View A&M,False,False,-29.0,-29.0,True,29.0,-1.0,0.0,7.0,
2025,2,401754641,Miami,Bethune-Cookman,False,False,-54.5,-56.5,True,54.5,-1.0,2.0,5.0,8.0
2025,3,401756894,TCU,Abilene Christian,False,False,-42.0,-38.166666666666664,True,42.0,-1.0,-3.8333333333333357,12.0,14.0
2025,4,401752844,Rutgers,Iowa,False,True,2.3333333333333335,2.5,False,2.3333333333333335,-1.0,-0.16666666666666652,6.0,6.0
2025,3,401760369,Fresno State,Southern,False,False,-37.166666666666664,-35.333333333333336,True,37.166666666666664,1.0,-1.8333333333333286,7.0,
2025,3,401760370,Hawai'i,Portland State,False,False,-36.5,-38.333333333333336,True,36.5,-1.0,1.8333333333333357,7.0,14.0
2025,4,401754636,TCU,SMU,False,False,-6.5,-5.833333333333333,True,6.5,1.0,-0.666666666666667,6.0,6.0
2025,14,401757312,Jacksonville State,Western Kentucky,False,True,1.5,2.6666666666666665,False,1.5,1.0,-1.1666666666666665,6.0,6.0
2025,3,401752834,Michigan State,Youngstown State,False,False,-24.833333333333332,-23.5,True,24.833333333333332,-1.0,-1.3333333333333321,6.0,
2025,3,401752833,Rutgers,Norfolk State,False,False,-44.833333333333336,-44.25,True,44.833333333333336,1.0,-0.5833333333333357,7.0,
2025,3,401762467,UTSA,Incarnate Word,False,False,-21.166666666666668,-17.0,True,21.166666666666668,1.0,-4.166666666666668,7.0,
2025,4,401756896,Baylor,Arizona State,False,True,-2.5,-2.5,True,2.5,-1.0,0.0,7.0,6.0
2025,3,401762819,Toledo,Morgan State,False,False,-33.666666666666664,-34.166666666666664,True,33.666666666666664,1.0,0.5,6.0,13.0
2025,4,401752845,Wisconsin,Maryland,False,True,-10.5,-7.0,True,10.5,-1.0,-3.5,7.0,7.0
2025,4,401752714,Oklahoma,Auburn,False,True,-6.5,-5.666666666666667,True,6.5,1.0,-0.833333333333333,7.0,7.0
2025,4,401752847,USC,Michigan State,False,True,-18.5,-15.5,True,18.5,-1.0,-3.0,7.0,7.0
2025,3,401761606,Marshall,Eastern Kentucky,False,False,-15.666666666666666,-14.25,True,15.666666666666666,1.0,-1.416666666666666,7.0,14.0
2025,4,401752848,Notre Dame,Purdue,False,False,-24.5,-28.0,True,24.5,1.0,3.5,6.0,7.0
2025,4,401752713,Missouri,South Carolina,False,True,-10.166666666666666,-9.0,True,10.166666666666666,-1.0,-1.166666666666666,7.0,6.0
2025,3,401757235,Kennesaw State,Merrimack,False,False,-17.333333333333332,-10.25,True,17.333333333333332,-1.0,-7.083333333333332,7.0,14.0
2025,3,401761605,Georgia State,Murray State,False,False,-31.666666666666668,-30.25,True,31.666666666666668,-1.0,-1.4166666666666679,7.0,
2025,3,401752701,Mississippi State,Alcorn State,False,False,-42.75,-40.166666666666664,True,42.75,1.0,-2.5833333333333357,6.0,
2025,4,401762470,South Florida,South Carolina State,False,False,-36.0,-31.75,True,36.0,1.0,-4.25,6.0,13.0
2025,5,401754543,Virginia,Florida State,False,True,6.833333333333333,7.333333333333333,False,6.833333333333333,1.0,-0.5,5.0,6.0
2025,5,401752939,Oregon State,Houston,False,False,11.833333333333334,12.5,False,11.833333333333334,1.0,-0.6666666666666661,6.0,14.0
2025,7,401754562,Notre Dame,NC State,False,False,-23.833333333333332,-22.166666666666668,True,23.833333333333332,1.0,-1.6666666666666643,7.0,7.0
2025,8,401761631,James Madison,Old Dominion,False,True,-3.1666666666666665,-2.1666666666666665,True,3.1666666666666665,1.0,-1.0,7.0,7.0
2025,4,401754617,Virginia Tech,Wofford,False,False,-35.0,-35.166666666666664,True,35.0,-1.0,0.1666666666666643,6.0,
2025,7,401757278,Middle Tennessee,Missouri State,False,True,2.8333333333333335,3.0,False,2.8333333333333335,1.0,-0.16666666666666652,11.0,11.0
2025,7,401762481,North Texas,South Florida,False,True,-2.5,-1.8333333333333333,True,2.5,-1.0,-0.6666666666666667,13.0,7.0
2025,7,401752862,Washington,Rutgers,False,True,-9.5,-10.166666666666666,True,9.5,1.0,0.6666666666666661,6.0,13.0
2025,5,401762828,Western Michigan,Rhode Island,False,False,-7.666666666666667,-7.5,True,7.666666666666667,1.0,-0.16666666666666696,7.0,
2025,4,401762822,Central Michigan,Wagner,False,False,-29.666666666666668,-29.0,True,29.666666666666668,1.0,-0.6666666666666679,7.0,21.0
2025,5,401762827,Miami (OH),Lindenwood,False,False,-22.333333333333332,-20.5,True,22.333333333333332,1.0,-1.8333333333333321,7.0,21.0
2025,5,401756902,Arizona State,TCU,False,True,-2.8333333333333335,-2.1666666666666665,True,2.8333333333333335,1.0,-0.666666666666667,6.0,6.0
2025,7,401762480,Tulane,East Carolina,False,True,-6.833333333333333,-7.166666666666667,True,6.833333333333333,1.0,0.3333333333333339,12.0,14.0
2025,6,401752728,Georgia,Kentucky,False,True,-19.666666666666668,-20.75,True,19.666666666666668,1.0,1.0833333333333321,6.0,6.0
2025,6,401754557,NC State,Campbell,False,False,-42.166666666666664,-42.5,True,42.166666666666664,1.0,0.3333333333333357,6.0,27.0
2025,6,401752856,Michigan,Wisconsin,False,True,-17.333333333333332,-16.666666666666668,True,17.333333333333332,-1.0,-0.6666666666666643,13.0,14.0
2025,8,401760396,Utah State,San José State,False,True,-3.1666666666666665,-4.0,True,3.1666666666666665,1.0,0.8333333333333335,5.0,6.0
2025,8,401752745,Vanderbilt,LSU,False,True,-1.5,-0.16666666666666666,True,1.5,1.0,-1.3333333333333333,13.0,6.0
2025,4,401760375,San José State,Idaho,False,False,-14.0,-14.25,True,14.0,-1.0,0.25,14.0,20.0
2025,5,401756906,Kansas State,UCF,False,True,-5.833333333333333,-5.833333333333333,True,5.833333333333333,1.0,0.0,14.0,6.0
2025,4,401752710,LSU,SE Louisiana,False,False,-48.75,-40.5,True,48.75,-1.0,-8.25,7.0,21.0
2025,4,401760377,Utah State,McNeese,False,False,-23.833333333333332,-23.5,True,23.833333333333332,1.0,-0.33333333333333215,6.0,14.0
2025,4,401762823,Ohio,Gardner-Webb,False,False,-30.166666666666668,-26.5,True,30.166666666666668,-1.0,-3.666666666666668,6.0,14.0
2025,4,401761612,Texas State,Nicholls,False,False,-32.5,-29.5,True,32.5,-1.0,-3.0,6.0,21.0
2025,6,401752859,Ohio State,Minnesota,False,True,-23.5,-23.166666666666668,True,23.5,1.0,-0.33333333333333215,7.0,7.0
2025,8,401760393,Boise State,UNLV,False,True,-13.0,-9.833333333333334,True,13.0,1.0,-3.166666666666666,6.0,7.0
2025,7,401752869,Wisconsin,Iowa,False,True,5.0,3.5,False,5.0,-1.0,1.5,7.0,14.0
2025,7,401752734,Missouri,Alabama,False,True,3.1666666666666665,5.333333333333333,False,3.1666666666666665,1.0,-2.1666666666666665,13.0,6.0
2025,8,401762840,Massachusetts,Buffalo,False,True,16.5,17.333333333333332,False,16.5,1.0,-0.8333333333333321,7.0,13.0
2025,4,401757260,Jacksonville State,Murray State,False,False,-35.5,-36.5,True,35.5,-1.0,1.0,7.0,7.0
2025,4,401761609,Georgia Southern,Maine,False,False,-22.0,-23.0,True,22.0,1.0,1.0,7.0,21.0
2025,5,401756904,Iowa State,Arizona,False,True,-4.0,-7.0,True,4.0,1.0,3.0,14.0,14.0
2025,4,401757265,Missouri State,UT Martin,False,False,-14.333333333333334,-13.75,True,14.333333333333334,1.0,-0.5833333333333339,7.0,13.0
2025,5,401762471,East Carolina,Army,False,True,-3.5,-3.0,True,3.5,1.0,-0.5,5.0,5.0
2025,4,401762821,Akron,Duquesne,False,False,-10.5,-8.5,True,10.5,1.0,-2.0,6.0,21.0
2025,7,401752735,Tennessee,Arkansas,False,True,-10.166666666666666,-13.166666666666666,True,10.166666666666666,-1.0,3.0,14.0,14.0
2025,6,401756914,TCU,Colorado,False,True,-13.833333333333334,-14.5,True,13.833333333333334,1.0,0.6666666666666661,7.0,6.0
2025,7,401760388,Colorado State,Fresno State,False,True,5.666666666666667,6.75,False,5.666666666666667,1.0,-1.083333333333333,6.0,5.0
2025,8,401762841,Miami (OH),Eastern Michigan,False,True,-12.166666666666666,-12.166666666666666,True,12.166666666666666,1.0,0.0,7.0,6.0
2025,8,401752740,Auburn,Missouri,False,True,1.5,-1.8333333333333333,False,1.5,-1.0,3.333333333333333,7.0,7.0
2025,5,401752720,Mississippi State,Tennessee,False,True,7.5,9.166666666666666,False,7.5,1.0,-1.666666666666666,7.0,7.0
2025,6,401752730,Texas A&M,Mississippi State,False,True,-17.5,-14.0,True,17.5,1.0,-3.5,7.0,7.0
2025,5,401761614,James Madison,Georgia Southern,False,True,-15.333333333333334,-15.0,True,15.333333333333334,1.0,-0.3333333333333339,6.0,6.0
2025,7,401757277,UTEP,Liberty,False,True,1.6666666666666667,2.6666666666666665,False,1.6666666666666667,-1.0,-0.9999999999999998,10.0,11.0
2025,6,401756913,Houston,Texas Tech,False,True,12.666666666666666,11.0,False,12.666666666666666,-1.0,1.666666666666666,7.0,14.0
2025,7,401762837,Kent State,Massachusetts,False,True,-1.3333333333333333,-2.6666666666666665,True,1.3333333333333333,1.0,1.3333333333333333,6.0,7.0
2025,7,401752737,Texas A&M,Florida,False,True,-6.833333333333333,-8.5,True,6.833333333333333,1.0,1.666666666666667,6.0,7.0
2025,8,401756924,BYU,Utah,False,True,4.5,3.1666666666666665,False,4.5,1.0,1.3333333333333335,7.0,6.0
2025,8,401761629,App State,Coastal Carolina,False,True,-10.5,-10.833333333333334,True,10.5,-1.0,0.3333333333333339,7.0,6.0
2025,5,401752853,Iowa,Indiana,False,True,9.166666666666666,4.333333333333333,False,9.166666666666666,1.0,4.833333333333333,7.0,6.0
2025,7,401757280,Kennesaw State,Louisiana Tech,False,True,4.833333333333333,5.833333333333333,False,4.833333333333333,1.0,-1.0,12.0,11.0
2025,7,401756917,Cincinnati,UCF,False,True,-10.333333333333334,-10.5,True,10.333333333333334,-1.0,0.16666666666666607,7.0,6.0
2025,5,401756908,West Virginia,Utah,False,True,13.166666666666666,10.833333333333334,False,13.166666666666666,-1.0,2.333333333333332,6.0,7.0
2025,6,401752857,Maryland,Washington,False,True,5.5,5.833333333333333,False,5.5,1.0,-0.33333333333333304,14.0,7.0
2025,7,401752732,LSU,South Carolina,False,True,-8.333333333333334,-10.0,True,8.333333333333334,1.0,1.666666666666666,14.0,14.0
2025,8,401756928,UCF,West Virginia,False,True,-6.5,-8.0,True,6.5,1.0,1.5,7.0,14.0
2025,5,401752850,Illinois,USC,False,True,6.5,3.1666666666666665,False,6.5,1.0,3.3333333333333335,6.0,6.0
2025,5,401762825,Ohio,Bowling Green,False,True,-7.666666666666667,-10.5,True,7.666666666666667,1.0,2.833333333333333,6.0,7.0
2025,7,401757279,Sam Houston,Jacksonville State,True,True,7.166666666666667,9.0,False,7.166666666666667,1.0,-1.833333333333333,6.0,12.0
2025,7,401761622,Georgia Southern,Southern Miss,False,True,2.8333333333333335,0.8333333333333334,False,2.8333333333333335,-1.0,2.0,12.0,12.0
2025,7,401761625,James Madison,Louisiana,False,True,-18.5,-17.166666666666668,True,18.5,-1.0,-1.3333333333333321,6.0,13.0
2025,8,401762843,Ohio,Northern Illinois,False,True,-10.833333333333334,-12.0,True,10.833333333333334,1.0,1.166666666666666,14.0,7.0
2025,8,401754569,Boston College,UConn,False,False,2.5,-2.0,False,2.5,-1.0,4.5,6.0,13.0
2025,7,401762483,Army,Charlotte,False,True,-17.5,-19.5,True,17.5,-1.0,2.0,7.0,7.0
2025,5,401752724,Texas A&M,Auburn,False,True,-6.5,-6.666666666666667,True,6.5,-1.0,0.16666666666666696,13.0,7.0
2025,5,401757271,Old Dominion,Liberty,False,False,-14.5,-13.166666666666666,True,14.5,-1.0,-1.333333333333334,13.0,7.0
2025,5,401762824,Toledo,Akron,False,True,-21.666666666666668,-21.166666666666668,True,21.666666666666668,1.0,-0.5,7.0,6.0
2025,8,401752744,South Carolina,Oklahoma,False,True,4.333333333333333,4.333333333333333,False,4.333333333333333,-1.0,0.0,6.0,6.0
2025,8,401762842,Toledo,Kent State,False,True,-25.333333333333332,-24.166666666666668,True,25.333333333333332,1.0,-1.1666666666666643,7.0,6.0
2025,7,401761626,Marshall,Old Dominion,False,True,14.5,13.666666666666666,False,14.5,1.0,0.8333333333333339,13.0,6.0
2025,7,401752867,Maryland,Nebraska,False,True,6.833333333333333,5.5,False,6.833333333333333,1.0,1.333333333333333,7.0,6.0
2025,8,401752739,Arkansas,Texas A&M,False,True,7.666666666666667,8.0,False,7.666666666666667,1.0,-0.33333333333333304,6.0,6.0
2025,8,401761630,Georgia Southern,Georgia State,False,True,-6.5,-6.333333333333333,True,6.5,1.0,-0.16666666666666696,8.0,7.0
2025,7,401754559,Florida State,Pittsburgh,False,True,-10.833333333333334,-9.166666666666666,True,10.833333333333334,-1.0,-1.6666666666666679,6.0,7.0
2025,7,401762484,Temple,Navy,False,True,10.166666666666666,8.5,False,10.166666666666666,1.0,1.666666666666666,7.0,7.0
2025,5,401762472,Florida Atlantic,Memphis,False,True,13.833333333333334,13.666666666666666,False,13.833333333333334,-1.0,0.16666666666666785,14.0,7.0
2025,8,401762489,Charlotte,Temple,False,True,9.666666666666666,11.666666666666666,False,9.666666666666666,-1.0,-2.0,7.0,6.0
2025,7,401762482,Florida Atlantic,UAB,False,True,-4.833333333333333,-4.833333333333333,True,4.833333333333333,1.0,0.0,6.0,7.0
2025,5,401754544,Boston College,California,False,True,-6.166666666666667,-5.666666666666667,True,6.166666666666667,-1.0,-0.5,13.0,6.0
2025,8,401752741,Florida,Mississippi State,False,True,-9.5,-9.666666666666666,True,9.5,-1.0,0.16666666666666607,6.0,13.0
2025,7,401761624,Georgia State,App State,False,True,2.8333333333333335,3.6666666666666665,False,2.8333333333333335,-1.0,-0.833333333333333,7.0,7.0
2025,8,401761633,UL Monroe,Troy,False,True,4.833333333333333,5.166666666666667,False,4.833333333333333,-1.0,-0.3333333333333339,6.0,6.0
2025,5,401760380,Northern Illinois,San Diego State,False,False,1.6666666666666667,2.6666666666666665,False,1.6666666666666667,-1.0,-0.9999999999999998,6.0,6.0
2025,8,401761632,Marshall,Texas State,False,True,2.8333333333333335,4.333333333333333,False,2.8333333333333335,1.0,-1.4999999999999996,7.0,6.0
2025,5,401752849,Minnesota,Rutgers,False,True,-3.6666666666666665,-4.5,True,3.6666666666666665,-1.0,0.8333333333333335,13.0,7.0
2025,8,401752878,Indiana,Michigan State,False,True,-26.5,-26.166666666666668,True,26.5,-1.0,-0.33333333333333215,7.0,7.0
2025,7,401752866,Penn State,Northwestern,False,True,-20.5,-21.833333333333332,True,20.5,-1.0,1.3333333333333321,7.0,7.0
2025,8,401752876,Rutgers,Oregon,False,True,17.833333333333332,15.833333333333334,False,17.833333333333332,-1.0,1.9999999999999982,7.0,7.0
2025,8,401757282,Liberty,New Mexico State,False,True,-10.833333333333334,-10.166666666666666,True,10.833333333333334,-1.0,-0.6666666666666679,5.0,11.0
2025,8,401762839,Bowling Green,Central Michigan,False,True,-3.1666666666666665,-6.0,True,3.1666666666666665,-1.0,2.8333333333333335,7.0,13.0
2025,5,401754546,Wake Forest,Georgia Tech,False,True,12.666666666666666,15.666666666666666,False,12.666666666666666,1.0,-3.0,15.0,6.0
2025,8,401762838,Ball State,Akron,False,True,1.0,-1.5,False,1.0,1.0,2.5,7.0,7.0
2025,5,401757170,Buffalo,UConn,False,False,2.8333333333333335,2.6666666666666665,False,2.8333333333333335,-1.0,0.16666666666666696,7.0,7.0
2025,7,401754560,Georgia Tech,Virginia Tech,False,True,-14.166666666666666,-14.5,True,14.166666666666666,1.0,0.3333333333333339,14.0,7.0
2025,7,401752863,Michigan State,UCLA,False,True,-6.833333333333333,-7.833333333333333,True,6.833333333333333,-1.0,1.0,6.0,6.0
2025,8,401752874,Northwestern,Purdue,False,True,-3.3333333333333335,-3.3333333333333335,True,3.3333333333333335,1.0,0.0,6.0,6.0
2025,8,401754568,Syracuse,Pittsburgh,False,True,9.166666666666666,11.166666666666666,False,9.166666666666666,-1.0,-2.0,14.0,7.0
2025,5,401754545,Syracuse,Duke,False,True,4.0,5.833333333333333,False,4.0,-1.0,-1.833333333333333,7.0,6.0
2025,5,401754547,Pittsburgh,Louisville,False,True,3.1666666666666665,4.166666666666667,False,3.1666666666666665,-1.0,-1.0000000000000004,13.0,7.0
2025,7,401762835,Bowling Green,Toledo,False,True,10.666666666666666,8.333333333333334,False,10.666666666666666,1.0,2.333333333333332,14.0,13.0
2025,8,401760394,Colorado State,Hawai'i,False,True,-2.6666666666666665,1.0,True,2.6666666666666665,-1.0,-3.6666666666666665,7.0,6.0
2025,8,401761628,South Alabama,Arkansas State,False,True,-8.5,-7.0,True,8.5,-1.0,-1.5,10.0,10.0
2025,5,401754548,NC State,Virginia Tech,False,True,-10.166666666666666,-9.5,True,10.166666666666666,-1.0,-0.6666666666666661,7.0,7.0
2025,7,401761623,Coastal Carolina,UL Monroe,False,True,2.8333333333333335,2.5,False,2.8333333333333335,1.0,0.3333333333333335,7.0,7.0
2025,8,401756925,Houston,Arizona,False,True,2.0,-2.0,False,2.0,1.0,4.0,7.0,6.0
2025,7,401762833,Akron,Miami (OH),False,True,11.666666666666666,9.666666666666666,False,11.666666666666666,-1.0,2.0,6.0,6.0
2025,5,401752725,Vanderbilt,Utah State,False,False,-23.666666666666668,-22.166666666666668,True,23.666666666666668,-1.0,-1.5,6.0,6.0
2025,5,401760378,Air Force,Hawai'i,False,True,-6.833333333333333,-4.833333333333333,True,6.833333333333333,-1.0,-2.0,6.0,6.0
2025,8,401757283,Jacksonville State,Delaware,False,True,2.8333333333333335,2.1666666666666665,False,2.8333333333333335,1.0,0.666666666666667,5.0,12.0
2025,8,401757284,Sam Houston,UTEP,True,True,3.5,-0.8333333333333334,False,3.5,-1.0,4.333333333333333,5.0,6.0
2025,8,401762486,East Carolina,Tulsa,False,True,-16.5,-16.166666666666668,True,16.5,-1.0,-0.33333333333333215,7.0,11.0
2025,8,401756927,TCU,Baylor,False,True,-3.5,-3.1666666666666665,True,3.5,1.0,-0.3333333333333335,6.0,14.0
2025,7,401756921,Texas Tech,Kansas,False,True,-13.5,-14.333333333333334,True,13.5,1.0,0.8333333333333339,7.0,7.0
2025,8,401752872,Minnesota,Nebraska,False,True,6.833333333333333,5.833333333333333,False,6.833333333333333,1.0,1.0,6.0,6.0
2025,8,401762491,North Texas,UTSA,False,True,-3.8333333333333335,-5.5,True,3.8333333333333335,1.0,1.6666666666666665,7.0,6.0
2025,7,401762836,Eastern Michigan,Northern Illinois,False,True,1.5,-0.3333333333333333,False,1.5,1.0,1.8333333333333333,6.0,6.0
2025,8,401761668,Louisiana,Southern Miss,False,True,4.333333333333333,3.6666666666666665,False,4.333333333333333,-1.0,0.6666666666666665,7.0,8.0
2025,5,401760379,Boise State,App State,False,False,-16.833333333333332,-17.166666666666668,True,16.833333333333332,1.0,0.3333333333333357,7.0,14.0
2025,8,401754371,California,North Carolina,False,True,-7.833333333333333,-12.166666666666666,True,7.833333333333333,-1.0,4.333333333333333,13.0,13.0
2025,7,401752733,Ole Miss,Washington State,False,False,-33.0,-32.5,True,33.0,-1.0,-0.5,13.0,13.0
2025,8,401762488,Tulane,Army,False,True,-10.0,-10.5,True,10.0,-1.0,0.5,8.0,7.0
2025,5,401762826,Central Michigan,Eastern Michigan,False,True,-3.1666666666666665,-5.333333333333333,True,3.1666666666666665,1.0,2.1666666666666665,7.0,6.0
2025,8,401752877,Wisconsin,Ohio State,False,True,24.5,27.333333333333332,False,24.5,-1.0,-2.833333333333332,6.0,7.0
2025,8,401757281,Western Kentucky,Florida International,False,True,-9.833333333333334,-8.5,True,9.833333333333334,-1.0,-1.333333333333334,11.0,10.0
2025,7,401756918,Colorado,Iowa State,False,True,2.8333333333333335,4.666666666666667,False,2.8333333333333335,1.0,-1.8333333333333335,6.0,7.0
2025,5,401752851,Northwestern,UCLA,False,True,-6.166666666666667,-6.166666666666667,True,6.166666666666667,-1.0,0.0,14.0,14.0
2025,5,401756905,Kansas,Cincinnati,False,True,-5.166666666666667,-5.833333333333333,True,5.166666666666667,-1.0,0.6666666666666661,6.0,13.0
2025,7,401762834,Western Michigan,Ball State,False,True,-9.5,-9.666666666666666,True,9.5,1.0,0.16666666666666607,7.0,7.0
2025,8,401762487,UAB,Memphis,False,True,23.5,21.5,False,23.5,1.0,2.0,6.0,13.0
2025,5,401762473,Navy,Rice,False,True,-14.166666666666666,-14.333333333333334,True,14.166666666666666,-1.0,0.16666666666666785,13.0,8.0
2025,8,401756926,Oklahoma State,Cincinnati,False,True,23.666666666666668,20.833333333333332,False,23.666666666666668,-1.0,2.8333333333333357,7.0,7.0
2025,7,401756916,Arizona,BYU,False,True,2.5,2.6666666666666665,False,2.5,-1.0,-0.16666666666666652,7.0,7.0
2025,7,401760387,Boise State,New Mexico,False,True,-14.833333333333334,-16.5,True,14.833333333333334,1.0,1.666666666666666,7.0,7.0
2025,5,401757274,New Mexico,New Mexico State,False,False,-16.833333333333332,-12.5,True,16.833333333333332,1.0,-4.333333333333332,14.0,13.0
2025,8,401760392,Air Force,Wyoming,False,True,-3.8333333333333335,-5.5,True,3.8333333333333335,-1.0,1.6666666666666665,7.0,6.0
2025,5,401757269,Southern Miss,Jacksonville State,False,False,-4.833333333333333,-3.5,True,4.833333333333333,1.0,-1.333333333333333,6.0,7.0
2025,8,401752951,Virginia,Washington State,False,False,-16.5,-18.0,True,16.5,-1.0,1.5,14.0,7.0
2025,7,401754561,SMU,Stanford,False,True,-19.5,-18.0,True,19.5,1.0,-1.5,6.0,13.0
2025,7,401761627,Texas State,Troy,False,True,-7.5,-10.333333333333334,True,7.5,-1.0,2.833333333333334,7.0,7.0
2025,8,401752743,Kentucky,Texas,False,True,12.666666666666666,12.666666666666666,False,12.666666666666666,1.0,0.0,14.0,7.0
2025,5,401762474,Tulsa,Tulane,False,True,14.5,13.833333333333334,False,14.5,-1.0,0.6666666666666661,7.0,7.0
2025,7,401756920,Oklahoma State,Houston,False,True,14.5,14.0,False,14.5,-1.0,0.5,6.0,6.0
2025,8,401754567,Stanford,Florida State,False,True,17.5,17.166666666666668,False,17.5,1.0,0.33333333333333215,7.0,7.0
2025,8,401760395,New Mexico,Nevada,False,True,-14.166666666666666,-10.5,True,14.166666666666666,-1.0,-3.666666666666666,7.0,6.0
2025,5,401752722,South Carolina,Kentucky,False,True,-5.666666666666667,-6.333333333333333,True,5.666666666666667,1.0,0.6666666666666661,7.0,14.0
2025,5,401761617,North Texas,South Alabama,False,False,-12.666666666666666,-12.0,True,12.666666666666666,1.0,-0.6666666666666661,7.0,6.0
2025,7,401754563,Oregon State,Wake Forest,False,False,1.5,2.5,False,1.5,-1.0,-1.0,7.0,7.0
2025,7,401760386,UNLV,Air Force,False,True,-7.166666666666667,-7.166666666666667,True,7.166666666666667,-1.0,0.0,6.0,7.0
2025,5,401756907,Oklahoma State,Baylor,False,True,21.166666666666668,19.5,False,21.166666666666668,1.0,1.6666666666666679,7.0,6.0
2025,8,401762490,South Florida,Florida Atlantic,False,True,-20.5,-21.166666666666668,True,20.5,1.0,0.6666666666666679,8.0,7.0
2025,8,401754565,Clemson,SMU,False,True,-4.166666666666667,-10.333333333333334,True,4.166666666666667,-1.0,6.166666666666667,6.0,7.0
2025,7,401756919,Kansas State,TCU,False,True,2.8333333333333335,1.8333333333333333,False,2.8333333333333335,1.0,1.0000000000000002,7.0,6.0
2025,5,401761615,Louisiana,Marshall,False,True,2.1666666666666665,-2.8333333333333335,False,2.1666666666666665,1.0,5.0,7.0,7.0
2025,5,401761616,UL Monroe,Arkansas State,False,True,-1.5,-2.6666666666666665,True,1.5,1.0,1.1666666666666665,6.0,6.0
2025,7,401762485,UTSA,Rice,False,True,-9.166666666666666,-12.0,True,9.166666666666666,1.0,2.833333333333334,7.0,7.0
2025,5,401752721,Missouri,Massachusetts,False,False,-44.5,-42.833333333333336,True,44.5,-1.0,-1.6666666666666643,7.0,14.0
2025,7,401760389,Hawai'i,Utah State,False,True,1.6666666666666667,-1.6666666666666667,False,1.6666666666666667,1.0,3.3333333333333335,14.0,14.0
2025,5,401757272,UTEP,Louisiana Tech,False,True,3.5,3.5,False,3.5,-1.0,0.0,7.0,7.0
2025,7,401760391,Wyoming,San José State,False,True,1.5,1.8333333333333333,False,1.5,1.0,-0.33333333333333326,7.0,7.0
2025,5,401757273,Missouri State,Western Kentucky,False,True,3.5,6.0,False,3.5,-1.0,-2.5,7.0,7.0
2025,5,401757270,Kennesaw State,Middle Tennessee,False,True,-7.166666666666667,-6.666666666666667,True,7.166666666666667,1.0,-0.5,7.0,6.0
2025,7,401752864,Minnesota,Purdue,False,True,-7.333333333333333,-10.0,True,7.333333333333333,-1.0,2.666666666666667,7.0,7.0
2025,7,401760390,Nevada,San Diego State,False,True,6.5,6.666666666666667,False,6.5,-1.0,-0.16666666666666696,7.0,8.0
2025,9,401754573,North Carolina,Virginia,False,True,11.666666666666666,9.5,False,11.666666666666666,1.0,2.166666666666666,7.0,6.0
2025,8,401752941,Oregon State,Lafayette,False,False,-21.166666666666668,-23.0,True,21.166666666666668,1.0,1.8333333333333321,7.0,51.0
2025,5,401756903,Colorado,BYU,False,True,6.5,5.666666666666667,False,6.5,1.0,0.833333333333333,7.0,7.0
2025,8,401754566,Duke,Georgia Tech,False,True,-3.5,-1.1666666666666667,True,3.5,-1.0,-2.333333333333333,13.0,6.0
2025,8,401752879,UCLA,Maryland,False,True,-4.0,-1.5,True,4.0,-1.0,-2.5,7.0,7.0
2025,9,401757288,New Mexico State,Missouri State,False,True,2.5,2.0,False,2.5,-1.0,0.5,8.0,14.0
2025,9,401752885,Indiana,UCLA,False,True,-27.166666666666668,-24.166666666666668,True,27.166666666666668,1.0,-3.0,6.0,6.0
2025,10,401752887,Maryland,Indiana,False,True,21.166666666666668,19.666666666666668,False,21.166666666666668,-1.0,1.5,13.0,7.0
2025,9,401754571,Georgia Tech,Syracuse,False,True,-17.5,-18.0,True,17.5,1.0,0.5,7.0,6.0
2025,7,401754558,Boston College,Clemson,False,True,13.833333333333334,13.5,False,13.833333333333334,-1.0,0.3333333333333339,7.0,7.0
2025,10,401752758,Texas,Vanderbilt,False,True,-3.5,-3.0,True,3.5,-1.0,-0.5,6.0,6.0
2025,10,401760401,Air Force,Army,False,False,1.3333333333333333,1.3333333333333333,False,1.3333333333333333,-1.0,0.0,13.0,14.0
2025,10,401752757,Tennessee,Oklahoma,False,True,-2.8333333333333335,-3.1666666666666665,True,2.8333333333333335,-1.0,0.33333333333333304,6.0,7.0
2025,10,401754579,NC State,Georgia Tech,False,True,4.333333333333333,5.833333333333333,False,4.333333333333333,1.0,-1.5,7.0,7.0
2025,5,401752950,Colorado State,Washington State,False,False,-5.166666666666667,-4.333333333333333,True,5.166666666666667,-1.0,-0.8333333333333339,6.0,7.0
2025,10,401757289,Kennesaw State,UTEP,False,True,-12.166666666666666,-9.333333333333334,True,12.166666666666666,1.0,-2.833333333333332,7.0,13.0
2025,11,401762501,Memphis,Tulane,False,True,-3.1666666666666665,-6.166666666666667,True,3.1666666666666665,-1.0,3.0000000000000004,7.0,8.0
2025,9,401752750,Oklahoma,Ole Miss,False,True,-5.5,-3.5,True,5.5,-1.0,-2.0,6.0,6.0
2025,9,401752752,Vanderbilt,Missouri,False,True,-3.1666666666666665,-2.3333333333333335,True,3.1666666666666665,1.0,-0.833333333333333,7.0,6.0
2025,9,401752749,Mississippi State,Texas,False,True,8.333333333333334,7.166666666666667,False,8.333333333333334,1.0,1.166666666666667,7.0,6.0
2025,11,401752761,Ole Miss,The Citadel,False,False,-51.833333333333336,-51.833333333333336,True,51.833333333333336,-1.0,0.0,6.0,
2025,9,401762494,Memphis,South Florida,False,True,3.5,1.3333333333333333,False,3.5,1.0,2.166666666666667,6.0,6.0
2025,9,401752880,Washington,Illinois,False,True,-3.3333333333333335,-4.666666666666667,True,3.3333333333333335,1.0,1.3333333333333335,7.0,14.0
2025,9,401757287,Delaware,Middle Tennessee,False,True,-8.666666666666666,-10.333333333333334,True,8.666666666666666,-1.0,1.6666666666666679,7.0,14.0
2025,9,401752884,Purdue,Rutgers,False,True,-2.5,2.5,True,2.5,-1.0,-5.0,6.0,6.0
2025,11,401757295,Delaware,Louisiana Tech,False,True,5.5,4.833333333333333,False,5.5,1.0,0.666666666666667,7.0,7.0
2025,5,401754549,Stanford,San José State,False,False,-3.1666666666666665,-1.8333333333333333,True,3.1666666666666665,-1.0,-1.3333333333333333,7.0,7.0
2025,10,401754575,Syracuse,North Carolina,False,True,-1.5,-1.75,True,1.5,-1.0,0.25,6.0,6.0
2025,12,401754597,Pittsburgh,Notre Dame,False,False,12.666666666666666,10.666666666666666,False,12.666666666666666,-1.0,2.0,13.0,6.0
2025,12,401754593,Duke,Virginia,False,True,-5.333333333333333,-6.166666666666667,True,5.333333333333333,-1.0,0.8333333333333339,7.0,6.0
2025,12,401756949,Baylor,Utah,False,True,9.5,8.666666666666666,False,9.5,-1.0,0.8333333333333339,14.0,13.0
2025,12,401752904,Oregon,Minnesota,False,True,-26.666666666666668,-22.333333333333332,True,26.666666666666668,1.0,-4.333333333333336,6.0,13.0
2025,12,401760414,UNLV,Utah State,False,True,-4.666666666666667,-5.0,True,4.666666666666667,-1.0,0.33333333333333304,6.0,6.0
2025,10,401756942,Utah,Cincinnati,False,True,-10.666666666666666,-6.666666666666667,True,10.666666666666666,1.0,-3.999999999999999,7.0,7.0
2025,11,401752762,Mississippi State,Georgia,False,True,9.5,8.5,False,9.5,-1.0,1.0,6.0,6.0
2025,12,401762860,Miami (OH),Toledo,False,True,5.833333333333333,2.8333333333333335,False,5.833333333333333,-1.0,2.9999999999999996,8.0,7.0
2025,12,401752945,Tulsa,Oregon State,False,False,-1.3333333333333333,-0.25,True,1.3333333333333333,1.0,-1.0833333333333333,6.0,6.0
2025,12,401762857,Western Michigan,Ohio,False,True,-1.5,1.8333333333333333,True,1.5,1.0,-3.333333333333333,10.0,7.0
2025,7,401752868,USC,Michigan,False,True,-2.8333333333333335,-0.8333333333333334,True,2.8333333333333335,1.0,-2.0,14.0,7.0
2025,9,401756931,Iowa State,BYU,False,True,-2.5,-1.0,True,2.5,-1.0,-1.5,14.0,6.0
2025,10,401762499,North Texas,Navy,False,True,-6.5,-5.5,True,6.5,1.0,-1.0,7.0,6.0
2025,10,401761639,Texas State,James Madison,False,True,7.333333333333333,6.333333333333333,False,7.333333333333333,-1.0,1.0,10.0,10.0
2025,12,401752769,Ole Miss,Florida,False,True,-10.833333333333334,-11.666666666666666,True,10.833333333333334,-1.0,0.8333333333333321,7.0,6.0
2025,12,401762510,Navy,South Florida,False,True,8.833333333333334,10.166666666666666,False,8.833333333333334,1.0,-1.3333333333333321,6.0,8.0
2025,12,401762858,Central Michigan,Buffalo,False,True,-2.3333333333333335,-2.3333333333333335,True,2.3333333333333335,1.0,0.0,11.0,11.0
2025,12,401762859,Massachusetts,Northern Illinois,False,True,9.166666666666666,11.0,False,9.166666666666666,-1.0,-1.833333333333334,8.0,7.0
2025,12,401752901,Indiana,Wisconsin,False,True,-28.0,-30.5,True,28.0,-1.0,2.5,7.0,6.0
2025,12,401754595,Miami,NC State,False,True,-16.166666666666668,-14.5,True,16.166666666666668,1.0,-1.6666666666666679,7.0,13.0
2025,12,401756952,Oklahoma State,Kansas State,False,True,19.5,20.0,False,19.5,1.0,-0.5,13.0,13.0
2025,12,401762856,Akron,Kent State,False,True,-7.5,-4.666666666666667,True,7.5,-1.0,-2.833333333333333,7.0,6.0
2025,12,401761649,Old Dominion,Troy,False,True,-9.666666666666666,-10.666666666666666,True,9.666666666666666,1.0,1.0,12.0,12.0
2025,9,401756930,Cincinnati,Baylor,False,True,-3.5,-4.833333333333333,True,3.5,1.0,1.333333333333333,6.0,7.0
2025,11,401756944,TCU,Iowa State,False,True,-7.5,-5.333333333333333,True,7.5,-1.0,-2.166666666666667,13.0,7.0
2025,10,401752892,Nebraska,USC,False,True,4.5,5.666666666666667,False,4.5,1.0,-1.166666666666667,7.0,14.0
2025,10,401762443,UTSA,Tulane,False,True,5.833333333333333,4.333333333333333,False,5.833333333333333,1.0,1.5,12.0,12.0
2025,12,401752905,Northwestern,Michigan,True,True,10.166666666666666,10.166666666666666,False,10.166666666666666,1.0,0.0,7.0,13.0
2025,10,401762497,Rice,Memphis,False,True,13.833333333333334,15.0,False,13.833333333333334,-1.0,-1.166666666666666,6.0,6.0
2025,4,401756900,Oklahoma State,Tulsa,False,False,-10.166666666666666,-13.5,True,10.166666666666666,-1.0,3.333333333333334,13.0,5.0
2025,9,401761634,Georgia State,South Alabama,False,True,5.833333333333333,6.333333333333333,False,5.833333333333333,-1.0,-0.5,5.0,9.0
2025,9,401752942,Wake Forest,SMU,False,True,5.5,3.8333333333333335,False,5.5,1.0,1.6666666666666665,13.0,6.0
2025,12,401756953,Texas Tech,UCF,False,True,-24.333333333333332,-23.5,True,24.333333333333332,1.0,-0.8333333333333321,7.0,7.0
2025,12,401752906,Illinois,Maryland,False,True,-16.166666666666668,-14.0,True,16.166666666666668,1.0,-2.166666666666668,14.0,7.0
2025,12,401752772,Texas A&M,South Carolina,False,True,-16.5,-18.166666666666668,True,16.5,-1.0,1.6666666666666679,6.0,13.0
2025,12,401752907,USC,Iowa,False,True,-6.5,-6.5,True,6.5,-1.0,0.0,7.0,7.0
2025,11,401752763,Missouri,Texas A&M,False,True,6.833333333333333,5.666666666666667,False,6.833333333333333,-1.0,1.166666666666666,14.0,13.0
2025,12,401756950,BYU,TCU,False,True,-2.8333333333333335,-5.333333333333333,True,2.8333333333333335,1.0,2.4999999999999996,7.0,7.0
2025,12,401752900,Ohio State,UCLA,False,True,-33.0,-31.166666666666668,True,33.0,1.0,-1.8333333333333321,7.0,6.0
2025,12,401756951,Cincinnati,Arizona,False,True,-6.0,-5.75,True,6.0,-1.0,-0.25,13.0,6.0
2025,12,401752902,Washington,Purdue,False,True,-14.833333333333334,-16.166666666666668,True,14.833333333333334,1.0,1.333333333333334,7.0,7.0
2025,9,401754372,Virginia Tech,California,False,True,-6.166666666666667,-3.1666666666666665,True,6.166666666666667,1.0,-3.0000000000000004,13.0,6.0
2025,11,401756945,Texas Tech,BYU,False,True,-13.5,-9.833333333333334,True,13.5,1.0,-3.666666666666666,6.0,13.0
2025,11,401752764,Vanderbilt,Auburn,False,True,-5.833333333333333,-6.833333333333333,True,5.833333333333333,1.0,1.0,7.0,6.0
2025,11,401752898,Iowa,Oregon,False,True,4.5,6.333333333333333,False,4.5,1.0,-1.833333333333333,14.0,13.0
2025,12,401762506,UAB,North Texas,False,True,17.5,18.333333333333332,False,17.5,-1.0,-0.8333333333333321,7.0,14.0
2025,12,401754596,Wake Forest,North Carolina,False,True,-3.5,-6.0,True,3.5,1.0,2.5,6.0,7.0
2025,4,401762468,Charlotte,Rice,False,True,1.6666666666666667,5.5,False,1.6666666666666667,-1.0,-3.833333333333333,5.0,5.0
2025,9,401761635,Old Dominion,App State,False,True,-13.166666666666666,-13.333333333333334,True,13.166666666666666,-1.0,0.16666666666666785,6.0,6.0
2025,10,401761642,South Alabama,Louisiana,False,True,-3.5,-4.666666666666667,True,3.5,-1.0,1.166666666666667,8.0,6.0
2025,11,401757166,Notre Dame,Navy,False,False,-30.5,-24.5,True,30.5,1.0,-6.0,7.0,7.0
2025,12,401754594,Florida State,Virginia Tech,False,True,-14.0,-11.5,True,14.0,1.0,-2.5,7.0,14.0
2025,11,401752895,UCLA,Nebraska,False,True,-2.0,-0.3333333333333333,True,2.0,-1.0,-1.6666666666666667,14.0,7.0
2025,11,401760408,Hawai'i,San Diego State,False,True,6.5,4.166666666666667,False,6.5,1.0,2.333333333333333,7.0,7.0
2025,10,401762498,Temple,East Carolina,False,True,5.333333333333333,4.5,False,5.333333333333333,-1.0,0.833333333333333,6.0,15.0
2025,12,401752770,Missouri,Mississippi State,False,True,-7.333333333333333,-6.0,True,7.333333333333333,1.0,-1.333333333333333,7.0,7.0
2025,9,401752746,Arkansas,Auburn,False,True,-2.5,-1.0,True,2.5,-1.0,-1.5,6.0,6.0
2025,10,401762849,Bowling Green,Buffalo,False,True,-2.5,-2.0,True,2.5,-1.0,-0.5,7.0,6.0
2025,4,401760376,Miami (OH),UNLV,False,False,1.8333333333333333,4.166666666666667,False,1.8333333333333333,-1.0,-2.333333333333334,13.0,13.0
2025,12,401761650,Georgia Southern,Coastal Carolina,False,True,-3.1666666666666665,-2.3333333333333335,True,3.1666666666666665,1.0,-0.833333333333333,8.0,7.0
2025,10,401754583,Boston College,Notre Dame,False,False,31.0,28.5,False,31.0,1.0,2.5,6.0,13.0
2025,4,401762469,Army,North Texas,False,True,2.5,-0.6666666666666666,False,2.5,-1.0,3.1666666666666665,13.0,6.0
2025,12,401757174,UConn,Air Force,False,False,-7.5,-7.833333333333333,True,7.5,1.0,0.33333333333333304,6.0,6.0
2025,9,401754574,Pittsburgh,NC State,False,True,-5.0,-7.833333333333333,True,5.0,1.0,2.833333333333333,6.0,14.0
2025,12,401762507,Charlotte,UTSA,False,True,17.0,18.0,False,17.0,-1.0,-1.0,6.0,8.0
2025,10,401754578,Florida State,Wake Forest,False,True,-12.666666666666666,-7.666666666666667,True,12.666666666666666,1.0,-4.999999999999999,13.0,7.0
2025,4,401761610,Eastern Michigan,Louisiana,False,False,2.1666666666666665,4.0,False,2.1666666666666665,1.0,-1.8333333333333335,6.0,7.0
2025,10,401754580,Virginia Tech,Louisville,False,True,10.5,10.666666666666666,False,10.5,-1.0,-0.16666666666666607,7.0,6.0
2025,4,401754640,UCF,North Carolina,False,False,-7.166666666666667,-5.5,True,7.166666666666667,1.0,-1.666666666666667,13.0,7.0
2025,9,401762844,Buffalo,Akron,False,True,-10.166666666666666,-10.5,True,10.166666666666666,-1.0,0.3333333333333339,6.0,6.0
2025,12,401761651,Georgia State,Marshall,False,True,9.5,6.166666666666667,False,9.5,-1.0,3.333333333333333,6.0,7.0
2025,6,401752860,Nebraska,Michigan State,False,True,-12.833333333333334,-10.333333333333334,True,12.833333333333334,-1.0,-2.5,14.0,13.0
2025,6,401754551,California,Duke,False,True,3.5,2.6666666666666665,False,3.5,-1.0,0.8333333333333335,7.0,7.0
2025,12,401761652,James Madison,App State,False,True,-20.666666666666668,-19.5,True,20.666666666666668,1.0,-1.1666666666666679,7.0,8.0
2025,10,401752890,Michigan,Purdue,False,True,-21.5,-21.0,True,21.5,-1.0,-0.5,6.0,7.0
2025,4,401754542,Georgia Tech,Temple,False,False,-24.5,-24.0,True,24.5,-1.0,-0.5,7.0,7.0
2025,9,401756935,West Virginia,TCU,False,True,16.5,14.666666666666666,False,16.5,1.0,1.833333333333334,7.0,7.0
2025,9,401762847,Central Michigan,Massachusetts,False,True,-16.833333333333332,-16.333333333333332,True,16.833333333333332,1.0,-0.5,7.0,7.0
2025,10,401752891,Illinois,Rutgers,False,True,-13.0,-12.333333333333334,True,13.0,1.0,-0.6666666666666661,6.0,7.0
2025,4,401754642,Louisville,Bowling Green,False,False,-26.166666666666668,-27.333333333333332,True,26.166666666666668,-1.0,1.1666666666666643,14.0,6.0
2025,12,401762508,East Carolina,Memphis,False,True,-2.8333333333333335,-2.6666666666666665,True,2.8333333333333335,1.0,-0.16666666666666696,7.0,7.0
2025,6,401754554,Louisville,Virginia,False,True,-6.5,-6.666666666666667,True,6.5,-1.0,0.16666666666666696,7.0,7.0
2025,12,401754592,Boston College,Georgia Tech,False,True,16.5,16.5,False,16.5,1.0,0.0,7.0,13.0
2025,4,401756898,East Carolina,BYU,False,False,6.166666666666667,8.0,False,6.166666666666667,-1.0,-1.833333333333333,7.0,13.0
2025,12,401762861,Ball State,Eastern Michigan,False,True,2.6666666666666665,2.8333333333333335,False,2.6666666666666665,-1.0,-0.16666666666666696,9.0,6.0
2025,10,401752888,Minnesota,Michigan State,False,True,-4.5,-5.0,True,4.5,-1.0,0.5,7.0,6.0
2025,9,401757172,Rice,UConn,False,False,10.0,9.666666666666666,False,10.0,1.0,0.3333333333333339,13.0,7.0
2025,6,401756912,Cincinnati,Iowa State,False,True,-1.6666666666666667,0.16666666666666666,True,1.6666666666666667,1.0,-1.8333333333333335,7.0,6.0
2025,12,401752903,Michigan State,Penn State,False,True,6.833333333333333,7.333333333333333,False,6.833333333333333,-1.0,-0.5,14.0,7.0
2025,4,401754537,Clemson,Syracuse,False,True,-17.5,-17.0,True,17.5,-1.0,-0.5,7.0,7.0
2025,10,401762850,Western Michigan,Central Michigan,False,True,-5.666666666666667,-6.0,True,5.666666666666667,-1.0,0.33333333333333304,7.0,7.0
2025,6,401760381,Navy,Air Force,False,False,-13.5,-11.333333333333334,True,13.5,-1.0,-2.166666666666666,6.0,6.0
2025,10,401756939,Iowa State,Arizona State,False,True,-7.833333333333333,-3.5,True,7.833333333333333,-1.0,-4.333333333333333,6.0,6.0
2025,4,401761613,Buffalo,Troy,False,False,-5.833333333333333,-5.0,True,5.833333333333333,-1.0,-0.833333333333333,7.0,7.0
2025,4,401754541,Florida State,Kent State,False,False,-45.0,-43.833333333333336,True,45.0,1.0,-1.1666666666666643,14.0,7.0
2025,10,401757173,UConn,UAB,False,False,-10.333333333333334,-11.833333333333334,True,10.333333333333334,1.0,1.5,6.0,13.0
2025,10,401756936,Baylor,UCF,False,True,-3.1666666666666665,-4.5,True,3.1666666666666665,1.0,1.3333333333333335,6.0,13.0
2025,4,401762820,Western Michigan,Toledo,False,True,12.666666666666666,12.666666666666666,False,12.666666666666666,1.0,0.0,6.0,7.0
2025,9,401754570,Louisville,Boston College,False,True,-25.5,-23.833333333333332,True,25.5,-1.0,-1.6666666666666679,8.0,7.0
2025,4,401754538,Duke,NC State,False,True,-3.1666666666666665,-2.6666666666666665,True,3.1666666666666665,1.0,-0.5,6.0,8.0
2025,10,401752943,Oregon State,Washington State,False,True,3.3333333333333335,3.6666666666666665,False,3.3333333333333335,1.0,-0.33333333333333304,13.0,7.0
2025,9,401754572,Miami,Stanford,False,True,-29.0,-30.0,True,29.0,1.0,1.0,8.0,6.0
2025,9,401752883,Nebraska,Northwestern,False,True,-7.166666666666667,-8.5,True,7.166666666666667,-1.0,1.333333333333333,7.0,6.0
2025,12,401761654,Southern Miss,Texas State,False,True,-3.1666666666666665,-6.5,True,3.1666666666666665,-1.0,3.3333333333333335,7.0,6.0
2025,4,401752715,Tennessee,UAB,False,False,-39.0,-39.0,True,39.0,-1.0,0.0,6.0,6.0
2025,9,401762846,Kent State,Bowling Green,False,True,7.5,9.0,False,7.5,1.0,-1.5,6.0,7.0
2025,6,401756909,BYU,West Virginia,False,True,-19.666666666666668,-19.5,True,19.666666666666668,-1.0,-0.16666666666666785,6.0,6.0
2025,12,401757300,Sam Houston,Delaware,True,True,12.166666666666666,8.0,False,12.166666666666666,1.0,4.166666666666666,6.0,7.0
2025,10,401760402,Boise State,Fresno State,False,True,-17.5,-17.833333333333332,True,17.5,-1.0,0.33333333333333215,7.0,7.0
2025,4,401761611,South Alabama,Coastal Carolina,False,True,-14.666666666666666,-14.333333333333334,True,14.666666666666666,-1.0,-0.33333333333333215,7.0,6.0
2025,6,401757275,New Mexico State,Sam Houston,False,True,2.0,2.0,False,2.0,1.0,0.0,5.0,12.0
2025,4,401756897,Colorado,Wyoming,False,False,-12.333333333333334,-14.166666666666666,True,12.333333333333334,1.0,1.8333333333333321,8.0,7.0
2025,4,401760373,Colorado State,UTSA,False,False,5.0,4.0,False,5.0,1.0,1.0,14.0,7.0
2025,6,401754550,Pittsburgh,Boston College,False,True,-6.666666666666667,-5.0,True,6.666666666666667,1.0,-1.666666666666667,7.0,6.0
2025,10,401756938,Houston,West Virginia,False,True,-13.0,-15.166666666666666,True,13.0,-1.0,2.166666666666666,6.0,6.0
2025,9,401762845,Northern Illinois,Ball State,False,True,-6.5,-5.166666666666667,True,6.5,1.0,-1.333333333333333,7.0,7.0
2025,9,401762874,Miami (OH),Western Michigan,False,True,-2.5,-2.6666666666666665,True,2.5,1.0,0.16666666666666652,7.0,14.0
2025,4,401756899,Kansas,West Virginia,False,True,-12.833333333333334,-12.0,True,12.833333333333334,1.0,-0.8333333333333339,14.0,7.0
2025,10,401754576,California,Virginia,False,True,6.166666666666667,4.0,False,6.166666666666667,-1.0,2.166666666666667,7.0,7.0
2025,10,401761643,Troy,Arkansas State,False,True,-7.666666666666667,-7.5,True,7.666666666666667,-1.0,-0.16666666666666696,7.0,7.0
2025,9,401762848,Eastern Michigan,Ohio,False,True,12.333333333333334,10.333333333333334,False,12.333333333333334,1.0,2.0,7.0,6.0
2025,12,401752768,LSU,Arkansas,False,True,-4.166666666666667,-6.166666666666667,True,4.166666666666667,-1.0,2.0,6.0,13.0
2025,10,401760404,UNLV,New Mexico,False,True,-3.8333333333333335,-5.333333333333333,True,3.8333333333333335,-1.0,1.4999999999999996,13.0,7.0
2025,4,401752711,Ole Miss,Tulane,False,False,-12.166666666666666,-12.833333333333334,True,12.166666666666666,1.0,0.6666666666666679,6.0,6.0
2025,10,401754582,Stanford,Pittsburgh,False,True,13.5,14.333333333333334,False,13.5,-1.0,-0.8333333333333339,6.0,7.0
2025,10,401752754,Auburn,Kentucky,False,True,-11.666666666666666,-10.166666666666666,True,11.666666666666666,-1.0,-1.5,7.0,6.0
2025,9,401761638,Troy,Louisiana,False,True,-7.166666666666667,-8.833333333333334,True,7.166666666666667,1.0,1.666666666666667,7.0,7.0
2025,4,401752708,Memphis,Arkansas,False,False,7.166666666666667,6.166666666666667,False,7.166666666666667,1.0,1.0,7.0,6.0
2025,6,401757276,Delaware,Western Kentucky,False,True,-2.6666666666666665,-0.6666666666666666,True,2.6666666666666665,-1.0,-2.0,13.0,6.0
2025,12,401761653,UL Monroe,South Alabama,False,True,4.0,3.6666666666666665,False,4.0,-1.0,0.3333333333333335,14.0,14.0
2025,12,401762509,Tulane,Florida Atlantic,False,True,-16.833333333333332,-16.5,True,16.833333333333332,-1.0,-0.33333333333333215,7.0,7.0
2025,10,401757293,Liberty,Delaware,False,True,-3.5,-3.0,True,3.5,1.0,-0.5,17.0,9.0
2025,4,401757169,UConn,Ball State,False,False,-21.0,-20.0,True,21.0,-1.0,-1.0,7.0,7.0
2025,11,401762851,Akron,Massachusetts,False,True,-12.166666666666666,-10.0,True,12.166666666666666,1.0,-2.166666666666666,10.0,10.0
2025,6,401760384,San José State,New Mexico,False,True,-2.0,-2.8333333333333335,True,2.0,1.0,0.8333333333333335,6.0,6.0
2025,9,401761637,Southern Miss,UL Monroe,False,True,-13.833333333333334,-10.666666666666666,True,13.833333333333334,1.0,-3.166666666666668,6.0,7.0
2025,4,401752712,Mississippi State,Northern Illinois,False,False,-24.0,-22.0,True,24.0,1.0,-2.0,6.0,14.0
2025,11,401762853,Ball State,Kent State,False,True,-3.1666666666666665,-3.0,True,3.1666666666666665,1.0,-0.16666666666666652,11.0,11.0
2025,10,401752756,Ole Miss,South Carolina,False,True,-13.0,-13.833333333333334,True,13.0,1.0,0.8333333333333339,7.0,7.0
2025,9,401760400,New Mexico,Utah State,False,True,-2.8333333333333335,-1.8333333333333333,True,2.8333333333333335,1.0,-1.0000000000000002,6.0,7.0
2025,4,401754539,Virginia,Stanford,False,True,-16.166666666666668,-15.666666666666666,True,16.166666666666668,1.0,-0.5000000000000018,7.0,6.0
2025,10,401757294,Western Kentucky,New Mexico State,False,True,-7.5,-9.166666666666666,True,7.5,1.0,1.666666666666666,10.0,9.0
2025,11,401762500,South Florida,UTSA,False,True,-13.833333333333334,-13.0,True,13.833333333333334,1.0,-0.8333333333333339,12.0,7.0
2025,12,401756948,Arizona State,West Virginia,False,True,-9.833333333333334,-10.666666666666666,True,9.833333333333334,-1.0,0.8333333333333321,14.0,7.0
2025,11,401761644,App State,Georgia Southern,False,True,-4.666666666666667,-5.666666666666667,True,4.666666666666667,-1.0,1.0,12.0,12.0
2025,10,401761641,UL Monroe,Old Dominion,False,True,16.666666666666668,14.5,False,16.666666666666668,-1.0,2.166666666666668,7.0,7.0
2025,4,401757262,Liberty,James Madison,False,False,7.5,10.833333333333334,False,7.5,-1.0,-3.333333333333334,6.0,14.0
2025,4,401760374,Hawai'i,Fresno State,False,True,2.5,3.5,False,2.5,1.0,-1.0,7.0,7.0
2025,6,401760382,San Diego State,Colorado State,False,True,-4.5,-5.666666666666667,True,4.5,1.0,1.166666666666667,6.0,6.0
2025,12,401760411,New Mexico,Colorado State,False,True,-15.333333333333334,-13.833333333333334,True,15.333333333333334,-1.0,-1.5,14.0,6.0
2025,10,401756940,Kansas,Oklahoma State,False,True,-24.666666666666668,-24.5,True,24.666666666666668,-1.0,-0.16666666666666785,7.0,7.0
2025,9,401760399,Fresno State,San Diego State,False,True,3.1666666666666665,2.5,False,3.1666666666666665,-1.0,0.6666666666666665,14.0,13.0
2025,6,401752940,App State,Oregon State,False,False,-2.0,-0.8333333333333334,True,2.0,1.0,-1.1666666666666665,6.0,7.0
2025,4,401757259,Florida International,Delaware,False,True,-4.5,-3.8333333333333335,True,4.5,-1.0,-0.6666666666666665,7.0,7.0
2025,12,401757302,Jacksonville State,Kennesaw State,False,True,3.6666666666666665,2.5,False,3.6666666666666665,1.0,1.1666666666666665,7.0,7.0
2025,11,401762854,Toledo,Northern Illinois,False,True,-15.166666666666666,-14.5,True,15.166666666666666,1.0,-0.6666666666666661,11.0,11.0
2025,4,401757261,Kennesaw State,Arkansas State,False,False,4.5,7.0,False,4.5,1.0,-2.5,7.0,7.0
2025,9,401752886,Oregon,Wisconsin,False,True,-31.333333333333332,-34.0,True,31.333333333333332,-1.0,2.666666666666668,7.0,7.0
2025,12,401757304,Missouri State,UTEP,False,True,-6.833333333333333,-4.333333333333333,True,6.833333333333333,1.0,-2.5,7.0,7.0
2025,10,401760405,San Diego State,Wyoming,False,True,-10.0,-10.5,True,10.0,1.0,0.5,7.0,6.0
2025,6,401761619,Old Dominion,Coastal Carolina,False,True,-19.0,-16.666666666666668,True,19.0,1.0,-2.333333333333332,7.0,13.0
2025,11,401752896,USC,Northwestern,False,True,-14.5,-15.666666666666666,True,14.5,1.0,1.166666666666666,6.0,13.0
2025,4,401757268,Western Kentucky,Nevada,False,False,-7.833333333333333,-11.5,True,7.833333333333333,1.0,3.666666666666667,14.0,7.0
2025,10,401760403,San José State,Hawai'i,False,True,-2.5,-2.1666666666666665,True,2.5,1.0,-0.3333333333333335,15.0,14.0
2025,11,401752760,Kentucky,Florida,False,True,4.833333333333333,4.166666666666667,False,4.833333333333333,1.0,0.6666666666666661,7.0,7.0
2025,4,401760372,Air Force,Boise State,False,True,11.0,8.666666666666666,False,11.0,-1.0,2.333333333333334,6.0,14.0
2025,9,401752952,Washington State,Toledo,False,False,1.6666666666666667,-0.5,False,1.6666666666666667,1.0,2.166666666666667,6.0,7.0
2025,12,401760410,San Diego State,Boise State,False,True,-2.0,-2.1666666666666665,True,2.0,1.0,0.16666666666666652,6.0,14.0
2025,12,401760413,Nevada,San José State,False,True,9.666666666666666,8.5,False,9.666666666666666,1.0,1.166666666666666,6.0,6.0
2025,6,401762830,Ball State,Ohio,False,True,14.166666666666666,16.833333333333332,False,14.166666666666666,1.0,-2.666666666666666,13.0,7.0
2025,10,401756937,Colorado,Arizona,False,True,3.6666666666666665,4.833333333333333,False,3.6666666666666665,-1.0,-1.1666666666666665,6.0,14.0
2025,12,401752771,Tennessee,New Mexico State,False,False,-41.5,-38.833333333333336,True,41.5,-1.0,-2.6666666666666643,13.0,7.0
2025,4,401752716,Vanderbilt,Georgia State,False,False,-27.333333333333332,-26.666666666666668,True,27.333333333333332,1.0,-0.6666666666666643,6.0,7.0
2025,9,401762493,Navy,Florida Atlantic,False,True,-14.5,-14.333333333333334,True,14.5,-1.0,-0.16666666666666607,13.0,6.0
2025,11,401752897,Purdue,Ohio State,False,True,29.666666666666668,28.5,False,29.666666666666668,1.0,1.1666666666666679,6.0,7.0
2025,4,401757263,Louisiana Tech,Southern Miss,False,False,-3.1666666666666665,-2.3333333333333335,True,3.1666666666666665,1.0,-0.833333333333333,7.0,7.0
2025,12,401757303,Western Kentucky,Middle Tennessee,False,True,-13.5,-13.666666666666666,True,13.5,1.0,0.16666666666666607,14.0,7.0
2025,9,401756933,Texas Tech,Oklahoma State,False,True,-37.0,-38.0,True,37.0,1.0,1.0,7.0,6.0
2025,6,401762829,Akron,Central Michigan,False,True,7.0,7.0,False,7.0,1.0,0.0,7.0,7.0
2025,10,401752753,Arkansas,Mississippi State,False,True,-5.333333333333333,-3.8333333333333335,True,5.333333333333333,-1.0,-1.4999999999999996,7.0,6.0
2025,11,401762852,Ohio,Miami (OH),False,True,-2.6666666666666665,-3.5,True,2.6666666666666665,1.0,0.8333333333333335,10.0,10.0
2025,12,401760412,Fresno State,Wyoming,False,True,-2.8333333333333335,-4.333333333333333,True,2.8333333333333335,1.0,1.4999999999999996,14.0,14.0
2025,9,401761636,Arkansas State,Georgia Southern,False,True,0.3333333333333333,-2.5,False,0.3333333333333333,1.0,2.8333333333333335,10.0,7.0
2025,10,401761640,Coastal Carolina,Marshall,False,True,7.166666666666667,3.8333333333333335,False,7.166666666666667,1.0,3.3333333333333335,12.0,12.0
2025,6,401762831,Buffalo,Eastern Michigan,False,True,-9.5,-9.833333333333334,True,9.5,-1.0,0.3333333333333339,7.0,7.0
2025,4,401757264,Middle Tennessee,Marshall,False,False,2.5,3.6666666666666665,False,2.5,-1.0,-1.1666666666666665,7.0,7.0
2025,12,401757301,Florida International,Liberty,False,True,3.1666666666666665,3.1666666666666665,False,3.1666666666666665,1.0,0.0,7.0,7.0
2025,4,401752723,Texas,Sam Houston,False,False,-39.5,-41.166666666666664,True,39.5,1.0,1.6666666666666643,7.0,13.0
2025,6,401754556,Virginia Tech,Wake Forest,False,True,-5.0,-5.666666666666667,True,5.0,-1.0,0.666666666666667,6.0,7.0
2025,9,401760398,Wyoming,Colorado State,False,True,-5.666666666666667,-4.333333333333333,True,5.666666666666667,1.0,-1.333333333333334,7.0,7.0
2025,12,401752953,Washington State,Louisiana Tech,False,False,-10.166666666666666,-5.5,True,10.166666666666666,1.0,-4.666666666666666,14.0,7.0
2025,4,401757267,UTEP,UL Monroe,False,False,-5.333333333333333,-3.5,True,5.333333333333333,-1.0,-1.833333333333333,7.0,14.0
2025,6,401762832,Massachusetts,Western Michigan,False,True,12.333333333333334,11.5,False,12.333333333333334,-1.0,0.8333333333333339,6.0,6.0
2025,10,401757292,Middle Tennessee,Jacksonville State,False,True,4.333333333333333,6.166666666666667,False,4.333333333333333,1.0,-1.833333333333334,7.0,14.0
2025,10,401754577,Clemson,Duke,False,True,-4.166666666666667,-3.5,True,4.166666666666667,-1.0,-0.666666666666667,13.0,14.0
2025,6,401761621,Troy,South Alabama,False,True,2.5,-2.8333333333333335,False,2.5,1.0,5.333333333333334,14.0,7.0
2025,9,401752882,Iowa,Minnesota,False,True,-7.333333333333333,-7.666666666666667,True,7.333333333333333,1.0,0.3333333333333339,6.0,7.0
2025,4,401754540,San Diego State,California,False,False,13.833333333333334,12.833333333333334,False,13.833333333333334,1.0,1.0,14.0,7.0
2025,6,401761618,Georgia State,James Madison,False,True,19.333333333333332,19.0,False,19.333333333333332,1.0,0.33333333333333215,13.0,7.0
2025,11,401756946,UCF,Houston,False,True,-1.3333333333333333,1.6666666666666667,True,1.3333333333333333,-1.0,-3.0,6.0,6.0
2025,6,401762478,Memphis,Tulsa,False,True,-21.166666666666668,-21.166666666666668,True,21.166666666666668,1.0,0.0,7.0,7.0
2025,6,401752858,Northwestern,UL Monroe,False,False,-12.833333333333334,-10.666666666666666,True,12.833333333333334,1.0,-2.166666666666668,7.0,7.0
2025,6,401752861,Purdue,Illinois,False,True,7.166666666666667,10.0,False,7.166666666666667,-1.0,-2.833333333333333,13.0,7.0
2025,11,401754584,Boston College,SMU,False,True,10.5,12.666666666666666,False,10.5,-1.0,-2.166666666666666,6.0,7.0
2025,10,401757291,Missouri State,Florida International,False,True,-3.1666666666666665,-3.3333333333333335,True,3.1666666666666665,1.0,0.16666666666666696,6.0,8.0
2025,10,401757290,Louisiana Tech,Sam Houston,False,True,-16.5,-17.0,True,16.5,1.0,0.5,10.0,16.0
2025,9,401760397,Nevada,Boise State,False,True,20.833333333333332,21.666666666666668,False,20.833333333333332,-1.0,-0.8333333333333357,6.0,6.0
2025,11,401756947,West Virginia,Colorado,False,True,-6.5,-5.5,True,6.5,1.0,-1.0,7.0,6.0
2025,11,401762503,Army,Temple,False,True,-7.166666666666667,-6.166666666666667,True,7.166666666666667,-1.0,-1.0,7.0,6.0
2025,6,401756910,Arizona,Oklahoma State,False,True,-22.166666666666668,-18.166666666666668,True,22.166666666666668,1.0,-4.0,6.0,6.0
2025,9,401762495,Tulsa,Temple,False,True,4.333333333333333,6.166666666666667,False,4.333333333333333,1.0,-1.833333333333334,8.0,7.0
2025,6,401762873,Northern Illinois,Miami (OH),False,True,4.666666666666667,2.8333333333333335,False,4.666666666666667,-1.0,1.8333333333333335,7.0,7.0
2025,6,401762477,Rice,Florida Atlantic,False,True,-4.666666666666667,-5.0,True,4.666666666666667,-1.0,0.33333333333333304,7.0,7.0
2025,6,401752855,UCLA,Penn State,False,True,24.5,26.0,False,24.5,1.0,-1.5,7.0,6.0
2025,9,401762492,Charlotte,North Texas,False,True,25.333333333333332,27.0,False,25.333333333333332,-1.0,-1.6666666666666679,6.0,6.0
2025,11,401762505,Florida Atlantic,Tulsa,False,True,-4.5,-5.5,True,4.5,1.0,1.0,14.0,14.0
2025,6,401754555,SMU,Syracuse,False,True,-17.5,-16.5,True,17.5,-1.0,-1.0,14.0,7.0
2025,11,401762504,East Carolina,Charlotte,False,True,-28.333333333333332,-27.833333333333332,True,28.333333333333332,-1.0,-0.5,7.0,14.0
2025,9,401756929,Arizona State,Houston,False,True,-7.333333333333333,-8.0,True,7.333333333333333,-1.0,0.666666666666667,7.0,7.0
2025,9,401752747,Kentucky,Tennessee,False,True,7.5,9.0,False,7.5,-1.0,-1.5,7.0,7.0
2025,6,401756911,Baylor,Kansas State,False,True,-4.666666666666667,-5.833333333333333,True,4.666666666666667,-1.0,1.166666666666666,6.0,7.0
2025,12,401752767,Kentucky,Tennessee Tech,False,False,-22.833333333333332,-22.5,True,22.833333333333332,1.0,-0.33333333333333215,6.0,
2025,11,401754587,Miami,Syracuse,False,True,-28.5,-28.0,True,28.5,-1.0,-0.5,7.0,7.0
2025,6,401762476,UAB,Army,False,True,6.5,8.0,False,6.5,-1.0,-1.5,13.0,8.0
2025,9,401757285,Florida International,Kennesaw State,False,True,2.8333333333333335,1.5,False,2.8333333333333335,-1.0,1.3333333333333335,6.0,12.0
2025,13,401752781,Texas A&M,Samford,False,False,-54.166666666666664,-54.5,True,54.166666666666664,-1.0,0.3333333333333357,7.0,70.0
2025,13,401754598,NC State,Florida State,False,True,6.666666666666667,4.166666666666667,False,6.666666666666667,1.0,2.5,6.0,6.0
2025,13,401760418,UNLV,Hawai'i,False,True,-2.5,-3.0,True,2.5,1.0,0.5,6.0,12.0
2025,9,401757286,Louisiana Tech,Western Kentucky,False,True,-5.0,-2.8333333333333335,True,5.0,-1.0,-2.1666666666666665,12.0,6.0
2025,6,401752729,Oklahoma,Kent State,False,False,-46.5,-45.5,True,46.5,-1.0,-1.0,14.0,14.0
2025,13,401752773,Alabama,Eastern Illinois,False,False,-51.333333333333336,-50.5,True,51.333333333333336,1.0,-0.8333333333333357,6.0,
2025,13,401752774,Auburn,Mercer,False,False,-26.333333333333332,-27.5,True,26.333333333333332,1.0,1.1666666666666679,13.0,
2025,6,401757171,UConn,Florida International,False,False,-6.833333333333333,-8.666666666666666,True,6.833333333333333,1.0,1.833333333333333,7.0,13.0
2025,13,401752913,Iowa,Michigan State,False,True,-17.5,-16.166666666666668,True,17.5,-1.0,-1.3333333333333321,7.0,7.0
2025,13,401754606,Wake Forest,Delaware,False,False,-17.5,-18.0,True,17.5,1.0,0.5,6.0,6.0
2025,13,401756957,Houston,TCU,False,True,1.5,-2.5,False,1.5,-1.0,4.0,14.0,6.0
2025,6,401760385,Wyoming,UNLV,False,True,4.333333333333333,5.333333333333333,False,4.333333333333333,-1.0,-1.0,13.0,14.0
2025,13,401754605,Clemson,Furman,False,False,-42.166666666666664,-41.5,True,42.166666666666664,-1.0,-0.6666666666666643,7.0,
2025,6,401761620,Arkansas State,Texas State,False,True,14.166666666666666,11.166666666666666,False,14.166666666666666,1.0,3.0,7.0,13.0
2025,11,401761646,Marshall,James Madison,False,True,13.5,12.5,False,13.5,1.0,1.0,8.0,10.0
2025,11,401761645,Coastal Carolina,Georgia State,False,True,-7.166666666666667,-7.166666666666667,True,7.166666666666667,1.0,0.0,8.0,15.0
2025,6,401760383,Fresno State,Nevada,False,True,-12.5,-13.833333333333334,True,12.5,-1.0,1.333333333333334,13.0,14.0
2025,13,401756959,UCF,Oklahoma State,False,True,-13.166666666666666,-14.0,True,13.166666666666666,-1.0,0.8333333333333339,7.0,7.0
2025,13,401761656,App State,Marshall,False,True,3.8333333333333335,3.6666666666666665,False,3.8333333333333335,1.0,0.16666666666666696,6.0,7.0
2025,13,401754604,Notre Dame,Syracuse,False,False,-36.666666666666664,-35.0,True,36.666666666666664,1.0,-1.6666666666666643,7.0,14.0
2025,13,401752914,Maryland,Michigan,False,True,13.833333333333334,12.166666666666666,False,13.833333333333334,-1.0,1.6666666666666679,7.0,7.0
2025,13,401762512,Army,Tulsa,False,True,-9.833333333333334,-10.666666666666666,True,9.833333333333334,-1.0,0.8333333333333321,14.0,6.0
2025,13,401754601,Georgia Tech,Pittsburgh,False,True,-2.5,-2.6666666666666665,True,2.5,-1.0,0.16666666666666652,7.0,7.0
2025,13,401752908,Penn State,Nebraska,False,True,-7.166666666666667,-8.833333333333334,True,7.166666666666667,1.0,1.666666666666667,7.0,13.0
2025,6,401762479,Temple,UTSA,False,True,6.5,6.5,False,6.5,1.0,0.0,13.0,13.0
2025,6,401756915,UCF,Kansas,False,True,3.8333333333333335,3.5,False,3.8333333333333335,-1.0,0.3333333333333335,7.0,7.0
2025,13,401762867,Toledo,Ball State,False,True,-29.166666666666668,-25.5,True,29.166666666666668,-1.0,-3.666666666666668,9.0,7.0
2025,13,401757175,Florida Atlantic,UConn,False,False,5.833333333333333,7.333333333333333,False,5.833333333333333,1.0,-1.5,6.0,7.0
2025,13,401752776,Georgia,Charlotte,False,False,-42.5,-44.666666666666664,True,42.5,-1.0,2.1666666666666643,6.0,7.0
2025,13,401762515,Temple,Tulane,False,True,7.5,8.333333333333334,False,7.5,-1.0,-0.8333333333333339,14.0,6.0
2025,13,401754599,Stanford,California,False,True,4.5,3.3333333333333335,False,4.5,1.0,1.1666666666666665,14.0,14.0
2025,11,401754585,Louisville,California,False,True,-18.333333333333332,-18.166666666666668,True,18.333333333333332,-1.0,-0.1666666666666643,7.0,7.0
2025,13,401752909,Northwestern,Minnesota,True,True,-4.166666666666667,-4.333333333333333,True,4.166666666666667,-1.0,0.16666666666666607,7.0,7.0
2025,13,401752782,Vanderbilt,Kentucky,False,True,-6.833333333333333,-9.333333333333334,True,6.833333333333333,1.0,2.500000000000001,13.0,7.0
2025,11,401754588,North Carolina,Stanford,False,True,-8.5,-8.333333333333334,True,8.5,-1.0,-0.16666666666666607,7.0,7.0
2025,13,401762864,Northern Illinois,Western Michigan,False,True,6.833333333333333,6.0,False,6.833333333333333,-1.0,0.833333333333333,6.0,6.0
2025,13,401762862,Bowling Green,Akron,False,True,-2.3333333333333335,-4.333333333333333,True,2.3333333333333335,-1.0,1.9999999999999996,10.0,6.0
2025,13,401762863,Ohio,Massachusetts,False,True,-33.833333333333336,-31.166666666666668,True,33.833333333333336,-1.0,-2.666666666666668,6.0,6.0
2025,13,401752779,South Carolina,Coastal Carolina,False,False,-24.0,-23.333333333333332,True,24.0,1.0,-0.6666666666666679,7.0,6.0
2025,13,401752912,Ohio State,Rutgers,False,True,-28.666666666666668,-32.833333333333336,True,28.666666666666668,1.0,4.166666666666668,6.0,13.0
2025,13,401761655,Arkansas State,Louisiana,False,True,-2.5,-3.3333333333333335,True,2.5,-1.0,0.8333333333333335,12.0,12.0
2025,13,401757306,Kennesaw State,Missouri State,False,True,-6.5,-5.666666666666667,True,6.5,1.0,-0.833333333333333,6.0,6.0
2025,11,401757299,Liberty,Missouri State,False,True,-7.666666666666667,-7.333333333333333,True,7.666666666666667,-1.0,-0.3333333333333339,6.0,9.0
2025,13,401762866,Kent State,Central Michigan,False,True,7.5,7.5,False,7.5,-1.0,0.0,7.0,7.0
2025,13,401762865,Buffalo,Miami (OH),False,True,2.5,-2.3333333333333335,False,2.5,-1.0,4.833333333333334,7.0,7.0
2025,13,401754603,Virginia Tech,Miami,False,True,17.833333333333332,16.333333333333332,False,17.833333333333332,1.0,1.5,6.0,6.0
2025,13,401761657,Georgia Southern,Old Dominion,False,True,10.166666666666666,9.833333333333334,False,10.166666666666666,-1.0,0.33333333333333215,6.0,8.0
2025,11,401762855,Eastern Michigan,Bowling Green,False,True,-3.1666666666666665,-1.8333333333333333,True,3.1666666666666665,1.0,-1.3333333333333333,14.0,7.0
2025,13,401756954,Arizona,Baylor,False,True,-6.5,-6.5,True,6.5,1.0,0.0,7.0,6.0
2025,13,401762513,UTSA,East Carolina,False,True,2.0,3.5,False,2.0,1.0,-1.5,7.0,6.0
2025,13,401760419,Wyoming,Nevada,False,True,-6.333333333333333,-7.666666666666667,True,6.333333333333333,-1.0,1.333333333333334,6.0,6.0
2025,11,401754589,Virginia,Wake Forest,False,True,-7.166666666666667,-6.666666666666667,True,7.166666666666667,-1.0,-0.5,7.0,7.0
2025,13,401761658,South Alabama,Southern Miss,False,True,2.5,2.8333333333333335,False,2.5,1.0,-0.3333333333333335,7.0,7.0
2025,13,401756955,Cincinnati,BYU,False,True,2.5,0.3333333333333333,False,2.5,-1.0,2.1666666666666665,7.0,6.0
2025,13,401760420,San Diego State,San José State,False,True,-9.833333333333334,-12.0,True,9.833333333333334,1.0,2.166666666666666,7.0,7.0
2025,13,401757307,Louisiana Tech,Liberty,False,True,1.3333333333333333,0.0,False,1.3333333333333333,1.0,1.3333333333333333,6.0,6.0
2025,11,401752894,Rutgers,Maryland,False,True,-1.5,-1.6666666666666667,True,1.5,1.0,0.16666666666666674,7.0,7.0
2025,13,401757308,Middle Tennessee,Sam Houston,False,True,-6.666666666666667,-5.833333333333333,True,6.666666666666667,1.0,-0.8333333333333339,6.0,6.0
2025,13,401752954,James Madison,Washington State,False,False,-15.333333333333334,-13.5,True,15.333333333333334,-1.0,-1.833333333333334,6.0,6.0
2025,13,401762511,UAB,South Florida,False,True,21.666666666666668,21.333333333333332,False,21.666666666666668,-1.0,0.3333333333333357,7.0,7.0
2025,13,401752777,LSU,Western Kentucky,False,False,-24.833333333333332,-22.166666666666668,True,24.833333333333332,-1.0,-2.6666666666666643,7.0,7.0
2025,11,401762502,Rice,UAB,False,True,-0.3333333333333333,-3.6666666666666665,True,0.3333333333333333,1.0,3.333333333333333,7.0,7.0
2025,11,401761648,Louisiana,Texas State,False,True,3.5,2.6666666666666665,False,3.5,1.0,0.8333333333333335,7.0,10.0
2025,13,401752780,Texas,Arkansas,False,True,-9.166666666666666,-10.333333333333334,True,9.166666666666666,1.0,1.1666666666666679,6.0,7.0
2025,13,401762514,Rice,North Texas,False,True,18.5,17.666666666666668,False,18.5,-1.0,0.8333333333333321,14.0,7.0
2025,13,401757309,UTEP,New Mexico State,False,True,-4.166666666666667,-3.0,True,4.166666666666667,-1.0,-1.166666666666667,7.0,6.0
2025,11,401752899,Wisconsin,Washington,False,True,10.5,12.0,False,10.5,1.0,-1.5,13.0,14.0
2025,11,401756943,Arizona,Kansas,False,True,-5.833333333333333,-5.0,True,5.833333333333333,-1.0,-0.833333333333333,6.0,7.0
2025,13,401761659,Texas State,UL Monroe,False,True,-20.5,-18.5,True,20.5,-1.0,-2.0,7.0,7.0
2025,11,401760407,Colorado State,UNLV,False,True,5.166666666666667,6.0,False,5.166666666666667,-1.0,-0.833333333333333,14.0,7.0
2025,13,401756958,Iowa State,Kansas,False,True,-3.3333333333333335,-4.0,True,3.3333333333333335,1.0,0.6666666666666665,13.0,13.0
2025,11,401757296,Middle Tennessee,Florida International,False,True,-1.6666666666666667,1.3333333333333333,True,1.6666666666666667,-1.0,-3.0,9.0,9.0
2025,13,401754602,SMU,Louisville,False,True,-3.8333333333333335,-2.6666666666666665,True,3.8333333333333335,1.0,-1.166666666666667,14.0,7.0
2025,11,401757297,UTEP,Jacksonville State,False,True,1.5,1.8333333333333333,False,1.5,-1.0,-0.33333333333333326,10.0,9.0
2025,11,401760406,San José State,Air Force,False,True,-6.166666666666667,-3.1666666666666665,True,6.166666666666667,-1.0,-3.0000000000000004,6.0,7.0
2025,13,401752915,Wisconsin,Illinois,False,True,8.833333333333334,9.333333333333334,False,8.833333333333334,1.0,-0.5,7.0,7.0
2025,11,401761647,Arkansas State,Southern Miss,False,True,6.5,5.0,False,6.5,1.0,1.5,6.0,13.0
2025,13,401760415,Air Force,New Mexico,False,True,3.5,2.0,False,3.5,-1.0,1.5,7.0,7.0
2025,11,401754590,UConn,Duke,False,False,7.666666666666667,9.166666666666666,False,7.666666666666667,1.0,-1.4999999999999991,7.0,7.0
2025,13,401760417,Fresno State,Utah State,False,True,-1.6666666666666667,-2.1666666666666665,True,1.6666666666666667,-1.0,0.4999999999999998,7.0,7.0
2025,11,401760409,Utah State,Nevada,False,True,-9.833333333333334,-11.0,True,9.833333333333334,1.0,1.166666666666666,14.0,14.0
2025,13,401757305,Florida International,Jacksonville State,False,True,-2.5,-0.3333333333333333,True,2.5,1.0,-2.1666666666666665,6.0,6.0
2025,11,401757298,New Mexico State,Kennesaw State,False,True,11.166666666666666,7.0,False,11.166666666666666,1.0,4.166666666666666,7.0,10.0
2025,13,401761660,Troy,Georgia State,False,True,-9.833333333333334,-10.833333333333334,True,9.833333333333334,1.0,1.0,8.0,7.0
2025,11,401752944,Oregon State,Sam Houston,False,False,-21.166666666666668,-18.166666666666668,True,21.166666666666668,-1.0,-3.0,7.0,8.0
2025,13,401760416,Boise State,Colorado State,False,True,-17.333333333333332,-16.833333333333332,True,17.333333333333332,1.0,-0.5,6.0,7.0
